"scenario","ratio_value","setting_seed","repetition","x_stop","n_target_total","n_marker_actual","n_target_band","x_end","x_count","n_count","c_true","c_hat","sigma_L","valid","invalid_reason"
"Beta right-high",5,303123,1,333,525000,107767,26083,0.349047223784158,333,67,525000,521865.671641791,13.7137860660992,TRUE,NA
"Beta right-high",5,303123,1,800,525000,107767,26083,0.423472434029858,800,162,525000,518518.518518519,9.11112297991595,TRUE,NA
"Beta right-high",5,303123,2,333,525000,104749,26419,0.354687804539381,333,66,525000,529772.727272727,13.7959903029324,TRUE,NA
"Beta right-high",5,303123,2,800,525000,104749,26419,0.426463019236088,800,178,525000,471910.112359551,8.80136024568492,TRUE,NA
"Beta right-high",5,303123,3,333,525000,109290,26089,0.353069568522652,333,66,525000,529772.727272727,13.7959903029324,TRUE,NA
"Beta right-high",5,303123,3,800,525000,109290,26089,0.429994857349709,800,171,525000,491228.070175439,8.93105251676233,TRUE,NA
"Beta right-high",5,303123,4,333,525000,110882,26227,0.351279483385938,333,77,525000,454090.909090909,12.9878530478899,TRUE,NA
"Beta right-high",5,303123,4,800,525000,110882,26227,0.422205121457635,800,185,525000,454054.054054054,8.67975926782984,TRUE,NA
"Beta right-high",5,303123,5,333,525000,103349,26592,0.352806531582993,333,63,525000,555000,14.0550473372953,TRUE,NA
"Beta right-high",5,303123,5,800,525000,103349,26592,0.429241602875078,800,161,525000,521739.130434783,9.13213929677269,TRUE,NA
"Beta right-high",5,303123,6,333,525000,102563,26287,0.35656993257378,333,76,525000,460065.789473684,13.0534724993725,TRUE,NA
"Beta right-high",5,303123,6,800,525000,102563,26287,0.425763511296694,800,173,525000,485549.132947977,8.89312291051442,TRUE,NA
"Beta right-high",5,303123,7,333,525000,106747,26036,0.351379329222892,333,79,525000,442594.936708861,12.860656103188,TRUE,NA
"Beta right-high",5,303123,7,800,525000,106747,26036,0.42278803287767,800,168,525000,5e+05,8.98932569313369,TRUE,NA
"Beta right-high",5,303123,8,333,525000,102077,26180,0.353385652619142,333,72,525000,485625,13.3305320903684,TRUE,NA
"Beta right-high",5,303123,8,800,525000,102077,26180,0.426867445847762,800,170,525000,494117.647058824,8.95029029167148,TRUE,NA
"Beta right-high",5,303123,9,333,525000,105262,26192,0.359726353738641,333,60,525000,582750,14.3346037123501,TRUE,NA
"Beta right-high",5,303123,9,800,525000,105262,26192,0.43191649879062,800,176,525000,477272.727272727,8.83755332157073,TRUE,NA
"Beta right-high",5,303123,10,333,525000,103854,26500,0.356607007030528,333,83,525000,421265.060240964,12.6212568563633,TRUE,NA
"Beta right-high",5,303123,10,800,525000,103854,26500,0.426485172288624,800,188,525000,446808.510638298,8.6299279403206,TRUE,NA
"Beta right-high",5,303123,11,333,525000,103979,26304,0.362080072105959,333,71,525000,492464.788732394,13.4037034936613,TRUE,NA
"Beta right-high",5,303123,11,800,525000,103979,26304,0.426344104682555,800,166,525000,506024.096385542,9.02912679880207,TRUE,NA
"Beta right-high",5,303123,12,333,525000,108747,26411,0.34832238321159,333,58,525000,602844.827586207,14.5336846679327,TRUE,NA
"Beta right-high",5,303123,12,800,525000,108747,26411,0.423188616459263,800,166,525000,506024.096385542,9.02912679880207,TRUE,NA
"Beta right-high",5,303123,13,333,525000,101416,25968,0.356182991341668,333,66,525000,529772.727272727,13.7959903029324,TRUE,NA
"Beta right-high",5,303123,13,800,525000,101416,25968,0.424587009420341,800,153,525000,549019.607843137,9.30825676577559,TRUE,NA
"Beta right-high",5,303123,14,333,525000,103561,26067,0.35208224351524,333,63,525000,555000,14.0550473372953,TRUE,NA
"Beta right-high",5,303123,14,800,525000,103561,26067,0.424764564643485,800,163,525000,515337.423312883,9.09031683413498,TRUE,NA
"Beta right-high",5,303123,15,333,525000,103213,26153,0.356458082328668,333,55,525000,635727.272727273,14.853699160197,TRUE,NA
"Beta right-high",5,303123,15,800,525000,103213,26153,0.426944035140884,800,135,525000,622222.222222222,9.76515442619819,TRUE,NA
"Beta right-high",5,303123,16,333,525000,105366,26387,0.356379039330785,333,66,525000,529772.727272727,13.7959903029324,TRUE,NA
"Beta right-high",5,303123,16,800,525000,105366,26387,0.427302504273895,800,183,525000,459016.393442623,8.71372340831366,TRUE,NA
"Beta right-high",5,303123,17,333,525000,106949,26292,0.351516132227274,333,72,525000,485625,13.3305320903684,TRUE,NA
"Beta right-high",5,303123,17,800,525000,106949,26292,0.425682470343608,800,173,525000,485549.132947977,8.89312291051442,TRUE,NA
"Beta right-high",5,303123,18,333,525000,102127,26152,0.358857991461921,333,67,525000,521865.671641791,13.7137860660992,TRUE,NA
"Beta right-high",5,303123,18,800,525000,102127,26152,0.430496263520892,800,162,525000,518518.518518519,9.11112297991595,TRUE,NA
"Beta right-high",5,303123,19,333,525000,101580,26348,0.355749508833633,333,78,525000,448269.230769231,12.9235956733636,TRUE,NA
"Beta right-high",5,303123,19,800,525000,101580,26348,0.423736368233906,800,149,525000,563758.389261745,9.4020349315005,TRUE,NA
"Beta right-high",5,303123,20,333,525000,100387,26352,0.351101341710684,333,62,525000,563951.612903226,14.1458304635712,TRUE,NA
"Beta right-high",5,303123,20,800,525000,100387,26352,0.42626593674667,800,158,525000,531645.569620253,9.19648335691042,TRUE,NA
"Beta right-high",5,303123,21,333,525000,100713,26304,0.351692691624764,333,58,525000,602844.827586207,14.5336846679327,TRUE,NA
"Beta right-high",5,303123,21,800,525000,100713,26304,0.425948234618467,800,154,525000,545454.545454545,9.28543116007485,TRUE,NA
"Beta right-high",5,303123,22,333,525000,105070,25928,0.352045256275119,333,67,525000,521865.671641791,13.7137860660992,TRUE,NA
"Beta right-high",5,303123,22,800,525000,105070,25928,0.424372271528689,800,155,525000,541935.483870968,9.26284491534227,TRUE,NA
"Beta right-high",5,303123,23,333,525000,105132,26167,0.3564641418845,333,65,525000,537923.076923077,13.8802143632441,TRUE,NA
"Beta right-high",5,303123,23,800,525000,105132,26167,0.428309714244712,800,153,525000,549019.607843137,9.30825676577559,TRUE,NA
"Beta right-high",5,303123,24,333,525000,104968,26346,0.348568285888834,333,67,525000,521865.671641791,13.7137860660992,TRUE,NA
"Beta right-high",5,303123,24,800,525000,104968,26346,0.421694684423884,800,157,525000,535031.847133758,9.21837482473715,TRUE,NA
"Beta right-high",5,303123,25,333,525000,103856,25969,0.354686287532441,333,59,525000,592627.118644068,14.4328002254304,TRUE,NA
"Beta right-high",5,303123,25,800,525000,103856,25969,0.426524179420811,800,157,525000,535031.847133758,9.21837482473715,TRUE,NA
"Beta right-high",5,303123,26,333,525000,104999,26118,0.349170376354938,333,75,525000,466200,13.1205003813417,TRUE,NA
"Beta right-high",5,303123,26,800,525000,104999,26118,0.419211548274216,800,159,525000,528301.886792453,9.17481600112124,TRUE,NA
"Beta right-high",5,303123,27,333,525000,105163,25978,0.351679527643478,333,66,525000,529772.727272727,13.7959903029324,TRUE,NA
"Beta right-high",5,303123,27,800,525000,105163,25978,0.423396256919822,800,163,525000,515337.423312883,9.09031683413498,TRUE,NA
"Beta right-high",5,303123,28,333,525000,109829,26314,0.349770480649307,333,63,525000,555000,14.0550473372953,TRUE,NA
"Beta right-high",5,303123,28,800,525000,109829,26314,0.418581298135433,800,158,525000,531645.569620253,9.19648335691042,TRUE,NA
"Beta right-high",5,303123,29,333,525000,97485,26515,0.354294914458217,333,65,525000,537923.076923077,13.8802143632441,TRUE,NA
"Beta right-high",5,303123,29,800,525000,97485,26515,0.425081648594916,800,142,525000,591549.295774648,9.57636163188774,TRUE,NA
"Beta right-high",5,303123,30,333,525000,102043,26194,0.35723001901039,333,78,525000,448269.230769231,12.9235956733636,TRUE,NA
"Beta right-high",5,303123,30,800,525000,102043,26194,0.427815282487398,800,167,525000,502994.011976048,9.00912905970284,TRUE,NA
"Beta right-high",5,303123,31,333,525000,105546,26277,0.355388839593432,333,57,525000,613421.052631579,14.6373765892212,TRUE,NA
"Beta right-high",5,303123,31,800,525000,105546,26277,0.429048606724666,800,148,525000,567567.567567568,9.42611979878208,TRUE,NA
"Beta right-high",5,303123,32,333,525000,107700,26173,0.358900856469234,333,63,525000,555000,14.0550473372953,TRUE,NA
"Beta right-high",5,303123,32,800,525000,107700,26173,0.428487136058482,800,153,525000,549019.607843137,9.30825676577559,TRUE,NA
"Beta right-high",5,303123,33,333,525000,102562,26275,0.352852362480852,333,76,525000,460065.789473684,13.0534724993725,TRUE,NA
"Beta right-high",5,303123,33,800,525000,102562,26275,0.425006088873402,800,167,525000,502994.011976048,9.00912905970284,TRUE,NA
"Beta right-high",5,303123,34,333,525000,107133,26124,0.349608693910632,333,61,525000,573196.721311475,14.2389825181774,TRUE,NA
"Beta right-high",5,303123,34,800,525000,107133,26124,0.42369357254591,800,151,525000,556291.390728477,9.35464229440858,TRUE,NA
"Beta right-high",5,303123,35,333,525000,105882,26311,0.352019173998926,333,52,525000,672403.846153846,15.2026934860618,TRUE,NA
"Beta right-high",5,303123,35,800,525000,105882,26311,0.426713604588318,800,142,525000,591549.295774648,9.57636163188774,TRUE,NA
"Beta right-high",5,303123,36,333,525000,101399,26301,0.365935150786663,333,64,525000,546328.125,13.9665384732028,TRUE,NA
"Beta right-high",5,303123,36,800,525000,101399,26301,0.432709647505706,800,131,525000,641221.374045802,9.88028566166077,TRUE,NA
"Beta right-high",5,303123,37,333,525000,104782,26230,0.361353644112021,333,74,525000,472500,13.1889852550751,TRUE,NA
"Beta right-high",5,303123,37,800,525000,104782,26230,0.429774562795249,800,177,525000,474576.271186441,8.81937310893847,TRUE,NA
"Beta right-high",5,303123,38,333,525000,102584,26060,0.354192276181148,333,55,525000,635727.272727273,14.853699160197,TRUE,NA
"Beta right-high",5,303123,38,800,525000,102584,26060,0.426835779572192,800,155,525000,541935.483870968,9.26284491534227,TRUE,NA
"Beta right-high",5,303123,39,333,525000,100357,25947,0.354577360805598,333,50,525000,699300,15.4536143643956,TRUE,NA
"Beta right-high",5,303123,39,800,525000,100357,25947,0.424773707532179,800,134,525000,626865.671641791,9.79341781836483,TRUE,NA
"Beta right-high",5,303123,40,333,525000,104215,26233,0.355804848210472,333,75,525000,466200,13.1205003813417,TRUE,NA
"Beta right-high",5,303123,40,800,525000,104215,26233,0.429606104115689,800,160,525000,525000,9.15336915531238,TRUE,NA
"Beta right-high",5,303123,41,333,525000,109671,26152,0.357799802412022,333,69,525000,506739.130434783,13.5551367811372,TRUE,NA
"Beta right-high",5,303123,41,800,525000,109671,26152,0.424597021556791,800,173,525000,485549.132947977,8.89312291051442,TRUE,NA
"Beta right-high",5,303123,42,333,525000,102173,26170,0.35132284421002,333,62,525000,563951.612903226,14.1458304635712,TRUE,NA
"Beta right-high",5,303123,42,800,525000,102173,26170,0.428862258437227,800,178,525000,471910.112359551,8.80136024568492,TRUE,NA
"Beta right-high",5,303123,43,333,525000,105692,26399,0.353770006462291,333,70,525000,499500,13.478551100938,TRUE,NA
"Beta right-high",5,303123,43,800,525000,105692,26399,0.420808130554277,800,150,525000,560000,9.37821057345647,TRUE,NA
"Beta right-high",5,303123,44,333,525000,101251,25922,0.355919631362958,333,59,525000,592627.118644068,14.4328002254304,TRUE,NA
"Beta right-high",5,303123,44,800,525000,101251,25922,0.427457233453357,800,136,525000,617647.058823529,9.7372264355991,TRUE,NA
"Beta right-high",5,303123,45,333,525000,108085,26355,0.347573895614524,333,60,525000,582750,14.3346037123501,TRUE,NA
"Beta right-high",5,303123,45,800,525000,108085,26355,0.417155620823767,800,159,525000,528301.886792453,9.17481600112124,TRUE,NA
"Beta right-high",5,303123,46,333,525000,104628,26283,0.354247964434439,333,61,525000,573196.721311475,14.2389825181774,TRUE,NA
"Beta right-high",5,303123,46,800,525000,104628,26283,0.422832448458676,800,168,525000,5e+05,8.98932569313369,TRUE,NA
"Beta right-high",5,303123,47,333,525000,101625,26361,0.357046859371331,333,69,525000,506739.130434783,13.5551367811372,TRUE,NA
"Beta right-high",5,303123,47,800,525000,101625,26361,0.426761499112136,800,168,525000,5e+05,8.98932569313369,TRUE,NA
"Beta right-high",5,303123,48,333,525000,101697,26342,0.354474160558538,333,74,525000,472500,13.1889852550751,TRUE,NA
"Beta right-high",5,303123,48,800,525000,101697,26342,0.426385394124929,800,156,525000,538461.538461538,9.24049408830438,TRUE,NA
"Beta right-high",5,303123,49,333,525000,109682,26378,0.347593744519446,333,60,525000,582750,14.3346037123501,TRUE,NA
"Beta right-high",5,303123,49,800,525000,109682,26378,0.422990837731466,800,159,525000,528301.886792453,9.17481600112124,TRUE,NA
"Beta right-high",5,303123,50,333,525000,110453,26050,0.352442050524563,333,65,525000,537923.076923077,13.8802143632441,TRUE,NA
"Beta right-high",5,303123,50,800,525000,110453,26050,0.423140298362125,800,154,525000,545454.545454545,9.28543116007485,TRUE,NA
"Beta right-high",5,303123,51,333,525000,101817,26170,0.354860091165187,333,84,525000,416250,12.5643072220904,TRUE,NA
"Beta right-high",5,303123,51,800,525000,101817,26170,0.426391752212234,800,161,525000,521739.130434783,9.13213929677269,TRUE,NA
"Beta right-high",5,303123,52,333,525000,105857,26341,0.352474128733589,333,53,525000,659716.981132075,15.0828857386931,TRUE,NA
"Beta right-high",5,303123,52,800,525000,105857,26341,0.424085119654999,800,152,525000,552631.578947368,9.33132576741561,TRUE,NA
"Beta right-high",5,303123,53,333,525000,106813,26148,0.355235795382896,333,51,525000,685588.235294118,15.3262072378003,TRUE,NA
"Beta right-high",5,303123,53,800,525000,106813,26148,0.428977171201492,800,162,525000,518518.518518519,9.11112297991595,TRUE,NA
"Beta right-high",5,303123,54,333,525000,109528,26235,0.355297136783477,333,89,525000,392865.168539326,12.2952733798502,TRUE,NA
"Beta right-high",5,303123,54,800,525000,109528,26235,0.42446067758133,800,188,525000,446808.510638298,8.6299279403206,TRUE,NA
"Beta right-high",5,303123,55,333,525000,103143,26047,0.350042191704113,333,70,525000,499500,13.478551100938,TRUE,NA
"Beta right-high",5,303123,55,800,525000,103143,26047,0.42256832717749,800,143,525000,587412.587412587,9.55061447360817,TRUE,NA
"Beta right-high",5,303123,56,333,525000,109315,26220,0.361013371067397,333,79,525000,442594.936708861,12.860656103188,TRUE,NA
"Beta right-high",5,303123,56,800,525000,109315,26220,0.427131018172497,800,167,525000,502994.011976048,9.00912905970284,TRUE,NA
"Beta right-high",5,303123,57,333,525000,107517,26059,0.364852972067447,333,77,525000,454090.909090909,12.9878530478899,TRUE,NA
"Beta right-high",5,303123,57,800,525000,107517,26059,0.43102986523928,800,160,525000,525000,9.15336915531238,TRUE,NA
"Beta right-high",5,303123,58,333,525000,106134,26365,0.358338903168045,333,73,525000,478972.602739726,13.2589780259761,TRUE,NA
"Beta right-high",5,303123,58,800,525000,106134,26365,0.425432719062767,800,168,525000,5e+05,8.98932569313369,TRUE,NA
"Beta right-high",5,303123,59,333,525000,101369,26178,0.35150776247026,333,72,525000,485625,13.3305320903684,TRUE,NA
"Beta right-high",5,303123,59,800,525000,101369,26178,0.420383565210697,800,153,525000,549019.607843137,9.30825676577559,TRUE,NA
"Beta right-high",5,303123,60,333,525000,99455,26209,0.349383361005152,333,59,525000,592627.118644068,14.4328002254304,TRUE,NA
"Beta right-high",5,303123,60,800,525000,99455,26209,0.416772154894931,800,127,525000,661417.322834646,10.0012161447365,TRUE,NA
"Beta right-high",5,303123,61,333,525000,107227,26197,0.35181602078349,333,62,525000,563951.612903226,14.1458304635712,TRUE,NA
"Beta right-high",5,303123,61,800,525000,107227,26197,0.424768286229787,800,157,525000,535031.847133758,9.21837482473715,TRUE,NA
"Beta right-high",5,303123,62,333,525000,101602,26013,0.356472259336419,333,75,525000,466200,13.1205003813417,TRUE,NA
"Beta right-high",5,303123,62,800,525000,101602,26013,0.428271292954365,800,181,525000,464088.397790055,8.74830187396128,TRUE,NA
"Beta right-high",5,303123,63,333,525000,110661,26148,0.35746795204401,333,74,525000,472500,13.1889852550751,TRUE,NA
"Beta right-high",5,303123,63,800,525000,110661,26148,0.428265199446127,800,175,525000,480000,8.85590334388769,TRUE,NA
"Beta right-high",5,303123,64,333,525000,105198,26286,0.358674524437867,333,68,525000,514191.176470588,13.633525606125,TRUE,NA
"Beta right-high",5,303123,64,800,525000,105198,26286,0.428690656903251,800,168,525000,5e+05,8.98932569313369,TRUE,NA
"Beta right-high",5,303123,65,333,525000,103418,26300,0.351906677967311,333,56,525000,624375,14.7440030349591,TRUE,NA
"Beta right-high",5,303123,65,800,525000,103418,26300,0.423836710569162,800,121,525000,694214.876033058,10.194547316708,TRUE,NA
"Beta right-high",5,303123,66,333,525000,103013,26259,0.358169173544061,333,67,525000,521865.671641791,13.7137860660992,TRUE,NA
"Beta right-high",5,303123,66,800,525000,103013,26259,0.432480360767353,800,157,525000,535031.847133758,9.21837482473715,TRUE,NA
"Beta right-high",5,303123,67,333,525000,101001,26086,0.351047989285389,333,78,525000,448269.230769231,12.9235956733636,TRUE,NA
"Beta right-high",5,303123,67,800,525000,101001,26086,0.421991155247006,800,171,525000,491228.070175439,8.93105251676233,TRUE,NA
"Beta right-high",5,303123,68,333,525000,102368,26253,0.35520582488142,333,72,525000,485625,13.3305320903684,TRUE,NA
"Beta right-high",5,303123,68,800,525000,102368,26253,0.428752025361136,800,165,525000,509090.909090909,9.04932193589579,TRUE,NA
"Beta right-high",5,303123,69,333,525000,103132,26060,0.353139852553861,333,58,525000,602844.827586207,14.5336846679327,TRUE,NA
"Beta right-high",5,303123,69,800,525000,103132,26060,0.423363294748562,800,136,525000,617647.058823529,9.7372264355991,TRUE,NA
"Beta right-high",5,303123,70,333,525000,107445,25918,0.358879285468447,333,69,525000,506739.130434783,13.5551367811372,TRUE,NA
"Beta right-high",5,303123,70,800,525000,107445,25918,0.424497338151276,800,148,525000,567567.567567568,9.42611979878208,TRUE,NA
"Beta right-high",5,303123,71,333,525000,105682,26105,0.350364225144518,333,52,525000,672403.846153846,15.2026934860618,TRUE,NA
"Beta right-high",5,303123,71,800,525000,105682,26105,0.421454624075746,800,144,525000,583333.333333333,9.52515676185271,TRUE,NA
"Beta right-high",5,303123,72,333,525000,104242,26251,0.362378573893431,333,67,525000,521865.671641791,13.7137860660992,TRUE,NA
"Beta right-high",5,303123,72,800,525000,104242,26251,0.432871223334864,800,152,525000,552631.578947368,9.33132576741561,TRUE,NA
"Beta right-high",5,303123,73,333,525000,103722,26255,0.361210233119692,333,81,525000,431666.666666667,12.738562989871,TRUE,NA
"Beta right-high",5,303123,73,800,525000,103722,26255,0.429510194291017,800,189,525000,444444.444444444,8.61360666640153,TRUE,NA
"Beta right-high",5,303123,74,333,525000,108754,26165,0.35031272636259,333,54,525000,647500,14.96660890478,TRUE,NA
"Beta right-high",5,303123,74,800,525000,108754,26165,0.425521256096602,800,153,525000,549019.607843137,9.30825676577559,TRUE,NA
"Beta right-high",5,303123,75,333,525000,104834,26415,0.350861590686222,333,63,525000,555000,14.0550473372953,TRUE,NA
"Beta right-high",5,303123,75,800,525000,104834,26415,0.423730371765102,800,169,525000,497041.420118343,8.96971373715795,TRUE,NA
"Beta right-high",5,303123,76,333,525000,105996,26564,0.349405087961846,333,59,525000,592627.118644068,14.4328002254304,TRUE,NA
"Beta right-high",5,303123,76,800,525000,105996,26564,0.421084795234973,800,163,525000,515337.423312883,9.09031683413498,TRUE,NA
"Beta right-high",5,303123,77,333,525000,107905,26030,0.356646962819451,333,75,525000,466200,13.1205003813417,TRUE,NA
"Beta right-high",5,303123,77,800,525000,107905,26030,0.424645984833477,800,173,525000,485549.132947977,8.89312291051442,TRUE,NA
"Beta right-high",5,303123,78,333,525000,104633,26343,0.355653102863431,333,58,525000,602844.827586207,14.5336846679327,TRUE,NA
"Beta right-high",5,303123,78,800,525000,104633,26343,0.429137832136097,800,163,525000,515337.423312883,9.09031683413498,TRUE,NA
"Beta right-high",5,303123,79,333,525000,104096,26367,0.358817925159051,333,65,525000,537923.076923077,13.8802143632441,TRUE,NA
"Beta right-high",5,303123,79,800,525000,104096,26367,0.427493797356146,800,152,525000,552631.578947368,9.33132576741561,TRUE,NA
"Beta right-high",5,303123,80,333,525000,104465,26026,0.365843816069192,333,62,525000,563951.612903226,14.1458304635712,TRUE,NA
"Beta right-high",5,303123,80,800,525000,104465,26026,0.431000160584843,800,156,525000,538461.538461538,9.24049408830438,TRUE,NA
"Beta right-high",5,303123,81,333,525000,106263,26363,0.351839771392153,333,61,525000,573196.721311475,14.2389825181774,TRUE,NA
"Beta right-high",5,303123,81,800,525000,106263,26363,0.427649280513017,800,161,525000,521739.130434783,9.13213929677269,TRUE,NA
"Beta right-high",5,303123,82,333,525000,103532,26429,0.348258601456453,333,54,525000,647500,14.96660890478,TRUE,NA
"Beta right-high",5,303123,82,800,525000,103532,26429,0.420452566039657,800,132,525000,636363.636363636,9.85097673588766,TRUE,NA
"Beta right-high",5,303123,83,333,525000,102290,26373,0.348033276175507,333,60,525000,582750,14.3346037123501,TRUE,NA
"Beta right-high",5,303123,83,800,525000,102290,26373,0.418355041737559,800,152,525000,552631.578947368,9.33132576741561,TRUE,NA
"Beta right-high",5,303123,84,333,525000,102260,26186,0.35144666576128,333,63,525000,555000,14.0550473372953,TRUE,NA
"Beta right-high",5,303123,84,800,525000,102260,26186,0.425400899001061,800,151,525000,556291.390728477,9.35464229440858,TRUE,NA
"Beta right-high",5,303123,85,333,525000,102616,26378,0.351787243034486,333,64,525000,546328.125,13.9665384732028,TRUE,NA
"Beta right-high",5,303123,85,800,525000,102616,26378,0.423899988291787,800,156,525000,538461.538461538,9.24049408830438,TRUE,NA
"Beta right-high",5,303123,86,333,525000,101908,26301,0.347504434637701,333,55,525000,635727.272727273,14.853699160197,TRUE,NA
"Beta right-high",5,303123,86,800,525000,101908,26301,0.418679749919506,800,135,525000,622222.222222222,9.76515442619819,TRUE,NA
"Beta right-high",5,303123,87,333,525000,102828,26375,0.349386108668259,333,59,525000,592627.118644068,14.4328002254304,TRUE,NA
"Beta right-high",5,303123,87,800,525000,102828,26375,0.42088033039038,800,140,525000,6e+05,9.62874541786184,TRUE,NA
"Beta right-high",5,303123,88,333,525000,105559,26161,0.344633423829725,333,57,525000,613421.052631579,14.6373765892212,TRUE,NA
"Beta right-high",5,303123,88,800,525000,105559,26161,0.42279962756181,800,149,525000,563758.389261745,9.4020349315005,TRUE,NA
"Beta right-high",5,303123,89,333,525000,105162,26347,0.356428629734842,333,66,525000,529772.727272727,13.7959903029324,TRUE,NA
"Beta right-high",5,303123,89,800,525000,105162,26347,0.423083259921967,800,144,525000,583333.333333333,9.52515676185271,TRUE,NA
"Beta right-high",5,303123,90,333,525000,107418,26221,0.353215196926204,333,77,525000,454090.909090909,12.9878530478899,TRUE,NA
"Beta right-high",5,303123,90,800,525000,107418,26221,0.426317740949316,800,171,525000,491228.070175439,8.93105251676233,TRUE,NA
"Beta right-high",5,303123,91,333,525000,107572,26123,0.357946172864958,333,70,525000,499500,13.478551100938,TRUE,NA
"Beta right-high",5,303123,91,800,525000,107572,26123,0.429965038462523,800,174,525000,482758.620689655,8.87442568627627,TRUE,NA
"Beta right-high",5,303123,92,333,525000,109938,26642,0.352454190298038,333,75,525000,466200,13.1205003813417,TRUE,NA
"Beta right-high",5,303123,92,800,525000,109938,26642,0.421126474355541,800,170,525000,494117.647058824,8.95029029167148,TRUE,NA
"Beta right-high",5,303123,93,333,525000,105301,26318,0.355869839004761,333,70,525000,499500,13.478551100938,TRUE,NA
"Beta right-high",5,303123,93,800,525000,105301,26318,0.427148659113278,800,190,525000,442105.263157895,8.59742669877403,TRUE,NA
"Beta right-high",5,303123,94,333,525000,103979,26387,0.359428150275772,333,67,525000,521865.671641791,13.7137860660992,TRUE,NA
"Beta right-high",5,303123,94,800,525000,103979,26387,0.428498091290904,800,152,525000,552631.578947368,9.33132576741561,TRUE,NA
"Beta right-high",5,303123,95,333,525000,105855,26112,0.357108971651308,333,73,525000,478972.602739726,13.2589780259761,TRUE,NA
"Beta right-high",5,303123,95,800,525000,105855,26112,0.42790345172685,800,168,525000,5e+05,8.98932569313369,TRUE,NA
"Beta right-high",5,303123,96,333,525000,102490,26144,0.355375960699878,333,62,525000,563951.612903226,14.1458304635712,TRUE,NA
"Beta right-high",5,303123,96,800,525000,102490,26144,0.431047306389301,800,180,525000,466666.666666667,8.76582696891626,TRUE,NA
"Beta right-high",5,303123,97,333,525000,102347,26310,0.35700077900909,333,44,525000,794659.090909091,16.312171044842,TRUE,NA
"Beta right-high",5,303123,97,800,525000,102347,26310,0.426861995447964,800,115,525000,730434.782608696,10.4038785379566,TRUE,NA
"Beta right-high",5,303123,98,333,525000,109849,26262,0.357727806782496,333,69,525000,506739.130434783,13.5551367811372,TRUE,NA
"Beta right-high",5,303123,98,800,525000,109849,26262,0.428209887802739,800,162,525000,518518.518518519,9.11112297991595,TRUE,NA
"Beta right-high",5,303123,99,333,525000,101444,26335,0.362206666362361,333,82,525000,426402.43902439,12.6793302834041,TRUE,NA
"Beta right-high",5,303123,99,800,525000,101444,26335,0.43283125256298,800,163,525000,515337.423312883,9.09031683413498,TRUE,NA
"Beta right-high",5,303123,100,333,525000,105786,26252,0.349227601797354,333,62,525000,563951.612903226,14.1458304635712,TRUE,NA
"Beta right-high",5,303123,100,800,525000,105786,26252,0.424104700673348,800,141,525000,595744.680851064,9.60240348605634,TRUE,NA
"Beta right-high",5,303123,101,333,525000,104442,26225,0.357891443564732,333,76,525000,460065.789473684,13.0534724993725,TRUE,NA
"Beta right-high",5,303123,101,800,525000,104442,26225,0.428574090685801,800,168,525000,5e+05,8.98932569313369,TRUE,NA
"Beta right-high",5,303123,102,333,525000,107009,26010,0.356579038998737,333,62,525000,563951.612903226,14.1458304635712,TRUE,NA
"Beta right-high",5,303123,102,800,525000,107009,26010,0.429357412354471,800,177,525000,474576.271186441,8.81937310893847,TRUE,NA
"Beta right-high",5,303123,103,333,525000,104419,26260,0.353812242262394,333,58,525000,602844.827586207,14.5336846679327,TRUE,NA
"Beta right-high",5,303123,103,800,525000,104419,26260,0.425783706381395,800,147,525000,571428.571428571,9.45046971201844,TRUE,NA
"Beta right-high",5,303123,104,333,525000,105189,26003,0.35368096838269,333,58,525000,602844.827586207,14.5336846679327,TRUE,NA
"Beta right-high",5,303123,104,800,525000,105189,26003,0.427550929937589,800,159,525000,528301.886792453,9.17481600112124,TRUE,NA
"Beta right-high",5,303123,105,333,525000,103552,26068,0.355351129169845,333,73,525000,478972.602739726,13.2589780259761,TRUE,NA
"Beta right-high",5,303123,105,800,525000,103552,26068,0.426386995459804,800,161,525000,521739.130434783,9.13213929677269,TRUE,NA
"Beta right-high",5,303123,106,333,525000,102382,26212,0.36481270834509,333,69,525000,506739.130434783,13.5551367811372,TRUE,NA
"Beta right-high",5,303123,106,800,525000,102382,26212,0.429888138684073,800,156,525000,538461.538461538,9.24049408830438,TRUE,NA
"Beta right-high",5,303123,107,333,525000,105227,26236,0.352026408282435,333,64,525000,546328.125,13.9665384732028,TRUE,NA
"Beta right-high",5,303123,107,800,525000,105227,26236,0.423502254044599,800,165,525000,509090.909090909,9.04932193589579,TRUE,NA
"Beta right-high",5,303123,108,333,525000,106114,26358,0.354335936490345,333,64,525000,546328.125,13.9665384732028,TRUE,NA
"Beta right-high",5,303123,108,800,525000,106114,26358,0.425861101938282,800,138,525000,608695.652173913,9.68235172927353,TRUE,NA
"Beta right-high",5,303123,109,333,525000,102564,26449,0.351754487714749,333,52,525000,672403.846153846,15.2026934860618,TRUE,NA
"Beta right-high",5,303123,109,800,525000,102564,26449,0.425738469574994,800,146,525000,575342.465753425,9.47508931769804,TRUE,NA
"Beta right-high",5,303123,110,333,525000,102964,26178,0.357850724834783,333,53,525000,659716.981132075,15.0828857386931,TRUE,NA
"Beta right-high",5,303123,110,800,525000,102964,26178,0.424396541360859,800,154,525000,545454.545454545,9.28543116007485,TRUE,NA
"Beta right-high",5,303123,111,333,525000,102249,26260,0.353589896232307,333,56,525000,624375,14.7440030349591,TRUE,NA
"Beta right-high",5,303123,111,800,525000,102249,26260,0.424404098198148,800,135,525000,622222.222222222,9.76515442619819,TRUE,NA
"Beta right-high",5,303123,112,333,525000,107417,26394,0.356577136398769,333,70,525000,499500,13.478551100938,TRUE,NA
"Beta right-high",5,303123,112,800,525000,107417,26394,0.428628397433826,800,170,525000,494117.647058824,8.95029029167148,TRUE,NA
"Beta right-high",5,303123,113,333,525000,106597,26344,0.349256115398337,333,77,525000,454090.909090909,12.9878530478899,TRUE,NA
"Beta right-high",5,303123,113,800,525000,106597,26344,0.426998909761962,800,183,525000,459016.393442623,8.71372340831366,TRUE,NA
"Beta right-high",5,303123,114,333,525000,110190,26409,0.355407031849472,333,71,525000,492464.788732394,13.4037034936613,TRUE,NA
"Beta right-high",5,303123,114,800,525000,110190,26409,0.429053404782534,800,184,525000,456521.739130435,8.69666562427121,TRUE,NA
"Beta right-high",5,303123,115,333,525000,106674,26086,0.354236232275626,333,79,525000,442594.936708861,12.860656103188,TRUE,NA
"Beta right-high",5,303123,115,800,525000,106674,26086,0.427303582332066,800,185,525000,454054.054054054,8.67975926782984,TRUE,NA
"Beta right-high",5,303123,116,333,525000,101354,26252,0.356331691737878,333,72,525000,485625,13.3305320903684,TRUE,NA
"Beta right-high",5,303123,116,800,525000,101354,26252,0.426311411741602,800,176,525000,477272.727272727,8.83755332157073,TRUE,NA
"Beta right-high",5,303123,117,333,525000,101167,26256,0.356389546923092,333,65,525000,537923.076923077,13.8802143632441,TRUE,NA
"Beta right-high",5,303123,117,800,525000,101167,26256,0.431899609105876,800,153,525000,549019.607843137,9.30825676577559,TRUE,NA
"Beta right-high",5,303123,118,333,525000,107207,25998,0.358515577006405,333,85,525000,411352.941176471,12.5084473755532,TRUE,NA
"Beta right-high",5,303123,118,800,525000,107207,25998,0.427676316774638,800,183,525000,459016.393442623,8.71372340831366,TRUE,NA
"Beta right-high",5,303123,119,333,525000,104905,26266,0.358732996754052,333,74,525000,472500,13.1889852550751,TRUE,NA
"Beta right-high",5,303123,119,800,525000,104905,26266,0.431009544678594,800,166,525000,506024.096385542,9.02912679880207,TRUE,NA
"Beta right-high",5,303123,120,333,525000,105113,26067,0.352664785830841,333,64,525000,546328.125,13.9665384732028,TRUE,NA
"Beta right-high",5,303123,120,800,525000,105113,26067,0.421657282425568,800,144,525000,583333.333333333,9.52515676185271,TRUE,NA
"Beta right-high",5,303123,121,333,525000,102847,26336,0.36073062336759,333,68,525000,514191.176470588,13.633525606125,TRUE,NA
"Beta right-high",5,303123,121,800,525000,102847,26336,0.428589260785828,800,161,525000,521739.130434783,9.13213929677269,TRUE,NA
"Beta right-high",5,303123,122,333,525000,104999,26350,0.345657873753257,333,64,525000,546328.125,13.9665384732028,TRUE,NA
"Beta right-high",5,303123,122,800,525000,104999,26350,0.420056313977088,800,158,525000,531645.569620253,9.19648335691042,TRUE,NA
"Beta right-high",5,303123,123,333,525000,104244,26039,0.347466438385662,333,59,525000,592627.118644068,14.4328002254304,TRUE,NA
"Beta right-high",5,303123,123,800,525000,104244,26039,0.422685088642591,800,150,525000,560000,9.37821057345647,TRUE,NA
"Beta right-high",5,303123,124,333,525000,105951,26291,0.358230183709269,333,63,525000,555000,14.0550473372953,TRUE,NA
"Beta right-high",5,303123,124,800,525000,105951,26291,0.428538337803233,800,163,525000,515337.423312883,9.09031683413498,TRUE,NA
"Beta right-high",5,303123,125,333,525000,102128,26290,0.352288416540957,333,79,525000,442594.936708861,12.860656103188,TRUE,NA
"Beta right-high",5,303123,125,800,525000,102128,26290,0.425663182100602,800,182,525000,461538.461538462,8.7309347631556,TRUE,NA
"Beta right-high",5,303123,126,333,525000,105358,26309,0.356674647929383,333,53,525000,659716.981132075,15.0828857386931,TRUE,NA
"Beta right-high",5,303123,126,800,525000,105358,26309,0.424124124100533,800,139,525000,604316.54676259,9.65539294573709,TRUE,NA
"Beta right-high",5,303123,127,333,525000,104717,26260,0.357557915287247,333,58,525000,602844.827586207,14.5336846679327,TRUE,NA
"Beta right-high",5,303123,127,800,525000,104717,26260,0.426440030311916,800,161,525000,521739.130434783,9.13213929677269,TRUE,NA
"Beta right-high",5,303123,128,333,525000,108678,26199,0.353177230586103,333,77,525000,454090.909090909,12.9878530478899,TRUE,NA
"Beta right-high",5,303123,128,800,525000,108678,26199,0.426931914853639,800,172,525000,488372.093023256,8.91199763112317,TRUE,NA
"Beta right-high",5,303123,129,333,525000,108794,26659,0.352164417275391,333,70,525000,499500,13.478551100938,TRUE,NA
"Beta right-high",5,303123,129,800,525000,108794,26659,0.426257855927779,800,181,525000,464088.397790055,8.74830187396128,TRUE,NA
"Beta right-high",5,303123,130,333,525000,103683,26391,0.353823023879701,333,55,525000,635727.272727273,14.853699160197,TRUE,NA
"Beta right-high",5,303123,130,800,525000,103683,26391,0.426647131471429,800,147,525000,571428.571428571,9.45046971201844,TRUE,NA
"Beta right-high",5,303123,131,333,525000,111172,26240,0.353419570860226,333,88,525000,397329.545454545,12.3470871285424,TRUE,NA
"Beta right-high",5,303123,131,800,525000,111172,26240,0.429682405198765,800,178,525000,471910.112359551,8.80136024568492,TRUE,NA
"Beta right-high",5,303123,132,333,525000,102187,26412,0.360178339366467,333,60,525000,582750,14.3346037123501,TRUE,NA
"Beta right-high",5,303123,132,800,525000,102187,26412,0.430877968791434,800,136,525000,617647.058823529,9.7372264355991,TRUE,NA
"Beta right-high",5,303123,133,333,525000,99816,26567,0.352862386992231,333,66,525000,529772.727272727,13.7959903029324,TRUE,NA
"Beta right-high",5,303123,133,800,525000,99816,26567,0.425963579261732,800,166,525000,506024.096385542,9.02912679880207,TRUE,NA
"Beta right-high",5,303123,134,333,525000,105833,26277,0.351944026842546,333,55,525000,635727.272727273,14.853699160197,TRUE,NA
"Beta right-high",5,303123,134,800,525000,105833,26277,0.422249357165483,800,158,525000,531645.569620253,9.19648335691042,TRUE,NA
"Beta right-high",5,303123,135,333,525000,102313,26366,0.350602836989178,333,66,525000,529772.727272727,13.7959903029324,TRUE,NA
"Beta right-high",5,303123,135,800,525000,102313,26366,0.425455509569514,800,177,525000,474576.271186441,8.81937310893847,TRUE,NA
"Beta right-high",5,303123,136,333,525000,100466,26465,0.353448929693266,333,72,525000,485625,13.3305320903684,TRUE,NA
"Beta right-high",5,303123,136,800,525000,100466,26465,0.426871529132157,800,180,525000,466666.666666667,8.76582696891626,TRUE,NA
"Beta right-high",5,303123,137,333,525000,103286,26243,0.349090493827987,333,58,525000,602844.827586207,14.5336846679327,TRUE,NA
"Beta right-high",5,303123,137,800,525000,103286,26243,0.426566991605154,800,145,525000,579310.344827586,9.49998337550142,TRUE,NA
"Beta right-high",5,303123,138,333,525000,104889,26390,0.350815979771634,333,55,525000,635727.272727273,14.853699160197,TRUE,NA
"Beta right-high",5,303123,138,800,525000,104889,26390,0.420025334708451,800,145,525000,579310.344827586,9.49998337550142,TRUE,NA
"Beta right-high",5,303123,139,333,525000,103703,26152,0.359154509582188,333,63,525000,555000,14.0550473372953,TRUE,NA
"Beta right-high",5,303123,139,800,525000,103703,26152,0.429819551098515,800,154,525000,545454.545454545,9.28543116007485,TRUE,NA
"Beta right-high",5,303123,140,333,525000,105649,26217,0.361875872205898,333,62,525000,563951.612903226,14.1458304635712,TRUE,NA
"Beta right-high",5,303123,140,800,525000,105649,26217,0.431323624736497,800,168,525000,5e+05,8.98932569313369,TRUE,NA
"Beta right-high",5,303123,141,333,525000,104340,26291,0.352611213123423,333,62,525000,563951.612903226,14.1458304635712,TRUE,NA
"Beta right-high",5,303123,141,800,525000,104340,26291,0.419382274485337,800,141,525000,595744.680851064,9.60240348605634,TRUE,NA
"Beta right-high",5,303123,142,333,525000,105971,26123,0.356368638061272,333,52,525000,672403.846153846,15.2026934860618,TRUE,NA
"Beta right-high",5,303123,142,800,525000,105971,26123,0.428873160951752,800,151,525000,556291.390728477,9.35464229440858,TRUE,NA
"Beta right-high",5,303123,143,333,525000,106149,26146,0.352687011581745,333,83,525000,421265.060240964,12.6212568563633,TRUE,NA
"Beta right-high",5,303123,143,800,525000,106149,26146,0.425445239624539,800,184,525000,456521.739130435,8.69666562427121,TRUE,NA
"Beta right-high",5,303123,144,333,525000,106569,26356,0.355216892235287,333,66,525000,529772.727272727,13.7959903029324,TRUE,NA
"Beta right-high",5,303123,144,800,525000,106569,26356,0.428929892691278,800,148,525000,567567.567567568,9.42611979878208,TRUE,NA
"Beta right-high",5,303123,145,333,525000,110819,26217,0.357673744423678,333,64,525000,546328.125,13.9665384732028,TRUE,NA
"Beta right-high",5,303123,145,800,525000,110819,26217,0.428115745919571,800,149,525000,563758.389261745,9.4020349315005,TRUE,NA
"Beta right-high",5,303123,146,333,525000,101829,26049,0.354656561978939,333,58,525000,602844.827586207,14.5336846679327,TRUE,NA
"Beta right-high",5,303123,146,800,525000,101829,26049,0.429352562033311,800,165,525000,509090.909090909,9.04932193589579,TRUE,NA
"Beta right-high",5,303123,147,333,525000,109898,26264,0.355109242053755,333,75,525000,466200,13.1205003813417,TRUE,NA
"Beta right-high",5,303123,147,800,525000,109898,26264,0.431772093377594,800,174,525000,482758.620689655,8.87442568627627,TRUE,NA
"Beta right-high",5,303123,148,333,525000,103966,26419,0.35588221411932,333,63,525000,555000,14.0550473372953,TRUE,NA
"Beta right-high",5,303123,148,800,525000,103966,26419,0.428200682266386,800,147,525000,571428.571428571,9.45046971201844,TRUE,NA
"Beta right-high",5,303123,149,333,525000,107085,26141,0.351979305953454,333,59,525000,592627.118644068,14.4328002254304,TRUE,NA
"Beta right-high",5,303123,149,800,525000,107085,26141,0.424971316977182,800,160,525000,525000,9.15336915531238,TRUE,NA
"Beta right-high",5,303123,150,333,525000,99412,26306,0.355254214248454,333,58,525000,602844.827586207,14.5336846679327,TRUE,NA
"Beta right-high",5,303123,150,800,525000,99412,26306,0.426426514914396,800,161,525000,521739.130434783,9.13213929677269,TRUE,NA
"Beta right-high",5,303123,151,333,525000,103358,26327,0.356143572545551,333,64,525000,546328.125,13.9665384732028,TRUE,NA
"Beta right-high",5,303123,151,800,525000,103358,26327,0.428622205747713,800,182,525000,461538.461538462,8.7309347631556,TRUE,NA
"Beta right-high",5,303123,152,333,525000,103500,25999,0.352899948189858,333,68,525000,514191.176470588,13.633525606125,TRUE,NA
"Beta right-high",5,303123,152,800,525000,103500,25999,0.427694097600202,800,167,525000,502994.011976048,9.00912905970284,TRUE,NA
"Beta right-high",5,303123,153,333,525000,103705,26084,0.36606479201355,333,67,525000,521865.671641791,13.7137860660992,TRUE,NA
"Beta right-high",5,303123,153,800,525000,103705,26084,0.434301068199453,800,172,525000,488372.093023256,8.91199763112317,TRUE,NA
"Beta right-high",5,303123,154,333,525000,105033,26144,0.353154387571295,333,77,525000,454090.909090909,12.9878530478899,TRUE,NA
"Beta right-high",5,303123,154,800,525000,105033,26144,0.428578600006633,800,184,525000,456521.739130435,8.69666562427121,TRUE,NA
"Beta right-high",5,303123,155,333,525000,106244,26155,0.355535884272102,333,61,525000,573196.721311475,14.2389825181774,TRUE,NA
"Beta right-high",5,303123,155,800,525000,106244,26155,0.430675985663409,800,139,525000,604316.54676259,9.65539294573709,TRUE,NA
"Beta right-high",5,303123,156,333,525000,103399,26272,0.349103732327156,333,55,525000,635727.272727273,14.853699160197,TRUE,NA
"Beta right-high",5,303123,156,800,525000,103399,26272,0.425970322249318,800,153,525000,549019.607843137,9.30825676577559,TRUE,NA
"Beta right-high",5,303123,157,333,525000,105234,26045,0.350773375522006,333,49,525000,713571.428571429,15.5851156420642,TRUE,NA
"Beta right-high",5,303123,157,800,525000,105234,26045,0.42703181507448,800,142,525000,591549.295774648,9.57636163188774,TRUE,NA
"Beta right-high",5,303123,158,333,525000,108936,26105,0.347069029444538,333,51,525000,685588.235294118,15.3262072378003,TRUE,NA
"Beta right-high",5,303123,158,800,525000,108936,26105,0.419826873871887,800,141,525000,595744.680851064,9.60240348605634,TRUE,NA
"Beta right-high",5,303123,159,333,525000,111810,26343,0.351367816594557,333,79,525000,442594.936708861,12.860656103188,TRUE,NA
"Beta right-high",5,303123,159,800,525000,111810,26343,0.424256617346772,800,173,525000,485549.132947977,8.89312291051442,TRUE,NA
"Beta right-high",5,303123,160,333,525000,103893,26254,0.352131038929921,333,63,525000,555000,14.0550473372953,TRUE,NA
"Beta right-high",5,303123,160,800,525000,103893,26254,0.425705735091398,800,173,525000,485549.132947977,8.89312291051442,TRUE,NA
"Beta right-high",5,303123,161,333,525000,112199,26362,0.354696299290921,333,87,525000,401896.551724138,12.3998679694215,TRUE,NA
"Beta right-high",5,303123,161,800,525000,112199,26362,0.429789023871263,800,181,525000,464088.397790055,8.74830187396128,TRUE,NA
"Beta right-high",5,303123,162,333,525000,111850,26446,0.35964900005396,333,79,525000,442594.936708861,12.860656103188,TRUE,NA
"Beta right-high",5,303123,162,800,525000,111850,26446,0.42805896006174,800,169,525000,497041.420118343,8.96971373715795,TRUE,NA
"Beta right-high",5,303123,163,333,525000,109264,26388,0.356013161171282,333,69,525000,506739.130434783,13.5551367811372,TRUE,NA
"Beta right-high",5,303123,163,800,525000,109264,26388,0.4272789476357,800,175,525000,480000,8.85590334388769,TRUE,NA
"Beta right-high",5,303123,164,333,525000,107267,26342,0.35718862541361,333,79,525000,442594.936708861,12.860656103188,TRUE,NA
"Beta right-high",5,303123,164,800,525000,107267,26342,0.423889749778546,800,150,525000,560000,9.37821057345647,TRUE,NA
"Beta right-high",5,303123,165,333,525000,102525,26191,0.360368670074605,333,60,525000,582750,14.3346037123501,TRUE,NA
"Beta right-high",5,303123,165,800,525000,102525,26191,0.428339871189917,800,135,525000,622222.222222222,9.76515442619819,TRUE,NA
"Beta right-high",5,303123,166,333,525000,110878,25845,0.34950624248861,333,62,525000,563951.612903226,14.1458304635712,TRUE,NA
"Beta right-high",5,303123,166,800,525000,110878,25845,0.420633173769541,800,143,525000,587412.587412587,9.55061447360817,TRUE,NA
"Beta right-high",5,303123,167,333,525000,102662,26419,0.346761515565968,333,54,525000,647500,14.96660890478,TRUE,NA
"Beta right-high",5,303123,167,800,525000,102662,26419,0.42179506936963,800,173,525000,485549.132947977,8.89312291051442,TRUE,NA
"Beta right-high",5,303123,168,333,525000,99560,26466,0.349995188211247,333,64,525000,546328.125,13.9665384732028,TRUE,NA
"Beta right-high",5,303123,168,800,525000,99560,26466,0.422319604011685,800,150,525000,560000,9.37821057345647,TRUE,NA
"Beta right-high",5,303123,169,333,525000,102235,25990,0.358843256705452,333,78,525000,448269.230769231,12.9235956733636,TRUE,NA
"Beta right-high",5,303123,169,800,525000,102235,25990,0.428107368849753,800,164,525000,512195.12195122,9.06971756172824,TRUE,NA
"Beta right-high",5,303123,170,333,525000,106218,26278,0.348558530893195,333,48,525000,728437.5,15.7209265075818,TRUE,NA
"Beta right-high",5,303123,170,800,525000,106218,26278,0.429664532722636,800,155,525000,541935.483870968,9.26284491534227,TRUE,NA
"Beta right-high",5,303123,171,333,525000,100117,26347,0.353157452412794,333,72,525000,485625,13.3305320903684,TRUE,NA
"Beta right-high",5,303123,171,800,525000,100117,26347,0.425318719846476,800,162,525000,518518.518518519,9.11112297991595,TRUE,NA
"Beta right-high",5,303123,172,333,525000,105627,26269,0.363512853532386,333,90,525000,388500,12.244399047506,TRUE,NA
"Beta right-high",5,303123,172,800,525000,105627,26269,0.432432012127838,800,178,525000,471910.112359551,8.80136024568492,TRUE,NA
"Beta right-high",5,303123,173,333,525000,98702,26625,0.35120785405364,333,57,525000,613421.052631579,14.6373765892212,TRUE,NA
"Beta right-high",5,303123,173,800,525000,98702,26625,0.422747864676916,800,144,525000,583333.333333333,9.52515676185271,TRUE,NA
"Beta right-high",5,303123,174,333,525000,104059,26339,0.351900274424902,333,62,525000,563951.612903226,14.1458304635712,TRUE,NA
"Beta right-high",5,303123,174,800,525000,104059,26339,0.429051972670076,800,157,525000,535031.847133758,9.21837482473715,TRUE,NA
"Beta right-high",5,303123,175,333,525000,101615,26275,0.347588777277822,333,64,525000,546328.125,13.9665384732028,TRUE,NA
"Beta right-high",5,303123,175,800,525000,101615,26275,0.422789605608308,800,153,525000,549019.607843137,9.30825676577559,TRUE,NA
"Beta right-high",5,303123,176,333,525000,101220,26192,0.354158821791551,333,69,525000,506739.130434783,13.5551367811372,TRUE,NA
"Beta right-high",5,303123,176,800,525000,101220,26192,0.418687063198171,800,147,525000,571428.571428571,9.45046971201844,TRUE,NA
"Beta right-high",5,303123,177,333,525000,103836,26155,0.348546859409752,333,66,525000,529772.727272727,13.7959903029324,TRUE,NA
"Beta right-high",5,303123,177,800,525000,103836,26155,0.426683187114874,800,147,525000,571428.571428571,9.45046971201844,TRUE,NA
"Beta right-high",5,303123,178,333,525000,106802,26041,0.357072320056011,333,79,525000,442594.936708861,12.860656103188,TRUE,NA
"Beta right-high",5,303123,178,800,525000,106802,26041,0.424584276044266,800,186,525000,451612.903225806,8.66300223673289,TRUE,NA
"Beta right-high",5,303123,179,333,525000,106026,26072,0.357916325292444,333,68,525000,514191.176470588,13.633525606125,TRUE,NA
"Beta right-high",5,303123,179,800,525000,106026,26072,0.42312873231461,800,151,525000,556291.390728477,9.35464229440858,TRUE,NA
"Beta right-high",5,303123,180,333,525000,103805,26023,0.352342766777795,333,60,525000,582750,14.3346037123501,TRUE,NA
"Beta right-high",5,303123,180,800,525000,103805,26023,0.425454688237737,800,140,525000,6e+05,9.62874541786184,TRUE,NA
"Beta right-high",5,303123,181,333,525000,104920,26268,0.349657879350607,333,51,525000,685588.235294118,15.3262072378003,TRUE,NA
"Beta right-high",5,303123,181,800,525000,104920,26268,0.423428772543248,800,151,525000,556291.390728477,9.35464229440858,TRUE,NA
"Beta right-high",5,303123,182,333,525000,111209,26517,0.358846551817018,333,63,525000,555000,14.0550473372953,TRUE,NA
"Beta right-high",5,303123,182,800,525000,111209,26517,0.426842432351917,800,161,525000,521739.130434783,9.13213929677269,TRUE,NA
"Beta right-high",5,303123,183,333,525000,104443,26341,0.358696011768015,333,67,525000,521865.671641791,13.7137860660992,TRUE,NA
"Beta right-high",5,303123,183,800,525000,104443,26341,0.428389189713466,800,166,525000,506024.096385542,9.02912679880207,TRUE,NA
"Beta right-high",5,303123,184,333,525000,104394,26327,0.350301942548057,333,62,525000,563951.612903226,14.1458304635712,TRUE,NA
"Beta right-high",5,303123,184,800,525000,104394,26327,0.425633611087337,800,156,525000,538461.538461538,9.24049408830438,TRUE,NA
"Beta right-high",5,303123,185,333,525000,103512,26023,0.35317049614421,333,69,525000,506739.130434783,13.5551367811372,TRUE,NA
"Beta right-high",5,303123,185,800,525000,103512,26023,0.424455229060694,800,154,525000,545454.545454545,9.28543116007485,TRUE,NA
"Beta right-high",5,303123,186,333,525000,107518,26009,0.364483921745369,333,97,525000,360463.917525773,11.9124716339057,TRUE,NA
"Beta right-high",5,303123,186,800,525000,107518,26009,0.434606470924695,800,206,525000,407766.990291262,8.35630637385995,TRUE,NA
"Beta right-high",5,303123,187,333,525000,103212,26256,0.360105861017698,333,66,525000,529772.727272727,13.7959903029324,TRUE,NA
"Beta right-high",5,303123,187,800,525000,103212,26256,0.424690284496213,800,166,525000,506024.096385542,9.02912679880207,TRUE,NA
"Beta right-high",5,303123,188,333,525000,111638,26482,0.359174364545675,333,84,525000,416250,12.5643072220904,TRUE,NA
"Beta right-high",5,303123,188,800,525000,111638,26482,0.42179471936401,800,185,525000,454054.054054054,8.67975926782984,TRUE,NA
"Beta right-high",5,303123,189,333,525000,105056,26354,0.350433349981836,333,71,525000,492464.788732394,13.4037034936613,TRUE,NA
"Beta right-high",5,303123,189,800,525000,105056,26354,0.426483826885013,800,147,525000,571428.571428571,9.45046971201844,TRUE,NA
"Beta right-high",5,303123,190,333,525000,104512,26176,0.349954529303517,333,62,525000,563951.612903226,14.1458304635712,TRUE,NA
"Beta right-high",5,303123,190,800,525000,104512,26176,0.42357292174866,800,142,525000,591549.295774648,9.57636163188774,TRUE,NA
"Beta right-high",5,303123,191,333,525000,108263,26092,0.351791941624327,333,68,525000,514191.176470588,13.633525606125,TRUE,NA
"Beta right-high",5,303123,191,800,525000,108263,26092,0.426446390821986,800,142,525000,591549.295774648,9.57636163188774,TRUE,NA
"Beta right-high",5,303123,192,333,525000,104960,26136,0.355428601631368,333,55,525000,635727.272727273,14.853699160197,TRUE,NA
"Beta right-high",5,303123,192,800,525000,104960,26136,0.429740954872641,800,145,525000,579310.344827586,9.49998337550142,TRUE,NA
"Beta right-high",5,303123,193,333,525000,98915,26344,0.355792189585484,333,60,525000,582750,14.3346037123501,TRUE,NA
"Beta right-high",5,303123,193,800,525000,98915,26344,0.425464442687471,800,152,525000,552631.578947368,9.33132576741561,TRUE,NA
"Beta right-high",5,303123,194,333,525000,102640,26276,0.360383262358427,333,78,525000,448269.230769231,12.9235956733636,TRUE,NA
"Beta right-high",5,303123,194,800,525000,102640,26276,0.429556705698084,800,164,525000,512195.12195122,9.06971756172824,TRUE,NA
"Beta right-high",5,303123,195,333,525000,104162,26055,0.352058726362567,333,45,525000,777000,16.1566215263488,TRUE,NA
"Beta right-high",5,303123,195,800,525000,104162,26055,0.422534536265029,800,136,525000,617647.058823529,9.7372264355991,TRUE,NA
"Beta right-high",5,303123,196,333,525000,101043,26224,0.359426372609907,333,71,525000,492464.788732394,13.4037034936613,TRUE,NA
"Beta right-high",5,303123,196,800,525000,101043,26224,0.426688811956217,800,166,525000,506024.096385542,9.02912679880207,TRUE,NA
"Beta right-high",5,303123,197,333,525000,106768,25895,0.345985228141831,333,76,525000,460065.789473684,13.0534724993725,TRUE,NA
"Beta right-high",5,303123,197,800,525000,106768,25895,0.426340195090755,800,152,525000,552631.578947368,9.33132576741561,TRUE,NA
"Beta right-high",5,303123,198,333,525000,101792,26090,0.360906240901041,333,76,525000,460065.789473684,13.0534724993725,TRUE,NA
"Beta right-high",5,303123,198,800,525000,101792,26090,0.431140052836834,800,172,525000,488372.093023256,8.91199763112317,TRUE,NA
"Beta right-high",5,303123,199,333,525000,110356,26398,0.356426861870656,333,81,525000,431666.666666667,12.738562989871,TRUE,NA
"Beta right-high",5,303123,199,800,525000,110356,26398,0.424131948771092,800,161,525000,521739.130434783,9.13213929677269,TRUE,NA
"Beta right-high",5,303123,200,333,525000,102774,26139,0.356237880353935,333,58,525000,602844.827586207,14.5336846679327,TRUE,NA
"Beta right-high",5,303123,200,800,525000,102774,26139,0.428040646458452,800,148,525000,567567.567567568,9.42611979878208,TRUE,NA
"Beta right-high",5,303123,201,333,525000,103061,26446,0.353976657129554,333,65,525000,537923.076923077,13.8802143632441,TRUE,NA
"Beta right-high",5,303123,201,800,525000,103061,26446,0.427022484123401,800,169,525000,497041.420118343,8.96971373715795,TRUE,NA
"Beta right-high",5,303123,202,333,525000,103454,26255,0.348905944908081,333,64,525000,546328.125,13.9665384732028,TRUE,NA
"Beta right-high",5,303123,202,800,525000,103454,26255,0.419087995063886,800,136,525000,617647.058823529,9.7372264355991,TRUE,NA
"Beta right-high",5,303123,203,333,525000,106788,26361,0.356097946687216,333,77,525000,454090.909090909,12.9878530478899,TRUE,NA
"Beta right-high",5,303123,203,800,525000,106788,26361,0.426012649240581,800,169,525000,497041.420118343,8.96971373715795,TRUE,NA
"Beta right-high",5,303123,204,333,525000,99725,26474,0.346006747221954,333,58,525000,602844.827586207,14.5336846679327,TRUE,NA
"Beta right-high",5,303123,204,800,525000,99725,26474,0.42369165217813,800,161,525000,521739.130434783,9.13213929677269,TRUE,NA
"Beta right-high",5,303123,205,333,525000,109481,26152,0.358396722544593,333,63,525000,555000,14.0550473372953,TRUE,NA
"Beta right-high",5,303123,205,800,525000,109481,26152,0.426237053837509,800,175,525000,480000,8.85590334388769,TRUE,NA
"Beta right-high",5,303123,206,333,525000,107234,26310,0.35476488908478,333,70,525000,499500,13.478551100938,TRUE,NA
"Beta right-high",5,303123,206,800,525000,107234,26310,0.425126397971717,800,170,525000,494117.647058824,8.95029029167148,TRUE,NA
"Beta right-high",5,303123,207,333,525000,110764,26194,0.350796153458005,333,70,525000,499500,13.478551100938,TRUE,NA
"Beta right-high",5,303123,207,800,525000,110764,26194,0.420521724638673,800,175,525000,480000,8.85590334388769,TRUE,NA
"Beta right-high",5,303123,208,333,525000,109303,26292,0.356662436597758,333,74,525000,472500,13.1889852550751,TRUE,NA
"Beta right-high",5,303123,208,800,525000,109303,26292,0.427328677618346,800,168,525000,5e+05,8.98932569313369,TRUE,NA
"Beta right-high",5,303123,209,333,525000,102396,26379,0.350475236484474,333,62,525000,563951.612903226,14.1458304635712,TRUE,NA
"Beta right-high",5,303123,209,800,525000,102396,26379,0.426893725551138,800,168,525000,5e+05,8.98932569313369,TRUE,NA
"Beta right-high",5,303123,210,333,525000,107889,26173,0.35257113622123,333,67,525000,521865.671641791,13.7137860660992,TRUE,NA
"Beta right-high",5,303123,210,800,525000,107889,26173,0.426478986934941,800,159,525000,528301.886792453,9.17481600112124,TRUE,NA
"Beta right-high",5,303123,211,333,525000,105163,26105,0.355749734710259,333,73,525000,478972.602739726,13.2589780259761,TRUE,NA
"Beta right-high",5,303123,211,800,525000,105163,26105,0.428080244605177,800,171,525000,491228.070175439,8.93105251676233,TRUE,NA
"Beta right-high",5,303123,212,333,525000,99696,25935,0.354903318253837,333,70,525000,499500,13.478551100938,TRUE,NA
"Beta right-high",5,303123,212,800,525000,99696,25935,0.426683147415528,800,158,525000,531645.569620253,9.19648335691042,TRUE,NA
"Beta right-high",5,303123,213,333,525000,107585,26276,0.357328084358012,333,78,525000,448269.230769231,12.9235956733636,TRUE,NA
"Beta right-high",5,303123,213,800,525000,107585,26276,0.425194625973573,800,172,525000,488372.093023256,8.91199763112317,TRUE,NA
"Beta right-high",5,303123,214,333,525000,104259,26209,0.347252192659749,333,74,525000,472500,13.1889852550751,TRUE,NA
"Beta right-high",5,303123,214,800,525000,104259,26209,0.423341104838869,800,173,525000,485549.132947977,8.89312291051442,TRUE,NA
"Beta right-high",5,303123,215,333,525000,106758,26101,0.357370244416148,333,62,525000,563951.612903226,14.1458304635712,TRUE,NA
"Beta right-high",5,303123,215,800,525000,106758,26101,0.425045741080152,800,139,525000,604316.54676259,9.65539294573709,TRUE,NA
"Beta right-high",5,303123,216,333,525000,104574,26250,0.349665759690767,333,68,525000,514191.176470588,13.633525606125,TRUE,NA
"Beta right-high",5,303123,216,800,525000,104574,26250,0.427194515476902,800,158,525000,531645.569620253,9.19648335691042,TRUE,NA
"Beta right-high",5,303123,217,333,525000,107938,26278,0.354933907596932,333,79,525000,442594.936708861,12.860656103188,TRUE,NA
"Beta right-high",5,303123,217,800,525000,107938,26278,0.424428689595502,800,168,525000,5e+05,8.98932569313369,TRUE,NA
"Beta right-high",5,303123,218,333,525000,105240,26478,0.362371746833496,333,70,525000,499500,13.478551100938,TRUE,NA
"Beta right-high",5,303123,218,800,525000,105240,26478,0.432517611487894,800,175,525000,480000,8.85590334388769,TRUE,NA
"Beta right-high",5,303123,219,333,525000,108585,26191,0.355569380708454,333,74,525000,472500,13.1889852550751,TRUE,NA
"Beta right-high",5,303123,219,800,525000,108585,26191,0.429616184835934,800,183,525000,459016.393442623,8.71372340831366,TRUE,NA
"Beta right-high",5,303123,220,333,525000,105025,25889,0.35037651597247,333,54,525000,647500,14.96660890478,TRUE,NA
"Beta right-high",5,303123,220,800,525000,105025,25889,0.425377822074343,800,155,525000,541935.483870968,9.26284491534227,TRUE,NA
"Beta right-high",5,303123,221,333,525000,107735,26263,0.345195133202586,333,62,525000,563951.612903226,14.1458304635712,TRUE,NA
"Beta right-high",5,303123,221,800,525000,107735,26263,0.418642191737635,800,151,525000,556291.390728477,9.35464229440858,TRUE,NA
"Beta right-high",5,303123,222,333,525000,104940,26224,0.359103124450451,333,91,525000,384230.769230769,12.1944375357605,TRUE,NA
"Beta right-high",5,303123,222,800,525000,104940,26224,0.426948027604939,800,200,525000,420000,8.4429951375933,TRUE,NA
"Beta right-high",5,303123,223,333,525000,102775,26349,0.355390750810765,333,75,525000,466200,13.1205003813417,TRUE,NA
"Beta right-high",5,303123,223,800,525000,102775,26349,0.424442433815184,800,169,525000,497041.420118343,8.96971373715795,TRUE,NA
"Beta right-high",5,303123,224,333,525000,105204,26099,0.357163361414148,333,61,525000,573196.721311475,14.2389825181774,TRUE,NA
"Beta right-high",5,303123,224,800,525000,105204,26099,0.426508475952888,800,155,525000,541935.483870968,9.26284491534227,TRUE,NA
"Beta right-high",5,303123,225,333,525000,106190,26373,0.352460272285939,333,64,525000,546328.125,13.9665384732028,TRUE,NA
"Beta right-high",5,303123,225,800,525000,106190,26373,0.427403238715134,800,169,525000,497041.420118343,8.96971373715795,TRUE,NA
"Beta right-high",5,303123,226,333,525000,107586,26302,0.353753726064148,333,70,525000,499500,13.478551100938,TRUE,NA
"Beta right-high",5,303123,226,800,525000,107586,26302,0.426378329175697,800,178,525000,471910.112359551,8.80136024568492,TRUE,NA
"Beta right-high",5,303123,227,333,525000,100495,26305,0.349155678918165,333,51,525000,685588.235294118,15.3262072378003,TRUE,NA
"Beta right-high",5,303123,227,800,525000,100495,26305,0.425273959498649,800,145,525000,579310.344827586,9.49998337550142,TRUE,NA
"Beta right-high",5,303123,228,333,525000,106885,26048,0.353419138526981,333,68,525000,514191.176470588,13.633525606125,TRUE,NA
"Beta right-high",5,303123,228,800,525000,106885,26048,0.430993029217849,800,172,525000,488372.093023256,8.91199763112317,TRUE,NA
"Beta right-high",5,303123,229,333,525000,105320,26105,0.359634381925248,333,87,525000,401896.551724138,12.3998679694215,TRUE,NA
"Beta right-high",5,303123,229,800,525000,105320,26105,0.428482043562342,800,191,525000,439790.57591623,8.58138612555294,TRUE,NA
"Beta right-high",5,303123,230,333,525000,107455,26039,0.356178058785458,333,60,525000,582750,14.3346037123501,TRUE,NA
"Beta right-high",5,303123,230,800,525000,107455,26039,0.422626789669771,800,135,525000,622222.222222222,9.76515442619819,TRUE,NA
"Beta right-high",5,303123,231,333,525000,103685,26222,0.35298115554375,333,68,525000,514191.176470588,13.633525606125,TRUE,NA
"Beta right-high",5,303123,231,800,525000,103685,26222,0.425796296362495,800,170,525000,494117.647058824,8.95029029167148,TRUE,NA
"Beta right-high",5,303123,232,333,525000,102098,26219,0.350217348132789,333,70,525000,499500,13.478551100938,TRUE,NA
"Beta right-high",5,303123,232,800,525000,102098,26219,0.424842268998718,800,152,525000,552631.578947368,9.33132576741561,TRUE,NA
"Beta right-high",5,303123,233,333,525000,104239,26362,0.35925646219756,333,74,525000,472500,13.1889852550751,TRUE,NA
"Beta right-high",5,303123,233,800,525000,104239,26362,0.426243960571527,800,178,525000,471910.112359551,8.80136024568492,TRUE,NA
"Beta right-high",5,303123,234,333,525000,107012,26110,0.351013004064206,333,67,525000,521865.671641791,13.7137860660992,TRUE,NA
"Beta right-high",5,303123,234,800,525000,107012,26110,0.423433365102543,800,159,525000,528301.886792453,9.17481600112124,TRUE,NA
"Beta right-high",5,303123,235,333,525000,108837,26310,0.35433483143906,333,66,525000,529772.727272727,13.7959903029324,TRUE,NA
"Beta right-high",5,303123,235,800,525000,108837,26310,0.430016489927564,800,160,525000,525000,9.15336915531238,TRUE,NA
"Beta right-high",5,303123,236,333,525000,102711,26170,0.350369557087121,333,71,525000,492464.788732394,13.4037034936613,TRUE,NA
"Beta right-high",5,303123,236,800,525000,102711,26170,0.421939600096808,800,166,525000,506024.096385542,9.02912679880207,TRUE,NA
"Beta right-high",5,303123,237,333,525000,102562,26448,0.347930834323161,333,63,525000,555000,14.0550473372953,TRUE,NA
"Beta right-high",5,303123,237,800,525000,102562,26448,0.421423524751074,800,146,525000,575342.465753425,9.47508931769804,TRUE,NA
"Beta right-high",5,303123,238,333,525000,106044,26313,0.357879576964705,333,77,525000,454090.909090909,12.9878530478899,TRUE,NA
"Beta right-high",5,303123,238,800,525000,106044,26313,0.425751840198197,800,157,525000,535031.847133758,9.21837482473715,TRUE,NA
"Beta right-high",5,303123,239,333,525000,102677,26136,0.356332325273474,333,57,525000,613421.052631579,14.6373765892212,TRUE,NA
"Beta right-high",5,303123,239,800,525000,102677,26136,0.427366129062867,800,145,525000,579310.344827586,9.49998337550142,TRUE,NA
"Beta right-high",5,303123,240,333,525000,102820,26243,0.354723339929649,333,60,525000,582750,14.3346037123501,TRUE,NA
"Beta right-high",5,303123,240,800,525000,102820,26243,0.428422721019831,800,169,525000,497041.420118343,8.96971373715795,TRUE,NA
"Beta right-high",5,303123,241,333,525000,102606,26306,0.354797481122567,333,55,525000,635727.272727273,14.853699160197,TRUE,NA
"Beta right-high",5,303123,241,800,525000,102606,26306,0.422987472821444,800,140,525000,6e+05,9.62874541786184,TRUE,NA
"Beta right-high",5,303123,242,333,525000,104106,26361,0.349181782993126,333,64,525000,546328.125,13.9665384732028,TRUE,NA
"Beta right-high",5,303123,242,800,525000,104106,26361,0.420899726457189,800,163,525000,515337.423312883,9.09031683413498,TRUE,NA
"Beta right-high",5,303123,243,333,525000,109571,26376,0.352267389645688,333,61,525000,573196.721311475,14.2389825181774,TRUE,NA
"Beta right-high",5,303123,243,800,525000,109571,26376,0.422553667867074,800,174,525000,482758.620689655,8.87442568627627,TRUE,NA
"Beta right-high",5,303123,244,333,525000,97027,26111,0.353501024360128,333,67,525000,521865.671641791,13.7137860660992,TRUE,NA
"Beta right-high",5,303123,244,800,525000,97027,26111,0.42753505019433,800,166,525000,506024.096385542,9.02912679880207,TRUE,NA
"Beta right-high",5,303123,245,333,525000,102567,26455,0.353488688689452,333,57,525000,613421.052631579,14.6373765892212,TRUE,NA
"Beta right-high",5,303123,245,800,525000,102567,26455,0.4226316777951,800,147,525000,571428.571428571,9.45046971201844,TRUE,NA
"Beta right-high",5,303123,246,333,525000,102004,26080,0.362556029606358,333,64,525000,546328.125,13.9665384732028,TRUE,NA
"Beta right-high",5,303123,246,800,525000,102004,26080,0.433481965496166,800,158,525000,531645.569620253,9.19648335691042,TRUE,NA
"Beta right-high",5,303123,247,333,525000,98371,26368,0.355489404216837,333,72,525000,485625,13.3305320903684,TRUE,NA
"Beta right-high",5,303123,247,800,525000,98371,26368,0.423240316468982,800,152,525000,552631.578947368,9.33132576741561,TRUE,NA
"Beta right-high",5,303123,248,333,525000,99678,26346,0.359990505200831,333,64,525000,546328.125,13.9665384732028,TRUE,NA
"Beta right-high",5,303123,248,800,525000,99678,26346,0.429529419929073,800,155,525000,541935.483870968,9.26284491534227,TRUE,NA
"Beta right-high",5,303123,249,333,525000,102787,26302,0.352680133893616,333,53,525000,659716.981132075,15.0828857386931,TRUE,NA
"Beta right-high",5,303123,249,800,525000,102787,26302,0.423488622822389,800,138,525000,608695.652173913,9.68235172927353,TRUE,NA
"Beta right-high",5,303123,250,333,525000,105607,26056,0.362848136051467,333,75,525000,466200,13.1205003813417,TRUE,NA
"Beta right-high",5,303123,250,800,525000,105607,26056,0.429151470211118,800,168,525000,5e+05,8.98932569313369,TRUE,NA
"Beta right-high",5,303123,251,333,525000,112314,26184,0.35301079711199,333,61,525000,573196.721311475,14.2389825181774,TRUE,NA
"Beta right-high",5,303123,251,800,525000,112314,26184,0.428509527840255,800,157,525000,535031.847133758,9.21837482473715,TRUE,NA
"Beta right-high",5,303123,252,333,525000,102409,26540,0.350951737612106,333,76,525000,460065.789473684,13.0534724993725,TRUE,NA
"Beta right-high",5,303123,252,800,525000,102409,26540,0.425670285945202,800,160,525000,525000,9.15336915531238,TRUE,NA
"Beta right-high",5,303123,253,333,525000,104876,26415,0.352756663995334,333,65,525000,537923.076923077,13.8802143632441,TRUE,NA
"Beta right-high",5,303123,253,800,525000,104876,26415,0.42682648970457,800,151,525000,556291.390728477,9.35464229440858,TRUE,NA
"Beta right-high",5,303123,254,333,525000,99303,26094,0.351692614795171,333,52,525000,672403.846153846,15.2026934860618,TRUE,NA
"Beta right-high",5,303123,254,800,525000,99303,26094,0.423762535193576,800,133,525000,631578.947368421,9.82202305119653,TRUE,NA
"Beta right-high",5,303123,255,333,525000,104148,26293,0.357451464151743,333,78,525000,448269.230769231,12.9235956733636,TRUE,NA
"Beta right-high",5,303123,255,800,525000,104148,26293,0.428797011228448,800,158,525000,531645.569620253,9.19648335691042,TRUE,NA
"Beta right-high",5,303123,256,333,525000,109560,26191,0.35661795739906,333,72,525000,485625,13.3305320903684,TRUE,NA
"Beta right-high",5,303123,256,800,525000,109560,26191,0.429167062693844,800,167,525000,502994.011976048,9.00912905970284,TRUE,NA
"Beta right-high",5,303123,257,333,525000,104038,26318,0.357514143348477,333,77,525000,454090.909090909,12.9878530478899,TRUE,NA
"Beta right-high",5,303123,257,800,525000,104038,26318,0.424944683146244,800,164,525000,512195.12195122,9.06971756172824,TRUE,NA
"Beta right-high",5,303123,258,333,525000,104576,26215,0.357114074394806,333,59,525000,592627.118644068,14.4328002254304,TRUE,NA
"Beta right-high",5,303123,258,800,525000,104576,26215,0.423570650319565,800,127,525000,661417.322834646,10.0012161447365,TRUE,NA
"Beta right-high",5,303123,259,333,525000,106200,26444,0.356309832477101,333,76,525000,460065.789473684,13.0534724993725,TRUE,NA
"Beta right-high",5,303123,259,800,525000,106200,26444,0.431156275352707,800,189,525000,444444.444444444,8.61360666640153,TRUE,NA
"Beta right-high",5,303123,260,333,525000,108591,26399,0.355291857377833,333,94,525000,371968.085106383,12.0497790704584,TRUE,NA
"Beta right-high",5,303123,260,800,525000,108591,26399,0.429775659523123,800,192,525000,437500,8.56548307025105,TRUE,NA
"Beta right-high",5,303123,261,333,525000,103078,26239,0.353449397955718,333,63,525000,555000,14.0550473372953,TRUE,NA
"Beta right-high",5,303123,261,800,525000,103078,26239,0.42557612107767,800,151,525000,556291.390728477,9.35464229440858,TRUE,NA
"Beta right-high",5,303123,262,333,525000,103368,26233,0.351534872464259,333,54,525000,647500,14.96660890478,TRUE,NA
"Beta right-high",5,303123,262,800,525000,103368,26233,0.420980670938961,800,153,525000,549019.607843137,9.30825676577559,TRUE,NA
"Beta right-high",5,303123,263,333,525000,105222,26397,0.350851827535052,333,60,525000,582750,14.3346037123501,TRUE,NA
"Beta right-high",5,303123,263,800,525000,105222,26397,0.423606116127678,800,146,525000,575342.465753425,9.47508931769804,TRUE,NA
"Beta right-high",5,303123,264,333,525000,106293,26206,0.357199443040128,333,76,525000,460065.789473684,13.0534724993725,TRUE,NA
"Beta right-high",5,303123,264,800,525000,106293,26206,0.429030727399405,800,168,525000,5e+05,8.98932569313369,TRUE,NA
"Beta right-high",5,303123,265,333,525000,101698,26208,0.354284998793651,333,82,525000,426402.43902439,12.6793302834041,TRUE,NA
"Beta right-high",5,303123,265,800,525000,101698,26208,0.423108401357116,800,166,525000,506024.096385542,9.02912679880207,TRUE,NA
"Beta right-high",5,303123,266,333,525000,101709,26129,0.35078215585938,333,59,525000,592627.118644068,14.4328002254304,TRUE,NA
"Beta right-high",5,303123,266,800,525000,101709,26129,0.420403874726021,800,144,525000,583333.333333333,9.52515676185271,TRUE,NA
"Beta right-high",5,303123,267,333,525000,101329,26059,0.354795359498024,333,60,525000,582750,14.3346037123501,TRUE,NA
"Beta right-high",5,303123,267,800,525000,101329,26059,0.425286932737409,800,158,525000,531645.569620253,9.19648335691042,TRUE,NA
"Beta right-high",5,303123,268,333,525000,104042,26441,0.352412838348621,333,70,525000,499500,13.478551100938,TRUE,NA
"Beta right-high",5,303123,268,800,525000,104042,26441,0.422932563229657,800,148,525000,567567.567567568,9.42611979878208,TRUE,NA
"Beta right-high",5,303123,269,333,525000,104959,26218,0.354938630470721,333,76,525000,460065.789473684,13.0534724993725,TRUE,NA
"Beta right-high",5,303123,269,800,525000,104959,26218,0.421962894445385,800,152,525000,552631.578947368,9.33132576741561,TRUE,NA
"Beta right-high",5,303123,270,333,525000,107495,26281,0.351367664942956,333,45,525000,777000,16.1566215263488,TRUE,NA
"Beta right-high",5,303123,270,800,525000,107495,26281,0.424328994961976,800,128,525000,656250,9.97041457981683,TRUE,NA
"Beta right-high",5,303123,271,333,525000,105374,26199,0.350912051151149,333,54,525000,647500,14.96660890478,TRUE,NA
"Beta right-high",5,303123,271,800,525000,105374,26199,0.426462922802884,800,170,525000,494117.647058824,8.95029029167148,TRUE,NA
"Beta right-high",5,303123,272,333,525000,109235,26338,0.354925920852446,333,76,525000,460065.789473684,13.0534724993725,TRUE,NA
"Beta right-high",5,303123,272,800,525000,109235,26338,0.427862127375451,800,157,525000,535031.847133758,9.21837482473715,TRUE,NA
"Beta right-high",5,303123,273,333,525000,102386,26085,0.353229105813178,333,75,525000,466200,13.1205003813417,TRUE,NA
"Beta right-high",5,303123,273,800,525000,102386,26085,0.424814496216085,800,176,525000,477272.727272727,8.83755332157073,TRUE,NA
"Beta right-high",5,303123,274,333,525000,103098,26175,0.359206214810443,333,73,525000,478972.602739726,13.2589780259761,TRUE,NA
"Beta right-high",5,303123,274,800,525000,103098,26175,0.426070207298426,800,164,525000,512195.12195122,9.06971756172824,TRUE,NA
"Beta right-high",5,303123,275,333,525000,103050,26194,0.355549923973786,333,77,525000,454090.909090909,12.9878530478899,TRUE,NA
"Beta right-high",5,303123,275,800,525000,103050,26194,0.426496234882508,800,168,525000,5e+05,8.98932569313369,TRUE,NA
"Beta right-high",5,303123,276,333,525000,106226,26360,0.350361094432391,333,62,525000,563951.612903226,14.1458304635712,TRUE,NA
"Beta right-high",5,303123,276,800,525000,106226,26360,0.419798069473992,800,158,525000,531645.569620253,9.19648335691042,TRUE,NA
"Beta right-high",5,303123,277,333,525000,107052,26321,0.355954141583136,333,60,525000,582750,14.3346037123501,TRUE,NA
"Beta right-high",5,303123,277,800,525000,107052,26321,0.425038265651279,800,135,525000,622222.222222222,9.76515442619819,TRUE,NA
"Beta right-high",5,303123,278,333,525000,105463,25823,0.352976190382355,333,79,525000,442594.936708861,12.860656103188,TRUE,NA
"Beta right-high",5,303123,278,800,525000,105463,25823,0.420626043151845,800,157,525000,535031.847133758,9.21837482473715,TRUE,NA
"Beta right-high",5,303123,279,333,525000,102795,26030,0.35682691805107,333,65,525000,537923.076923077,13.8802143632441,TRUE,NA
"Beta right-high",5,303123,279,800,525000,102795,26030,0.430099945581222,800,151,525000,556291.390728477,9.35464229440858,TRUE,NA
"Beta right-high",5,303123,280,333,525000,108162,26216,0.356037921082861,333,85,525000,411352.941176471,12.5084473755532,TRUE,NA
"Beta right-high",5,303123,280,800,525000,108162,26216,0.426133619904129,800,191,525000,439790.57591623,8.58138612555294,TRUE,NA
"Beta right-high",5,303123,281,333,525000,102607,25960,0.353272168334794,333,75,525000,466200,13.1205003813417,TRUE,NA
"Beta right-high",5,303123,281,800,525000,102607,25960,0.426178710190204,800,153,525000,549019.607843137,9.30825676577559,TRUE,NA
"Beta right-high",5,303123,282,333,525000,101953,26510,0.353524113012052,333,59,525000,592627.118644068,14.4328002254304,TRUE,NA
"Beta right-high",5,303123,282,800,525000,101953,26510,0.42896253771579,800,145,525000,579310.344827586,9.49998337550142,TRUE,NA
"Beta right-high",5,303123,283,333,525000,108504,26249,0.352113283042047,333,67,525000,521865.671641791,13.7137860660992,TRUE,NA
"Beta right-high",5,303123,283,800,525000,108504,26249,0.420278477375891,800,149,525000,563758.389261745,9.4020349315005,TRUE,NA
"Beta right-high",5,303123,284,333,525000,99233,26200,0.358966561891307,333,58,525000,602844.827586207,14.5336846679327,TRUE,NA
"Beta right-high",5,303123,284,800,525000,99233,26200,0.427997326180299,800,152,525000,552631.578947368,9.33132576741561,TRUE,NA
"Beta right-high",5,303123,285,333,525000,103656,26216,0.357279145167282,333,67,525000,521865.671641791,13.7137860660992,TRUE,NA
"Beta right-high",5,303123,285,800,525000,103656,26216,0.42735283582521,800,153,525000,549019.607843137,9.30825676577559,TRUE,NA
"Beta right-high",5,303123,286,333,525000,102603,26202,0.35140773693097,333,47,525000,743936.170212766,15.8612784595146,TRUE,NA
"Beta right-high",5,303123,286,800,525000,102603,26202,0.426286886506582,800,144,525000,583333.333333333,9.52515676185271,TRUE,NA
"Beta right-high",5,303123,287,333,525000,108615,26482,0.356404715130909,333,66,525000,529772.727272727,13.7959903029324,TRUE,NA
"Beta right-high",5,303123,287,800,525000,108615,26482,0.425428589175941,800,156,525000,538461.538461538,9.24049408830438,TRUE,NA
"Beta right-high",5,303123,288,333,525000,107068,26280,0.35739511587492,333,90,525000,388500,12.244399047506,TRUE,NA
"Beta right-high",5,303123,288,800,525000,107068,26280,0.430036153643,800,216,525000,388888.888888889,8.22073373791661,TRUE,NA
"Beta right-high",5,303123,289,333,525000,103207,26312,0.359732279948074,333,59,525000,592627.118644068,14.4328002254304,TRUE,NA
"Beta right-high",5,303123,289,800,525000,103207,26312,0.426746180464846,800,134,525000,626865.671641791,9.79341781836483,TRUE,NA
"Beta right-high",5,303123,290,333,525000,107217,26541,0.359799109562163,333,74,525000,472500,13.1889852550751,TRUE,NA
"Beta right-high",5,303123,290,800,525000,107217,26541,0.429460743323673,800,173,525000,485549.132947977,8.89312291051442,TRUE,NA
"Beta right-high",5,303123,291,333,525000,103790,26176,0.356491377443532,333,60,525000,582750,14.3346037123501,TRUE,NA
"Beta right-high",5,303123,291,800,525000,103790,26176,0.424974091337668,800,155,525000,541935.483870968,9.26284491534227,TRUE,NA
"Beta right-high",5,303123,292,333,525000,109317,26320,0.352665165278656,333,67,525000,521865.671641791,13.7137860660992,TRUE,NA
"Beta right-high",5,303123,292,800,525000,109317,26320,0.421463844069435,800,140,525000,6e+05,9.62874541786184,TRUE,NA
"Beta right-high",5,303123,293,333,525000,101969,26273,0.357485494293053,333,59,525000,592627.118644068,14.4328002254304,TRUE,NA
"Beta right-high",5,303123,293,800,525000,101969,26273,0.423482491453789,800,136,525000,617647.058823529,9.7372264355991,TRUE,NA
"Beta right-high",5,303123,294,333,525000,106660,26175,0.351379842946987,333,70,525000,499500,13.478551100938,TRUE,NA
"Beta right-high",5,303123,294,800,525000,106660,26175,0.426276524278383,800,162,525000,518518.518518519,9.11112297991595,TRUE,NA
"Beta right-high",5,303123,295,333,525000,103948,26275,0.357941892214524,333,60,525000,582750,14.3346037123501,TRUE,NA
"Beta right-high",5,303123,295,800,525000,103948,26275,0.42474229318574,800,145,525000,579310.344827586,9.49998337550142,TRUE,NA
"Beta right-high",5,303123,296,333,525000,105647,26135,0.358928146874541,333,67,525000,521865.671641791,13.7137860660992,TRUE,NA
"Beta right-high",5,303123,296,800,525000,105647,26135,0.428603123185458,800,158,525000,531645.569620253,9.19648335691042,TRUE,NA
"Beta right-high",5,303123,297,333,525000,112247,26209,0.348144803509404,333,68,525000,514191.176470588,13.633525606125,TRUE,NA
"Beta right-high",5,303123,297,800,525000,112247,26209,0.421800275175143,800,167,525000,502994.011976048,9.00912905970284,TRUE,NA
"Beta right-high",5,303123,298,333,525000,106295,26268,0.350104690006467,333,63,525000,555000,14.0550473372953,TRUE,NA
"Beta right-high",5,303123,298,800,525000,106295,26268,0.422359038647106,800,142,525000,591549.295774648,9.57636163188774,TRUE,NA
"Beta right-high",5,303123,299,333,525000,107182,26094,0.359036602454399,333,83,525000,421265.060240964,12.6212568563633,TRUE,NA
"Beta right-high",5,303123,299,800,525000,107182,26094,0.430477786241133,800,206,525000,407766.990291262,8.35630637385995,TRUE,NA
"Beta right-high",5,303123,300,333,525000,102673,26208,0.359478882762031,333,71,525000,492464.788732394,13.4037034936613,TRUE,NA
"Beta right-high",5,303123,300,800,525000,102673,26208,0.430295562637403,800,173,525000,485549.132947977,8.89312291051442,TRUE,NA
"Beta right-high",5,303123,301,333,525000,104678,26198,0.359383765784942,333,73,525000,478972.602739726,13.2589780259761,TRUE,NA
"Beta right-high",5,303123,301,800,525000,104678,26198,0.431523895233178,800,189,525000,444444.444444444,8.61360666640153,TRUE,NA
"Beta right-high",5,303123,302,333,525000,104686,26278,0.356502909175023,333,63,525000,555000,14.0550473372953,TRUE,NA
"Beta right-high",5,303123,302,800,525000,104686,26278,0.428655478316274,800,167,525000,502994.011976048,9.00912905970284,TRUE,NA
"Beta right-high",5,303123,303,333,525000,106434,26366,0.354324747223944,333,72,525000,485625,13.3305320903684,TRUE,NA
"Beta right-high",5,303123,303,800,525000,106434,26366,0.427799497541596,800,167,525000,502994.011976048,9.00912905970284,TRUE,NA
"Beta right-high",5,303123,304,333,525000,105234,26217,0.347527365457288,333,46,525000,760108.695652174,16.0064206264636,TRUE,NA
"Beta right-high",5,303123,304,800,525000,105234,26217,0.424822973605233,800,147,525000,571428.571428571,9.45046971201844,TRUE,NA
"Beta right-high",5,303123,305,333,525000,106303,26078,0.35373232006066,333,77,525000,454090.909090909,12.9878530478899,TRUE,NA
"Beta right-high",5,303123,305,800,525000,106303,26078,0.427276895707553,800,182,525000,461538.461538462,8.7309347631556,TRUE,NA
"Beta right-high",5,303123,306,333,525000,107195,26247,0.356740865292201,333,58,525000,602844.827586207,14.5336846679327,TRUE,NA
"Beta right-high",5,303123,306,800,525000,107195,26247,0.429234675841492,800,160,525000,525000,9.15336915531238,TRUE,NA
"Beta right-high",5,303123,307,333,525000,102398,26267,0.356561780426457,333,64,525000,546328.125,13.9665384732028,TRUE,NA
"Beta right-high",5,303123,307,800,525000,102398,26267,0.422988368877022,800,146,525000,575342.465753425,9.47508931769804,TRUE,NA
"Beta right-high",5,303123,308,333,525000,108978,26155,0.360234042367428,333,65,525000,537923.076923077,13.8802143632441,TRUE,NA
"Beta right-high",5,303123,308,800,525000,108978,26155,0.427442489956011,800,175,525000,480000,8.85590334388769,TRUE,NA
"Beta right-high",5,303123,309,333,525000,105256,26177,0.353996494501631,333,48,525000,728437.5,15.7209265075818,TRUE,NA
"Beta right-high",5,303123,309,800,525000,105256,26177,0.426213879721412,800,138,525000,608695.652173913,9.68235172927353,TRUE,NA
"Beta right-high",5,303123,310,333,525000,104946,26326,0.3536897675098,333,79,525000,442594.936708861,12.860656103188,TRUE,NA
"Beta right-high",5,303123,310,800,525000,104946,26326,0.427268657715263,800,164,525000,512195.12195122,9.06971756172824,TRUE,NA
"Beta right-high",5,303123,311,333,525000,107285,26135,0.349515325398277,333,56,525000,624375,14.7440030349591,TRUE,NA
"Beta right-high",5,303123,311,800,525000,107285,26135,0.42147167762952,800,142,525000,591549.295774648,9.57636163188774,TRUE,NA
"Beta right-high",5,303123,312,333,525000,103108,25999,0.362447251989191,333,68,525000,514191.176470588,13.633525606125,TRUE,NA
"Beta right-high",5,303123,312,800,525000,103108,25999,0.42728019124584,800,157,525000,535031.847133758,9.21837482473715,TRUE,NA
"Beta right-high",5,303123,313,333,525000,102707,26231,0.349829552357913,333,64,525000,546328.125,13.9665384732028,TRUE,NA
"Beta right-high",5,303123,313,800,525000,102707,26231,0.420468127400226,800,145,525000,579310.344827586,9.49998337550142,TRUE,NA
"Beta right-high",5,303123,314,333,525000,101212,26162,0.355967613644123,333,59,525000,592627.118644068,14.4328002254304,TRUE,NA
"Beta right-high",5,303123,314,800,525000,101212,26162,0.427487981259711,800,149,525000,563758.389261745,9.4020349315005,TRUE,NA
"Beta right-high",5,303123,315,333,525000,104160,26305,0.355709788275817,333,64,525000,546328.125,13.9665384732028,TRUE,NA
"Beta right-high",5,303123,315,800,525000,104160,26305,0.426350119263564,800,136,525000,617647.058823529,9.7372264355991,TRUE,NA
"Beta right-high",5,303123,316,333,525000,105873,26322,0.356275819758242,333,65,525000,537923.076923077,13.8802143632441,TRUE,NA
"Beta right-high",5,303123,316,800,525000,105873,26322,0.429799190055972,800,168,525000,5e+05,8.98932569313369,TRUE,NA
"Beta right-high",5,303123,317,333,525000,106703,26175,0.354106626830875,333,88,525000,397329.545454545,12.3470871285424,TRUE,NA
"Beta right-high",5,303123,317,800,525000,106703,26175,0.422386220723883,800,181,525000,464088.397790055,8.74830187396128,TRUE,NA
"Beta right-high",5,303123,318,333,525000,100290,26057,0.360699646392586,333,78,525000,448269.230769231,12.9235956733636,TRUE,NA
"Beta right-high",5,303123,318,800,525000,100290,26057,0.433172074100039,800,165,525000,509090.909090909,9.04932193589579,TRUE,NA
"Beta right-high",5,303123,319,333,525000,108116,26116,0.35725958725068,333,57,525000,613421.052631579,14.6373765892212,TRUE,NA
"Beta right-high",5,303123,319,800,525000,108116,26116,0.429390128326957,800,151,525000,556291.390728477,9.35464229440858,TRUE,NA
"Beta right-high",5,303123,320,333,525000,104216,26035,0.356569552257189,333,56,525000,624375,14.7440030349591,TRUE,NA
"Beta right-high",5,303123,320,800,525000,104216,26035,0.427346811225754,800,124,525000,677419.35483871,10.0960055558496,TRUE,NA
"Beta right-high",5,303123,321,333,525000,107655,26408,0.351291112560914,333,55,525000,635727.272727273,14.853699160197,TRUE,NA
"Beta right-high",5,303123,321,800,525000,107655,26408,0.422762302643651,800,154,525000,545454.545454545,9.28543116007485,TRUE,NA
"Beta right-high",5,303123,322,333,525000,100457,26316,0.351605405298637,333,53,525000,659716.981132075,15.0828857386931,TRUE,NA
"Beta right-high",5,303123,322,800,525000,100457,26316,0.4245644092518,800,156,525000,538461.538461538,9.24049408830438,TRUE,NA
"Beta right-high",5,303123,323,333,525000,104179,26303,0.353382944859516,333,71,525000,492464.788732394,13.4037034936613,TRUE,NA
"Beta right-high",5,303123,323,800,525000,104179,26303,0.428304703032266,800,162,525000,518518.518518519,9.11112297991595,TRUE,NA
"Beta right-high",5,303123,324,333,525000,103086,26311,0.353389273645137,333,57,525000,613421.052631579,14.6373765892212,TRUE,NA
"Beta right-high",5,303123,324,800,525000,103086,26311,0.424801154307757,800,144,525000,583333.333333333,9.52515676185271,TRUE,NA
"Beta right-high",5,303123,325,333,525000,106441,26009,0.359935865396218,333,53,525000,659716.981132075,15.0828857386931,TRUE,NA
"Beta right-high",5,303123,325,800,525000,106441,26009,0.427463258445564,800,145,525000,579310.344827586,9.49998337550142,TRUE,NA
"Beta right-high",5,303123,326,333,525000,101827,26447,0.348454875056138,333,73,525000,478972.602739726,13.2589780259761,TRUE,NA
"Beta right-high",5,303123,326,800,525000,101827,26447,0.418945337527342,800,151,525000,556291.390728477,9.35464229440858,TRUE,NA
"Beta right-high",5,303123,327,333,525000,102268,26319,0.3466944807484,333,59,525000,592627.118644068,14.4328002254304,TRUE,NA
"Beta right-high",5,303123,327,800,525000,102268,26319,0.424405052902004,800,167,525000,502994.011976048,9.00912905970284,TRUE,NA
"Beta right-high",5,303123,328,333,525000,109342,26102,0.363650637791085,333,89,525000,392865.168539326,12.2952733798502,TRUE,NA
"Beta right-high",5,303123,328,800,525000,109342,26102,0.43292857784526,800,180,525000,466666.666666667,8.76582696891626,TRUE,NA
"Beta right-high",5,303123,329,333,525000,105900,25929,0.358353557038691,333,65,525000,537923.076923077,13.8802143632441,TRUE,NA
"Beta right-high",5,303123,329,800,525000,105900,25929,0.430695385342229,800,182,525000,461538.461538462,8.7309347631556,TRUE,NA
"Beta right-high",5,303123,330,333,525000,105852,26298,0.354427609683095,333,73,525000,478972.602739726,13.2589780259761,TRUE,NA
"Beta right-high",5,303123,330,800,525000,105852,26298,0.427292711609485,800,176,525000,477272.727272727,8.83755332157073,TRUE,NA
"Beta right-high",5,303123,331,333,525000,102816,26187,0.347402358263031,333,63,525000,555000,14.0550473372953,TRUE,NA
"Beta right-high",5,303123,331,800,525000,102816,26187,0.419901341312828,800,158,525000,531645.569620253,9.19648335691042,TRUE,NA
"Beta right-high",5,303123,332,333,525000,102693,26433,0.355956049775611,333,78,525000,448269.230769231,12.9235956733636,TRUE,NA
"Beta right-high",5,303123,332,800,525000,102693,26433,0.423268862724196,800,171,525000,491228.070175439,8.93105251676233,TRUE,NA
"Beta right-high",5,303123,333,333,525000,103190,26441,0.353885301570507,333,62,525000,563951.612903226,14.1458304635712,TRUE,NA
"Beta right-high",5,303123,333,800,525000,103190,26441,0.42265407586803,800,159,525000,528301.886792453,9.17481600112124,TRUE,NA
"Beta right-high",5,303123,334,333,525000,106793,26159,0.350314563434211,333,63,525000,555000,14.0550473372953,TRUE,NA
"Beta right-high",5,303123,334,800,525000,106793,26159,0.426491365775508,800,160,525000,525000,9.15336915531238,TRUE,NA
"Beta right-high",5,303123,335,333,525000,105123,26098,0.355401083156518,333,76,525000,460065.789473684,13.0534724993725,TRUE,NA
"Beta right-high",5,303123,335,800,525000,105123,26098,0.426403204501226,800,162,525000,518518.518518519,9.11112297991595,TRUE,NA
"Beta right-high",5,303123,336,333,525000,105131,26229,0.355011079874141,333,65,525000,537923.076923077,13.8802143632441,TRUE,NA
"Beta right-high",5,303123,336,800,525000,105131,26229,0.423605236369298,800,155,525000,541935.483870968,9.26284491534227,TRUE,NA
"Beta right-high",5,303123,337,333,525000,104595,26407,0.352771303303015,333,67,525000,521865.671641791,13.7137860660992,TRUE,NA
"Beta right-high",5,303123,337,800,525000,104595,26407,0.423370838218868,800,166,525000,506024.096385542,9.02912679880207,TRUE,NA
"Beta right-high",5,303123,338,333,525000,101220,26351,0.351585019233998,333,70,525000,499500,13.478551100938,TRUE,NA
"Beta right-high",5,303123,338,800,525000,101220,26351,0.425628727035822,800,162,525000,518518.518518519,9.11112297991595,TRUE,NA
"Beta right-high",5,303123,339,333,525000,103624,26238,0.354419946986143,333,66,525000,529772.727272727,13.7959903029324,TRUE,NA
"Beta right-high",5,303123,339,800,525000,103624,26238,0.42510557440715,800,161,525000,521739.130434783,9.13213929677269,TRUE,NA
"Beta right-high",5,303123,340,333,525000,104716,26155,0.352577453419464,333,56,525000,624375,14.7440030349591,TRUE,NA
"Beta right-high",5,303123,340,800,525000,104716,26155,0.426965279948029,800,137,525000,613138.686131387,9.70962757387486,TRUE,NA
"Beta right-high",5,303123,341,333,525000,106516,26052,0.349029607861721,333,65,525000,537923.076923077,13.8802143632441,TRUE,NA
"Beta right-high",5,303123,341,800,525000,106516,26052,0.427136846186068,800,170,525000,494117.647058824,8.95029029167148,TRUE,NA
"Beta right-high",5,303123,342,333,525000,106345,26256,0.353103274868603,333,64,525000,546328.125,13.9665384732028,TRUE,NA
"Beta right-high",5,303123,342,800,525000,106345,26256,0.424931025148333,800,146,525000,575342.465753425,9.47508931769804,TRUE,NA
"Beta right-high",5,303123,343,333,525000,103963,26308,0.355904164039848,333,71,525000,492464.788732394,13.4037034936613,TRUE,NA
"Beta right-high",5,303123,343,800,525000,103963,26308,0.427593102463914,800,147,525000,571428.571428571,9.45046971201844,TRUE,NA
"Beta right-high",5,303123,344,333,525000,100999,26114,0.354672001954325,333,61,525000,573196.721311475,14.2389825181774,TRUE,NA
"Beta right-high",5,303123,344,800,525000,100999,26114,0.425350029375197,800,152,525000,552631.578947368,9.33132576741561,TRUE,NA
"Beta right-high",5,303123,345,333,525000,105892,26289,0.353287962594115,333,50,525000,699300,15.4536143643956,TRUE,NA
"Beta right-high",5,303123,345,800,525000,105892,26289,0.425635431581785,800,162,525000,518518.518518519,9.11112297991595,TRUE,NA
"Beta right-high",5,303123,346,333,525000,108281,26167,0.362764876522647,333,75,525000,466200,13.1205003813417,TRUE,NA
"Beta right-high",5,303123,346,800,525000,108281,26167,0.430706147215096,800,168,525000,5e+05,8.98932569313369,TRUE,NA
"Beta right-high",5,303123,347,333,525000,108309,26188,0.356614788835534,333,66,525000,529772.727272727,13.7959903029324,TRUE,NA
"Beta right-high",5,303123,347,800,525000,108309,26188,0.432066139303118,800,163,525000,515337.423312883,9.09031683413498,TRUE,NA
"Beta right-high",5,303123,348,333,525000,108546,26224,0.354786013190934,333,80,525000,437062.5,12.7989920276346,TRUE,NA
"Beta right-high",5,303123,348,800,525000,108546,26224,0.426139574590763,800,183,525000,459016.393442623,8.71372340831366,TRUE,NA
"Beta right-high",5,303123,349,333,525000,107439,26047,0.354706471254978,333,87,525000,401896.551724138,12.3998679694215,TRUE,NA
"Beta right-high",5,303123,349,800,525000,107439,26047,0.42855539150671,800,187,525000,449197.860962567,8.6463924686716,TRUE,NA
"Beta right-high",5,303123,350,333,525000,106584,26401,0.356034061069527,333,63,525000,555000,14.0550473372953,TRUE,NA
"Beta right-high",5,303123,350,800,525000,106584,26401,0.423668119440209,800,161,525000,521739.130434783,9.13213929677269,TRUE,NA
"Beta right-high",5,303123,351,333,525000,103611,26421,0.355410308605199,333,69,525000,506739.130434783,13.5551367811372,TRUE,NA
"Beta right-high",5,303123,351,800,525000,103611,26421,0.426478544527257,800,165,525000,509090.909090909,9.04932193589579,TRUE,NA
"Beta right-high",5,303123,352,333,525000,106416,26345,0.35430552741286,333,73,525000,478972.602739726,13.2589780259761,TRUE,NA
"Beta right-high",5,303123,352,800,525000,106416,26345,0.42159634387757,800,163,525000,515337.423312883,9.09031683413498,TRUE,NA
"Beta right-high",5,303123,353,333,525000,108620,26220,0.350502868421925,333,60,525000,582750,14.3346037123501,TRUE,NA
"Beta right-high",5,303123,353,800,525000,108620,26220,0.424218799677112,800,140,525000,6e+05,9.62874541786184,TRUE,NA
"Beta right-high",5,303123,354,333,525000,105809,26360,0.351720879434166,333,60,525000,582750,14.3346037123501,TRUE,NA
"Beta right-high",5,303123,354,800,525000,105809,26360,0.424783500667295,800,155,525000,541935.483870968,9.26284491534227,TRUE,NA
"Beta right-high",5,303123,355,333,525000,109309,26511,0.356143641070388,333,55,525000,635727.272727273,14.853699160197,TRUE,NA
"Beta right-high",5,303123,355,800,525000,109309,26511,0.425173889665074,800,146,525000,575342.465753425,9.47508931769804,TRUE,NA
"Beta right-high",5,303123,356,333,525000,104133,26026,0.363423613253639,333,83,525000,421265.060240964,12.6212568563633,TRUE,NA
"Beta right-high",5,303123,356,800,525000,104133,26026,0.431861949167443,800,200,525000,420000,8.4429951375933,TRUE,NA
"Beta right-high",5,303123,357,333,525000,108323,26453,0.344983850180845,333,71,525000,492464.788732394,13.4037034936613,TRUE,NA
"Beta right-high",5,303123,357,800,525000,108323,26453,0.422614558886886,800,181,525000,464088.397790055,8.74830187396128,TRUE,NA
"Beta right-high",5,303123,358,333,525000,109298,26280,0.354862509393752,333,77,525000,454090.909090909,12.9878530478899,TRUE,NA
"Beta right-high",5,303123,358,800,525000,109298,26280,0.423488765955726,800,178,525000,471910.112359551,8.80136024568492,TRUE,NA
"Beta right-high",5,303123,359,333,525000,103568,26326,0.361773834078363,333,61,525000,573196.721311475,14.2389825181774,TRUE,NA
"Beta right-high",5,303123,359,800,525000,103568,26326,0.42651188486331,800,161,525000,521739.130434783,9.13213929677269,TRUE,NA
"Beta right-high",5,303123,360,333,525000,106077,26297,0.357808631522977,333,79,525000,442594.936708861,12.860656103188,TRUE,NA
"Beta right-high",5,303123,360,800,525000,106077,26297,0.422282589774955,800,146,525000,575342.465753425,9.47508931769804,TRUE,NA
"Beta right-high",5,303123,361,333,525000,103717,26247,0.360080136674165,333,65,525000,537923.076923077,13.8802143632441,TRUE,NA
"Beta right-high",5,303123,361,800,525000,103717,26247,0.428349735213141,800,144,525000,583333.333333333,9.52515676185271,TRUE,NA
"Beta right-high",5,303123,362,333,525000,101706,26304,0.354279334394743,333,57,525000,613421.052631579,14.6373765892212,TRUE,NA
"Beta right-high",5,303123,362,800,525000,101706,26304,0.425888296837219,800,150,525000,560000,9.37821057345647,TRUE,NA
"Beta right-high",5,303123,363,333,525000,104653,26138,0.34861246400718,333,57,525000,613421.052631579,14.6373765892212,TRUE,NA
"Beta right-high",5,303123,363,800,525000,104653,26138,0.423561438051584,800,151,525000,556291.390728477,9.35464229440858,TRUE,NA
"Beta right-high",5,303123,364,333,525000,105666,26108,0.349457680054286,333,52,525000,672403.846153846,15.2026934860618,TRUE,NA
"Beta right-high",5,303123,364,800,525000,105666,26108,0.426106645207402,800,147,525000,571428.571428571,9.45046971201844,TRUE,NA
"Beta right-high",5,303123,365,333,525000,101311,26190,0.359229801480529,333,70,525000,499500,13.478551100938,TRUE,NA
"Beta right-high",5,303123,365,800,525000,101311,26190,0.430505375920359,800,167,525000,502994.011976048,9.00912905970284,TRUE,NA
"Beta right-high",5,303123,366,333,525000,106445,26351,0.35825413527273,333,90,525000,388500,12.244399047506,TRUE,NA
"Beta right-high",5,303123,366,800,525000,106445,26351,0.426048018505453,800,192,525000,437500,8.56548307025105,TRUE,NA
"Beta right-high",5,303123,367,333,525000,104334,26021,0.352997098909699,333,60,525000,582750,14.3346037123501,TRUE,NA
"Beta right-high",5,303123,367,800,525000,104334,26021,0.422304732177168,800,144,525000,583333.333333333,9.52515676185271,TRUE,NA
"Beta right-high",5,303123,368,333,525000,104577,26156,0.349079438509772,333,67,525000,521865.671641791,13.7137860660992,TRUE,NA
"Beta right-high",5,303123,368,800,525000,104577,26156,0.423426451744885,800,151,525000,556291.390728477,9.35464229440858,TRUE,NA
"Beta right-high",5,303123,369,333,525000,108233,26038,0.355369285072167,333,86,525000,406569.76744186,12.4536447151385,TRUE,NA
"Beta right-high",5,303123,369,800,525000,108233,26038,0.421987650167955,800,172,525000,488372.093023256,8.91199763112317,TRUE,NA
"Beta right-high",5,303123,370,333,525000,100481,26077,0.350712157769401,333,59,525000,592627.118644068,14.4328002254304,TRUE,NA
"Beta right-high",5,303123,370,800,525000,100481,26077,0.425012571895586,800,142,525000,591549.295774648,9.57636163188774,TRUE,NA
"Beta right-high",5,303123,371,333,525000,103173,26204,0.351101904930713,333,70,525000,499500,13.478551100938,TRUE,NA
"Beta right-high",5,303123,371,800,525000,103173,26204,0.425956810809232,800,176,525000,477272.727272727,8.83755332157073,TRUE,NA
"Beta right-high",5,303123,372,333,525000,103821,26168,0.354733266194418,333,69,525000,506739.130434783,13.5551367811372,TRUE,NA
"Beta right-high",5,303123,372,800,525000,103821,26168,0.424258290774194,800,159,525000,528301.886792453,9.17481600112124,TRUE,NA
"Beta right-high",5,303123,373,333,525000,103456,26127,0.362682604912754,333,62,525000,563951.612903226,14.1458304635712,TRUE,NA
"Beta right-high",5,303123,373,800,525000,103456,26127,0.433921659126797,800,170,525000,494117.647058824,8.95029029167148,TRUE,NA
"Beta right-high",5,303123,374,333,525000,105868,26479,0.351295772770564,333,71,525000,492464.788732394,13.4037034936613,TRUE,NA
"Beta right-high",5,303123,374,800,525000,105868,26479,0.424043595688952,800,172,525000,488372.093023256,8.91199763112317,TRUE,NA
"Beta right-high",5,303123,375,333,525000,104660,26196,0.352991159851394,333,78,525000,448269.230769231,12.9235956733636,TRUE,NA
"Beta right-high",5,303123,375,800,525000,104660,26196,0.42810270717576,800,169,525000,497041.420118343,8.96971373715795,TRUE,NA
"Beta right-high",5,303123,376,333,525000,105456,26472,0.352854526623193,333,56,525000,624375,14.7440030349591,TRUE,NA
"Beta right-high",5,303123,376,800,525000,105456,26472,0.42288460222851,800,143,525000,587412.587412587,9.55061447360817,TRUE,NA
"Beta right-high",5,303123,377,333,525000,109060,26249,0.355988374093413,333,93,525000,375967.741935484,12.0971516748317,TRUE,NA
"Beta right-high",5,303123,377,800,525000,109060,26249,0.426108559037097,800,187,525000,449197.860962567,8.6463924686716,TRUE,NA
"Beta right-high",5,303123,378,333,525000,100595,25926,0.358294018839507,333,70,525000,499500,13.478551100938,TRUE,NA
"Beta right-high",5,303123,378,800,525000,100595,25926,0.430005520905996,800,140,525000,6e+05,9.62874541786184,TRUE,NA
"Beta right-high",5,303123,379,333,525000,104941,26278,0.355350286528891,333,54,525000,647500,14.96660890478,TRUE,NA
"Beta right-high",5,303123,379,800,525000,104941,26278,0.425453290680027,800,138,525000,608695.652173913,9.68235172927353,TRUE,NA
"Beta right-high",5,303123,380,333,525000,101366,26345,0.351208473124382,333,72,525000,485625,13.3305320903684,TRUE,NA
"Beta right-high",5,303123,380,800,525000,101366,26345,0.428233045797096,800,166,525000,506024.096385542,9.02912679880207,TRUE,NA
"Beta right-high",5,303123,381,333,525000,97829,26229,0.36024281888666,333,71,525000,492464.788732394,13.4037034936613,TRUE,NA
"Beta right-high",5,303123,381,800,525000,97829,26229,0.432247147649629,800,163,525000,515337.423312883,9.09031683413498,TRUE,NA
"Beta right-high",5,303123,382,333,525000,101436,26133,0.354583488830422,333,61,525000,573196.721311475,14.2389825181774,TRUE,NA
"Beta right-high",5,303123,382,800,525000,101436,26133,0.424922125345009,800,161,525000,521739.130434783,9.13213929677269,TRUE,NA
"Beta right-high",5,303123,383,333,525000,104732,26317,0.354557534119448,333,49,525000,713571.428571429,15.5851156420642,TRUE,NA
"Beta right-high",5,303123,383,800,525000,104732,26317,0.428528983017538,800,167,525000,502994.011976048,9.00912905970284,TRUE,NA
"Beta right-high",5,303123,384,333,525000,106634,25953,0.347568335399666,333,55,525000,635727.272727273,14.853699160197,TRUE,NA
"Beta right-high",5,303123,384,800,525000,106634,25953,0.422555160923526,800,129,525000,651162.790697674,9.93999732084397,TRUE,NA
"Beta right-high",5,303123,385,333,525000,101472,26284,0.350297731405284,333,60,525000,582750,14.3346037123501,TRUE,NA
"Beta right-high",5,303123,385,800,525000,101472,26284,0.425844737123011,800,153,525000,549019.607843137,9.30825676577559,TRUE,NA
"Beta right-high",5,303123,386,333,525000,105930,26155,0.357990156961697,333,79,525000,442594.936708861,12.860656103188,TRUE,NA
"Beta right-high",5,303123,386,800,525000,105930,26155,0.42875425883156,800,171,525000,491228.070175439,8.93105251676233,TRUE,NA
"Beta right-high",5,303123,387,333,525000,105468,26000,0.353308822325363,333,52,525000,672403.846153846,15.2026934860618,TRUE,NA
"Beta right-high",5,303123,387,800,525000,105468,26000,0.42233667293607,800,148,525000,567567.567567568,9.42611979878208,TRUE,NA
"Beta right-high",5,303123,388,333,525000,104999,26368,0.357215694708335,333,73,525000,478972.602739726,13.2589780259761,TRUE,NA
"Beta right-high",5,303123,388,800,525000,104999,26368,0.431783623322203,800,184,525000,456521.739130435,8.69666562427121,TRUE,NA
"Beta right-high",5,303123,389,333,525000,107026,26348,0.354739749148149,333,64,525000,546328.125,13.9665384732028,TRUE,NA
"Beta right-high",5,303123,389,800,525000,107026,26348,0.427662008939155,800,168,525000,5e+05,8.98932569313369,TRUE,NA
"Beta right-high",5,303123,390,333,525000,103040,26092,0.350034014498786,333,55,525000,635727.272727273,14.853699160197,TRUE,NA
"Beta right-high",5,303123,390,800,525000,103040,26092,0.42324747175082,800,149,525000,563758.389261745,9.4020349315005,TRUE,NA
"Beta right-high",5,303123,391,333,525000,106365,26078,0.353960565263245,333,56,525000,624375,14.7440030349591,TRUE,NA
"Beta right-high",5,303123,391,800,525000,106365,26078,0.425031041756272,800,154,525000,545454.545454545,9.28543116007485,TRUE,NA
"Beta right-high",5,303123,392,333,525000,105321,26253,0.348174679249377,333,59,525000,592627.118644068,14.4328002254304,TRUE,NA
"Beta right-high",5,303123,392,800,525000,105321,26253,0.424345843951442,800,153,525000,549019.607843137,9.30825676577559,TRUE,NA
"Beta right-high",5,303123,393,333,525000,103696,26234,0.355938096883985,333,72,525000,485625,13.3305320903684,TRUE,NA
"Beta right-high",5,303123,393,800,525000,103696,26234,0.426353030030257,800,178,525000,471910.112359551,8.80136024568492,TRUE,NA
"Beta right-high",5,303123,394,333,525000,107526,26360,0.358151623809913,333,70,525000,499500,13.478551100938,TRUE,NA
"Beta right-high",5,303123,394,800,525000,107526,26360,0.428642096880457,800,169,525000,497041.420118343,8.96971373715795,TRUE,NA
"Beta right-high",5,303123,395,333,525000,105983,26547,0.353141779651001,333,69,525000,506739.130434783,13.5551367811372,TRUE,NA
"Beta right-high",5,303123,395,800,525000,105983,26547,0.426359403380451,800,176,525000,477272.727272727,8.83755332157073,TRUE,NA
"Beta right-high",5,303123,396,333,525000,105761,26035,0.35487876191507,333,76,525000,460065.789473684,13.0534724993725,TRUE,NA
"Beta right-high",5,303123,396,800,525000,105761,26035,0.427940117508501,800,174,525000,482758.620689655,8.87442568627627,TRUE,NA
"Beta right-high",5,303123,397,333,525000,108019,26288,0.354775242262171,333,74,525000,472500,13.1889852550751,TRUE,NA
"Beta right-high",5,303123,397,800,525000,108019,26288,0.427126705187073,800,166,525000,506024.096385542,9.02912679880207,TRUE,NA
"Beta right-high",5,303123,398,333,525000,105940,26113,0.349329559584664,333,41,525000,852804.87804878,16.8141796097176,TRUE,NA
"Beta right-high",5,303123,398,800,525000,105940,26113,0.421267722576342,800,115,525000,730434.782608696,10.4038785379566,TRUE,NA
"Beta right-high",5,303123,399,333,525000,111784,26374,0.353156527397626,333,59,525000,592627.118644068,14.4328002254304,TRUE,NA
"Beta right-high",5,303123,399,800,525000,111784,26374,0.427116842898031,800,168,525000,5e+05,8.98932569313369,TRUE,NA
"Beta right-high",5,303123,400,333,525000,103140,26313,0.349904746900268,333,58,525000,602844.827586207,14.5336846679327,TRUE,NA
"Beta right-high",5,303123,400,800,525000,103140,26313,0.42427284914963,800,175,525000,480000,8.85590334388769,TRUE,NA
