"scenario","ratio_value","setting_seed","repetition","x_stop","n_target_total","n_marker_actual","n_target_band","x_end","x_count","n_count","c_true","c_hat","sigma_L","valid","invalid_reason"
"Beta centre-high",5,203123,1,333,525000,111044,7154,0.216548258240343,333,60,525000,582750,14.3346037123501,TRUE,NA
"Beta centre-high",5,203123,1,800,525000,111044,7154,0.283473057309107,800,144,525000,583333.333333333,9.52515676185271,TRUE,NA
"Beta centre-high",5,203123,2,333,525000,107491,7146,0.223701783865542,333,74,525000,472500,13.1889852550751,TRUE,NA
"Beta centre-high",5,203123,2,800,525000,107491,7146,0.288228219957814,800,159,525000,528301.886792453,9.17481600112124,TRUE,NA
"Beta centre-high",5,203123,3,333,525000,108044,7183,0.221433951859983,333,82,525000,426402.43902439,12.6793302834041,TRUE,NA
"Beta centre-high",5,203123,3,800,525000,108044,7183,0.28963195487104,800,181,525000,464088.397790055,8.74830187396128,TRUE,NA
"Beta centre-high",5,203123,4,333,525000,103656,7126,0.221738448718576,333,78,525000,448269.230769231,12.9235956733636,TRUE,NA
"Beta centre-high",5,203123,4,800,525000,103656,7126,0.288211156940677,800,165,525000,509090.909090909,9.04932193589579,TRUE,NA
"Beta centre-high",5,203123,5,333,525000,105310,7200,0.22078741425162,333,77,525000,454090.909090909,12.9878530478899,TRUE,NA
"Beta centre-high",5,203123,5,800,525000,105310,7200,0.287829069244308,800,162,525000,518518.518518519,9.11112297991595,TRUE,NA
"Beta centre-high",5,203123,6,333,525000,104058,7113,0.221181358334548,333,78,525000,448269.230769231,12.9235956733636,TRUE,NA
"Beta centre-high",5,203123,6,800,525000,104058,7113,0.288696031632501,800,165,525000,509090.909090909,9.04932193589579,TRUE,NA
"Beta centre-high",5,203123,7,333,525000,103309,7204,0.218593914088855,333,67,525000,521865.671641791,13.7137860660992,TRUE,NA
"Beta centre-high",5,203123,7,800,525000,103309,7204,0.286180956383469,800,169,525000,497041.420118343,8.96971373715795,TRUE,NA
"Beta centre-high",5,203123,8,333,525000,109563,7087,0.222377803259728,333,73,525000,478972.602739726,13.2589780259761,TRUE,NA
"Beta centre-high",5,203123,8,800,525000,109563,7087,0.293591824737878,800,171,525000,491228.070175439,8.93105251676233,TRUE,NA
"Beta centre-high",5,203123,9,333,525000,102786,7112,0.223377394282137,333,64,525000,546328.125,13.9665384732028,TRUE,NA
"Beta centre-high",5,203123,9,800,525000,102786,7112,0.292934341867415,800,171,525000,491228.070175439,8.93105251676233,TRUE,NA
"Beta centre-high",5,203123,10,333,525000,104803,7175,0.218197806047838,333,49,525000,713571.428571429,15.5851156420642,TRUE,NA
"Beta centre-high",5,203123,10,800,525000,104803,7175,0.288206325312064,800,138,525000,608695.652173913,9.68235172927353,TRUE,NA
"Beta centre-high",5,203123,11,333,525000,105058,6891,0.225388137324086,333,79,525000,442594.936708861,12.860656103188,TRUE,NA
"Beta centre-high",5,203123,11,800,525000,105058,6891,0.293924748798251,800,178,525000,471910.112359551,8.80136024568492,TRUE,NA
"Beta centre-high",5,203123,12,333,525000,99898,6977,0.225888044088846,333,75,525000,466200,13.1205003813417,TRUE,NA
"Beta centre-high",5,203123,12,800,525000,99898,6977,0.293982121396508,800,181,525000,464088.397790055,8.74830187396128,TRUE,NA
"Beta centre-high",5,203123,13,333,525000,105697,7051,0.216661397176763,333,60,525000,582750,14.3346037123501,TRUE,NA
"Beta centre-high",5,203123,13,800,525000,105697,7051,0.287419048997651,800,141,525000,595744.680851064,9.60240348605634,TRUE,NA
"Beta centre-high",5,203123,14,333,525000,104857,7284,0.224425696204645,333,56,525000,624375,14.7440030349591,TRUE,NA
"Beta centre-high",5,203123,14,800,525000,104857,7284,0.29015189205038,800,140,525000,6e+05,9.62874541786184,TRUE,NA
"Beta centre-high",5,203123,15,333,525000,104071,7231,0.216123472513173,333,61,525000,573196.721311475,14.2389825181774,TRUE,NA
"Beta centre-high",5,203123,15,800,525000,104071,7231,0.28579784457722,800,150,525000,560000,9.37821057345647,TRUE,NA
"Beta centre-high",5,203123,16,333,525000,103074,7148,0.216243249213259,333,63,525000,555000,14.0550473372953,TRUE,NA
"Beta centre-high",5,203123,16,800,525000,103074,7148,0.28820173118144,800,166,525000,506024.096385542,9.02912679880207,TRUE,NA
"Beta centre-high",5,203123,17,333,525000,106843,7128,0.224459639514138,333,69,525000,506739.130434783,13.5551367811372,TRUE,NA
"Beta centre-high",5,203123,17,800,525000,106843,7128,0.291071838385861,800,166,525000,506024.096385542,9.02912679880207,TRUE,NA
"Beta centre-high",5,203123,18,333,525000,106232,7170,0.223818274381152,333,77,525000,454090.909090909,12.9878530478899,TRUE,NA
"Beta centre-high",5,203123,18,800,525000,106232,7170,0.28556145471421,800,156,525000,538461.538461538,9.24049408830438,TRUE,NA
"Beta centre-high",5,203123,19,333,525000,103245,7083,0.226436952786574,333,76,525000,460065.789473684,13.0534724993725,TRUE,NA
"Beta centre-high",5,203123,19,800,525000,103245,7083,0.294469633284498,800,182,525000,461538.461538462,8.7309347631556,TRUE,NA
"Beta centre-high",5,203123,20,333,525000,104256,7074,0.217765609052047,333,61,525000,573196.721311475,14.2389825181774,TRUE,NA
"Beta centre-high",5,203123,20,800,525000,104256,7074,0.287271130421951,800,165,525000,509090.909090909,9.04932193589579,TRUE,NA
"Beta centre-high",5,203123,21,333,525000,102944,7186,0.219963031363264,333,60,525000,582750,14.3346037123501,TRUE,NA
"Beta centre-high",5,203123,21,800,525000,102944,7186,0.287866751567919,800,143,525000,587412.587412587,9.55061447360817,TRUE,NA
"Beta centre-high",5,203123,22,333,525000,110290,6936,0.219731754158863,333,65,525000,537923.076923077,13.8802143632441,TRUE,NA
"Beta centre-high",5,203123,22,800,525000,110290,6936,0.290988942479807,800,161,525000,521739.130434783,9.13213929677269,TRUE,NA
"Beta centre-high",5,203123,23,333,525000,106004,7147,0.225743093948163,333,76,525000,460065.789473684,13.0534724993725,TRUE,NA
"Beta centre-high",5,203123,23,800,525000,106004,7147,0.290244143617355,800,142,525000,591549.295774648,9.57636163188774,TRUE,NA
"Beta centre-high",5,203123,24,333,525000,105192,7054,0.220591226412972,333,82,525000,426402.43902439,12.6793302834041,TRUE,NA
"Beta centre-high",5,203123,24,800,525000,105192,7054,0.289292048665155,800,165,525000,509090.909090909,9.04932193589579,TRUE,NA
"Beta centre-high",5,203123,25,333,525000,107902,6931,0.220462443565512,333,75,525000,466200,13.1205003813417,TRUE,NA
"Beta centre-high",5,203123,25,800,525000,107902,6931,0.28941541577865,800,191,525000,439790.57591623,8.58138612555294,TRUE,NA
"Beta centre-high",5,203123,26,333,525000,105081,7091,0.219061366179342,333,74,525000,472500,13.1889852550751,TRUE,NA
"Beta centre-high",5,203123,26,800,525000,105081,7091,0.288738435514145,800,181,525000,464088.397790055,8.74830187396128,TRUE,NA
"Beta centre-high",5,203123,27,333,525000,104022,7209,0.213118750376916,333,59,525000,592627.118644068,14.4328002254304,TRUE,NA
"Beta centre-high",5,203123,27,800,525000,104022,7209,0.281467996980824,800,148,525000,567567.567567568,9.42611979878208,TRUE,NA
"Beta centre-high",5,203123,28,333,525000,108008,6933,0.223033186417083,333,64,525000,546328.125,13.9665384732028,TRUE,NA
"Beta centre-high",5,203123,28,800,525000,108008,6933,0.293461982250311,800,173,525000,485549.132947977,8.89312291051442,TRUE,NA
"Beta centre-high",5,203123,29,333,525000,106473,7033,0.219271140334062,333,66,525000,529772.727272727,13.7959903029324,TRUE,NA
"Beta centre-high",5,203123,29,800,525000,106473,7033,0.288052106138014,800,158,525000,531645.569620253,9.19648335691042,TRUE,NA
"Beta centre-high",5,203123,30,333,525000,111426,7074,0.219941626633117,333,74,525000,472500,13.1889852550751,TRUE,NA
"Beta centre-high",5,203123,30,800,525000,111426,7074,0.288761079114281,800,177,525000,474576.271186441,8.81937310893847,TRUE,NA
"Beta centre-high",5,203123,31,333,525000,103612,6982,0.227587808218423,333,67,525000,521865.671641791,13.7137860660992,TRUE,NA
"Beta centre-high",5,203123,31,800,525000,103612,6982,0.295237668131203,800,162,525000,518518.518518519,9.11112297991595,TRUE,NA
"Beta centre-high",5,203123,32,333,525000,106762,6948,0.217222826980249,333,69,525000,506739.130434783,13.5551367811372,TRUE,NA
"Beta centre-high",5,203123,32,800,525000,106762,6948,0.287541346501949,800,154,525000,545454.545454545,9.28543116007485,TRUE,NA
"Beta centre-high",5,203123,33,333,525000,103911,7139,0.22002360180448,333,61,525000,573196.721311475,14.2389825181774,TRUE,NA
"Beta centre-high",5,203123,33,800,525000,103911,7139,0.284177272444036,800,133,525000,631578.947368421,9.82202305119653,TRUE,NA
"Beta centre-high",5,203123,34,333,525000,100168,7208,0.217237387753713,333,70,525000,499500,13.478551100938,TRUE,NA
"Beta centre-high",5,203123,34,800,525000,100168,7208,0.286368871452898,800,152,525000,552631.578947368,9.33132576741561,TRUE,NA
"Beta centre-high",5,203123,35,333,525000,101133,7189,0.221035881012873,333,70,525000,499500,13.478551100938,TRUE,NA
"Beta centre-high",5,203123,35,800,525000,101133,7189,0.291044249644753,800,169,525000,497041.420118343,8.96971373715795,TRUE,NA
"Beta centre-high",5,203123,36,333,525000,100690,7118,0.219461428610686,333,64,525000,546328.125,13.9665384732028,TRUE,NA
"Beta centre-high",5,203123,36,800,525000,100690,7118,0.287455660400347,800,141,525000,595744.680851064,9.60240348605634,TRUE,NA
"Beta centre-high",5,203123,37,333,525000,104100,7249,0.218768674652733,333,50,525000,699300,15.4536143643956,TRUE,NA
"Beta centre-high",5,203123,37,800,525000,104100,7249,0.286389199795806,800,150,525000,560000,9.37821057345647,TRUE,NA
"Beta centre-high",5,203123,38,333,525000,105688,7036,0.21456180115322,333,59,525000,592627.118644068,14.4328002254304,TRUE,NA
"Beta centre-high",5,203123,38,800,525000,105688,7036,0.291662460219776,800,165,525000,509090.909090909,9.04932193589579,TRUE,NA
"Beta centre-high",5,203123,39,333,525000,103596,7109,0.225149701618193,333,65,525000,537923.076923077,13.8802143632441,TRUE,NA
"Beta centre-high",5,203123,39,800,525000,103596,7109,0.289682350074077,800,153,525000,549019.607843137,9.30825676577559,TRUE,NA
"Beta centre-high",5,203123,40,333,525000,109612,7240,0.220168889130738,333,74,525000,472500,13.1889852550751,TRUE,NA
"Beta centre-high",5,203123,40,800,525000,109612,7240,0.291467707404535,800,163,525000,515337.423312883,9.09031683413498,TRUE,NA
"Beta centre-high",5,203123,41,333,525000,105719,7080,0.226567464153833,333,77,525000,454090.909090909,12.9878530478899,TRUE,NA
"Beta centre-high",5,203123,41,800,525000,105719,7080,0.293855038149234,800,172,525000,488372.093023256,8.91199763112317,TRUE,NA
"Beta centre-high",5,203123,42,333,525000,106597,7148,0.215194641547777,333,50,525000,699300,15.4536143643956,TRUE,NA
"Beta centre-high",5,203123,42,800,525000,106597,7148,0.287579017593283,800,145,525000,579310.344827586,9.49998337550142,TRUE,NA
"Beta centre-high",5,203123,43,333,525000,105361,7130,0.219315572245749,333,64,525000,546328.125,13.9665384732028,TRUE,NA
"Beta centre-high",5,203123,43,800,525000,105361,7130,0.290263013346636,800,184,525000,456521.739130435,8.69666562427121,TRUE,NA
"Beta centre-high",5,203123,44,333,525000,103979,7082,0.221654812408474,333,57,525000,613421.052631579,14.6373765892212,TRUE,NA
"Beta centre-high",5,203123,44,800,525000,103979,7082,0.283562618783995,800,160,525000,525000,9.15336915531238,TRUE,NA
"Beta centre-high",5,203123,45,333,525000,103203,7077,0.221993017694047,333,77,525000,454090.909090909,12.9878530478899,TRUE,NA
"Beta centre-high",5,203123,45,800,525000,103203,7077,0.288487042296799,800,177,525000,474576.271186441,8.81937310893847,TRUE,NA
"Beta centre-high",5,203123,46,333,525000,105639,7030,0.221181139399446,333,65,525000,537923.076923077,13.8802143632441,TRUE,NA
"Beta centre-high",5,203123,46,800,525000,105639,7030,0.289561782802633,800,157,525000,535031.847133758,9.21837482473715,TRUE,NA
"Beta centre-high",5,203123,47,333,525000,109284,6949,0.22428169712617,333,61,525000,573196.721311475,14.2389825181774,TRUE,NA
"Beta centre-high",5,203123,47,800,525000,109284,6949,0.295381200979824,800,164,525000,512195.12195122,9.06971756172824,TRUE,NA
"Beta centre-high",5,203123,48,333,525000,98042,7101,0.222779435528521,333,80,525000,437062.5,12.7989920276346,TRUE,NA
"Beta centre-high",5,203123,48,800,525000,98042,7101,0.290579825454062,800,167,525000,502994.011976048,9.00912905970284,TRUE,NA
"Beta centre-high",5,203123,49,333,525000,98801,7117,0.225301123532486,333,72,525000,485625,13.3305320903684,TRUE,NA
"Beta centre-high",5,203123,49,800,525000,98801,7117,0.287112043974829,800,154,525000,545454.545454545,9.28543116007485,TRUE,NA
"Beta centre-high",5,203123,50,333,525000,99014,7213,0.21627339965288,333,55,525000,635727.272727273,14.853699160197,TRUE,NA
"Beta centre-high",5,203123,50,800,525000,99014,7213,0.286027036507688,800,135,525000,622222.222222222,9.76515442619819,TRUE,NA
"Beta centre-high",5,203123,51,333,525000,107742,7086,0.225091168666566,333,77,525000,454090.909090909,12.9878530478899,TRUE,NA
"Beta centre-high",5,203123,51,800,525000,107742,7086,0.292726022062237,800,170,525000,494117.647058824,8.95029029167148,TRUE,NA
"Beta centre-high",5,203123,52,333,525000,101247,7066,0.224827877633487,333,67,525000,521865.671641791,13.7137860660992,TRUE,NA
"Beta centre-high",5,203123,52,800,525000,101247,7066,0.290612502558483,800,146,525000,575342.465753425,9.47508931769804,TRUE,NA
"Beta centre-high",5,203123,53,333,525000,105683,7212,0.217769639715184,333,59,525000,592627.118644068,14.4328002254304,TRUE,NA
"Beta centre-high",5,203123,53,800,525000,105683,7212,0.284849554260856,800,149,525000,563758.389261745,9.4020349315005,TRUE,NA
"Beta centre-high",5,203123,54,333,525000,106606,6994,0.225469780196116,333,66,525000,529772.727272727,13.7959903029324,TRUE,NA
"Beta centre-high",5,203123,54,800,525000,106606,6994,0.293923881476968,800,158,525000,531645.569620253,9.19648335691042,TRUE,NA
"Beta centre-high",5,203123,55,333,525000,98910,7221,0.21665900156615,333,53,525000,659716.981132075,15.0828857386931,TRUE,NA
"Beta centre-high",5,203123,55,800,525000,98910,7221,0.285282614715633,800,156,525000,538461.538461538,9.24049408830438,TRUE,NA
"Beta centre-high",5,203123,56,333,525000,101637,6990,0.223362012139397,333,65,525000,537923.076923077,13.8802143632441,TRUE,NA
"Beta centre-high",5,203123,56,800,525000,101637,6990,0.296233648712017,800,149,525000,563758.389261745,9.4020349315005,TRUE,NA
"Beta centre-high",5,203123,57,333,525000,101222,7060,0.218767763742731,333,65,525000,537923.076923077,13.8802143632441,TRUE,NA
"Beta centre-high",5,203123,57,800,525000,101222,7060,0.290707301710253,800,168,525000,5e+05,8.98932569313369,TRUE,NA
"Beta centre-high",5,203123,58,333,525000,103722,7210,0.218879595271399,333,50,525000,699300,15.4536143643956,TRUE,NA
"Beta centre-high",5,203123,58,800,525000,103722,7210,0.289189351843586,800,138,525000,608695.652173913,9.68235172927353,TRUE,NA
"Beta centre-high",5,203123,59,333,525000,104610,7077,0.226348646051297,333,66,525000,529772.727272727,13.7959903029324,TRUE,NA
"Beta centre-high",5,203123,59,800,525000,104610,7077,0.295089331088055,800,179,525000,469273.74301676,8.78351232031546,TRUE,NA
"Beta centre-high",5,203123,60,333,525000,109823,7168,0.221139605660326,333,75,525000,466200,13.1205003813417,TRUE,NA
"Beta centre-high",5,203123,60,800,525000,109823,7168,0.286745343927155,800,170,525000,494117.647058824,8.95029029167148,TRUE,NA
"Beta centre-high",5,203123,61,333,525000,103725,7159,0.22099076812711,333,72,525000,485625,13.3305320903684,TRUE,NA
"Beta centre-high",5,203123,61,800,525000,103725,7159,0.290779147364317,800,156,525000,538461.538461538,9.24049408830438,TRUE,NA
"Beta centre-high",5,203123,62,333,525000,99426,7183,0.218932380137924,333,71,525000,492464.788732394,13.4037034936613,TRUE,NA
"Beta centre-high",5,203123,62,800,525000,99426,7183,0.28781676969067,800,171,525000,491228.070175439,8.93105251676233,TRUE,NA
"Beta centre-high",5,203123,63,333,525000,101080,7111,0.224054847676901,333,62,525000,563951.612903226,14.1458304635712,TRUE,NA
"Beta centre-high",5,203123,63,800,525000,101080,7111,0.291448141332357,800,163,525000,515337.423312883,9.09031683413498,TRUE,NA
"Beta centre-high",5,203123,64,333,525000,103853,7167,0.222350458644235,333,61,525000,573196.721311475,14.2389825181774,TRUE,NA
"Beta centre-high",5,203123,64,800,525000,103853,7167,0.292256375261714,800,163,525000,515337.423312883,9.09031683413498,TRUE,NA
"Beta centre-high",5,203123,65,333,525000,108728,7196,0.224814133735943,333,73,525000,478972.602739726,13.2589780259761,TRUE,NA
"Beta centre-high",5,203123,65,800,525000,108728,7196,0.285429059767376,800,157,525000,535031.847133758,9.21837482473715,TRUE,NA
"Beta centre-high",5,203123,66,333,525000,105060,7065,0.223174155870518,333,68,525000,514191.176470588,13.633525606125,TRUE,NA
"Beta centre-high",5,203123,66,800,525000,105060,7065,0.287129471104739,800,148,525000,567567.567567568,9.42611979878208,TRUE,NA
"Beta centre-high",5,203123,67,333,525000,105563,7188,0.219043814423548,333,69,525000,506739.130434783,13.5551367811372,TRUE,NA
"Beta centre-high",5,203123,67,800,525000,105563,7188,0.286016199649275,800,165,525000,509090.909090909,9.04932193589579,TRUE,NA
"Beta centre-high",5,203123,68,333,525000,106223,7064,0.221171920026342,333,74,525000,472500,13.1889852550751,TRUE,NA
"Beta centre-high",5,203123,68,800,525000,106223,7064,0.289619344667806,800,169,525000,497041.420118343,8.96971373715795,TRUE,NA
"Beta centre-high",5,203123,69,333,525000,104737,7073,0.218362433469141,333,63,525000,555000,14.0550473372953,TRUE,NA
"Beta centre-high",5,203123,69,800,525000,104737,7073,0.292042850708435,800,164,525000,512195.12195122,9.06971756172824,TRUE,NA
"Beta centre-high",5,203123,70,333,525000,103255,7144,0.223047275142821,333,53,525000,659716.981132075,15.0828857386931,TRUE,NA
"Beta centre-high",5,203123,70,800,525000,103255,7144,0.28725830807547,800,139,525000,604316.54676259,9.65539294573709,TRUE,NA
"Beta centre-high",5,203123,71,333,525000,106351,7203,0.221123992551873,333,61,525000,573196.721311475,14.2389825181774,TRUE,NA
"Beta centre-high",5,203123,71,800,525000,106351,7203,0.287128252308239,800,140,525000,6e+05,9.62874541786184,TRUE,NA
"Beta centre-high",5,203123,72,333,525000,101989,7259,0.214367443134249,333,66,525000,529772.727272727,13.7959903029324,TRUE,NA
"Beta centre-high",5,203123,72,800,525000,101989,7259,0.285700540297859,800,157,525000,535031.847133758,9.21837482473715,TRUE,NA
"Beta centre-high",5,203123,73,333,525000,103821,7181,0.217881913615363,333,62,525000,563951.612903226,14.1458304635712,TRUE,NA
"Beta centre-high",5,203123,73,800,525000,103821,7181,0.285286547362354,800,141,525000,595744.680851064,9.60240348605634,TRUE,NA
"Beta centre-high",5,203123,74,333,525000,109516,7132,0.217868723420113,333,77,525000,454090.909090909,12.9878530478899,TRUE,NA
"Beta centre-high",5,203123,74,800,525000,109516,7132,0.289035763106753,800,160,525000,525000,9.15336915531238,TRUE,NA
"Beta centre-high",5,203123,75,333,525000,109209,7034,0.219617059105381,333,64,525000,546328.125,13.9665384732028,TRUE,NA
"Beta centre-high",5,203123,75,800,525000,109209,7034,0.287404492092749,800,173,525000,485549.132947977,8.89312291051442,TRUE,NA
"Beta centre-high",5,203123,76,333,525000,102499,7244,0.21295447147539,333,53,525000,659716.981132075,15.0828857386931,TRUE,NA
"Beta centre-high",5,203123,76,800,525000,102499,7244,0.28353676681629,800,143,525000,587412.587412587,9.55061447360817,TRUE,NA
"Beta centre-high",5,203123,77,333,525000,104042,7186,0.218384866334711,333,55,525000,635727.272727273,14.853699160197,TRUE,NA
"Beta centre-high",5,203123,77,800,525000,104042,7186,0.284520807312769,800,146,525000,575342.465753425,9.47508931769804,TRUE,NA
"Beta centre-high",5,203123,78,333,525000,104263,7083,0.214721289916384,333,65,525000,537923.076923077,13.8802143632441,TRUE,NA
"Beta centre-high",5,203123,78,800,525000,104263,7083,0.285607055654726,800,171,525000,491228.070175439,8.93105251676233,TRUE,NA
"Beta centre-high",5,203123,79,333,525000,105698,7127,0.231208658876816,333,79,525000,442594.936708861,12.860656103188,TRUE,NA
"Beta centre-high",5,203123,79,800,525000,105698,7127,0.296077374941155,800,174,525000,482758.620689655,8.87442568627627,TRUE,NA
"Beta centre-high",5,203123,80,333,525000,110403,7132,0.218109689981661,333,57,525000,613421.052631579,14.6373765892212,TRUE,NA
"Beta centre-high",5,203123,80,800,525000,110403,7132,0.287547988062423,800,163,525000,515337.423312883,9.09031683413498,TRUE,NA
"Beta centre-high",5,203123,81,333,525000,100613,7277,0.219646017594927,333,61,525000,573196.721311475,14.2389825181774,TRUE,NA
"Beta centre-high",5,203123,81,800,525000,100613,7277,0.290201469448491,800,150,525000,560000,9.37821057345647,TRUE,NA
"Beta centre-high",5,203123,82,333,525000,104496,7189,0.217910777569924,333,59,525000,592627.118644068,14.4328002254304,TRUE,NA
"Beta centre-high",5,203123,82,800,525000,104496,7189,0.289407590707536,800,157,525000,535031.847133758,9.21837482473715,TRUE,NA
"Beta centre-high",5,203123,83,333,525000,104567,6968,0.223730279217559,333,73,525000,478972.602739726,13.2589780259761,TRUE,NA
"Beta centre-high",5,203123,83,800,525000,104567,6968,0.291918501099487,800,165,525000,509090.909090909,9.04932193589579,TRUE,NA
"Beta centre-high",5,203123,84,333,525000,104396,7171,0.222045305466082,333,82,525000,426402.43902439,12.6793302834041,TRUE,NA
"Beta centre-high",5,203123,84,800,525000,104396,7171,0.287310658429453,800,162,525000,518518.518518519,9.11112297991595,TRUE,NA
"Beta centre-high",5,203123,85,333,525000,108045,7081,0.219622915387958,333,64,525000,546328.125,13.9665384732028,TRUE,NA
"Beta centre-high",5,203123,85,800,525000,108045,7081,0.295421334838573,800,176,525000,477272.727272727,8.83755332157073,TRUE,NA
"Beta centre-high",5,203123,86,333,525000,105184,7204,0.223712629763563,333,75,525000,466200,13.1205003813417,TRUE,NA
"Beta centre-high",5,203123,86,800,525000,105184,7204,0.291007994449307,800,176,525000,477272.727272727,8.83755332157073,TRUE,NA
"Beta centre-high",5,203123,87,333,525000,104765,7143,0.2213933686532,333,56,525000,624375,14.7440030349591,TRUE,NA
"Beta centre-high",5,203123,87,800,525000,104765,7143,0.286647680443406,800,142,525000,591549.295774648,9.57636163188774,TRUE,NA
"Beta centre-high",5,203123,88,333,525000,102959,7207,0.219125082068445,333,58,525000,602844.827586207,14.5336846679327,TRUE,NA
"Beta centre-high",5,203123,88,800,525000,102959,7207,0.288155944626005,800,143,525000,587412.587412587,9.55061447360817,TRUE,NA
"Beta centre-high",5,203123,89,333,525000,108860,7130,0.218064727072147,333,78,525000,448269.230769231,12.9235956733636,TRUE,NA
"Beta centre-high",5,203123,89,800,525000,108860,7130,0.288023666453212,800,173,525000,485549.132947977,8.89312291051442,TRUE,NA
"Beta centre-high",5,203123,90,333,525000,105958,7174,0.214773830470591,333,54,525000,647500,14.96660890478,TRUE,NA
"Beta centre-high",5,203123,90,800,525000,105958,7174,0.288307088157182,800,163,525000,515337.423312883,9.09031683413498,TRUE,NA
"Beta centre-high",5,203123,91,333,525000,103467,7128,0.227009898770231,333,58,525000,602844.827586207,14.5336846679327,TRUE,NA
"Beta centre-high",5,203123,91,800,525000,103467,7128,0.293614338632749,800,138,525000,608695.652173913,9.68235172927353,TRUE,NA
"Beta centre-high",5,203123,92,333,525000,107253,7159,0.215160559185429,333,53,525000,659716.981132075,15.0828857386931,TRUE,NA
"Beta centre-high",5,203123,92,800,525000,107253,7159,0.288154625807489,800,160,525000,525000,9.15336915531238,TRUE,NA
"Beta centre-high",5,203123,93,333,525000,105267,7198,0.218233870842244,333,67,525000,521865.671641791,13.7137860660992,TRUE,NA
"Beta centre-high",5,203123,93,800,525000,105267,7198,0.282270376750112,800,140,525000,6e+05,9.62874541786184,TRUE,NA
"Beta centre-high",5,203123,94,333,525000,107676,7143,0.219666264700613,333,65,525000,537923.076923077,13.8802143632441,TRUE,NA
"Beta centre-high",5,203123,94,800,525000,107676,7143,0.289249578318406,800,160,525000,525000,9.15336915531238,TRUE,NA
"Beta centre-high",5,203123,95,333,525000,107986,7200,0.223861887758452,333,76,525000,460065.789473684,13.0534724993725,TRUE,NA
"Beta centre-high",5,203123,95,800,525000,107986,7200,0.289489555312794,800,193,525000,435233.160621762,8.54971569094638,TRUE,NA
"Beta centre-high",5,203123,96,333,525000,103743,7027,0.217533482727825,333,50,525000,699300,15.4536143643956,TRUE,NA
"Beta centre-high",5,203123,96,800,525000,103743,7027,0.283819686400534,800,135,525000,622222.222222222,9.76515442619819,TRUE,NA
"Beta centre-high",5,203123,97,333,525000,111303,7267,0.213187477694021,333,59,525000,592627.118644068,14.4328002254304,TRUE,NA
"Beta centre-high",5,203123,97,800,525000,111303,7267,0.285973369571412,800,146,525000,575342.465753425,9.47508931769804,TRUE,NA
"Beta centre-high",5,203123,98,333,525000,105181,7134,0.219050140008557,333,68,525000,514191.176470588,13.633525606125,TRUE,NA
"Beta centre-high",5,203123,98,800,525000,105181,7134,0.285045132364701,800,164,525000,512195.12195122,9.06971756172824,TRUE,NA
"Beta centre-high",5,203123,99,333,525000,102137,7067,0.218609831021005,333,56,525000,624375,14.7440030349591,TRUE,NA
"Beta centre-high",5,203123,99,800,525000,102137,7067,0.288880636165543,800,148,525000,567567.567567568,9.42611979878208,TRUE,NA
"Beta centre-high",5,203123,100,333,525000,102933,7029,0.22453982221931,333,77,525000,454090.909090909,12.9878530478899,TRUE,NA
"Beta centre-high",5,203123,100,800,525000,102933,7029,0.291783408845171,800,158,525000,531645.569620253,9.19648335691042,TRUE,NA
"Beta centre-high",5,203123,101,333,525000,105837,7075,0.217439703985664,333,68,525000,514191.176470588,13.633525606125,TRUE,NA
"Beta centre-high",5,203123,101,800,525000,105837,7075,0.286460524691319,800,165,525000,509090.909090909,9.04932193589579,TRUE,NA
"Beta centre-high",5,203123,102,333,525000,105652,7182,0.219146021205967,333,59,525000,592627.118644068,14.4328002254304,TRUE,NA
"Beta centre-high",5,203123,102,800,525000,105652,7182,0.289633772082326,800,148,525000,567567.567567568,9.42611979878208,TRUE,NA
"Beta centre-high",5,203123,103,333,525000,103074,7054,0.220657919578864,333,56,525000,624375,14.7440030349591,TRUE,NA
"Beta centre-high",5,203123,103,800,525000,103074,7054,0.288592906641379,800,136,525000,617647.058823529,9.7372264355991,TRUE,NA
"Beta centre-high",5,203123,104,333,525000,104269,7007,0.21441466639687,333,65,525000,537923.076923077,13.8802143632441,TRUE,NA
"Beta centre-high",5,203123,104,800,525000,104269,7007,0.291017182546354,800,159,525000,528301.886792453,9.17481600112124,TRUE,NA
"Beta centre-high",5,203123,105,333,525000,103717,7197,0.21588071703779,333,63,525000,555000,14.0550473372953,TRUE,NA
"Beta centre-high",5,203123,105,800,525000,103717,7197,0.283300396941382,800,139,525000,604316.54676259,9.65539294573709,TRUE,NA
"Beta centre-high",5,203123,106,333,525000,105961,7104,0.219193190322995,333,74,525000,472500,13.1889852550751,TRUE,NA
"Beta centre-high",5,203123,106,800,525000,105961,7104,0.285654661263969,800,166,525000,506024.096385542,9.02912679880207,TRUE,NA
"Beta centre-high",5,203123,107,333,525000,109581,7237,0.223521238867917,333,69,525000,506739.130434783,13.5551367811372,TRUE,NA
"Beta centre-high",5,203123,107,800,525000,109581,7237,0.290096145283929,800,164,525000,512195.12195122,9.06971756172824,TRUE,NA
"Beta centre-high",5,203123,108,333,525000,103939,7101,0.222720555101353,333,76,525000,460065.789473684,13.0534724993725,TRUE,NA
"Beta centre-high",5,203123,108,800,525000,103939,7101,0.290286745005788,800,167,525000,502994.011976048,9.00912905970284,TRUE,NA
"Beta centre-high",5,203123,109,333,525000,112058,7019,0.221079747536626,333,67,525000,521865.671641791,13.7137860660992,TRUE,NA
"Beta centre-high",5,203123,109,800,525000,112058,7019,0.289670036297956,800,169,525000,497041.420118343,8.96971373715795,TRUE,NA
"Beta centre-high",5,203123,110,333,525000,98779,7192,0.219795727132384,333,81,525000,431666.666666667,12.738562989871,TRUE,NA
"Beta centre-high",5,203123,110,800,525000,98779,7192,0.286521967267266,800,159,525000,528301.886792453,9.17481600112124,TRUE,NA
"Beta centre-high",5,203123,111,333,525000,102645,7033,0.217510320360005,333,61,525000,573196.721311475,14.2389825181774,TRUE,NA
"Beta centre-high",5,203123,111,800,525000,102645,7033,0.288679661415594,800,163,525000,515337.423312883,9.09031683413498,TRUE,NA
"Beta centre-high",5,203123,112,333,525000,105798,7035,0.222783919799663,333,80,525000,437062.5,12.7989920276346,TRUE,NA
"Beta centre-high",5,203123,112,800,525000,105798,7035,0.286610860181354,800,173,525000,485549.132947977,8.89312291051442,TRUE,NA
"Beta centre-high",5,203123,113,333,525000,102353,7013,0.224707699614943,333,65,525000,537923.076923077,13.8802143632441,TRUE,NA
"Beta centre-high",5,203123,113,800,525000,102353,7013,0.289793184090297,800,166,525000,506024.096385542,9.02912679880207,TRUE,NA
"Beta centre-high",5,203123,114,333,525000,98561,7043,0.213761271880207,333,54,525000,647500,14.96660890478,TRUE,NA
"Beta centre-high",5,203123,114,800,525000,98561,7043,0.283828742219114,800,133,525000,631578.947368421,9.82202305119653,TRUE,NA
"Beta centre-high",5,203123,115,333,525000,99575,7092,0.212824160490879,333,51,525000,685588.235294118,15.3262072378003,TRUE,NA
"Beta centre-high",5,203123,115,800,525000,99575,7092,0.281111203676133,800,138,525000,608695.652173913,9.68235172927353,TRUE,NA
"Beta centre-high",5,203123,116,333,525000,103410,7133,0.222616511515462,333,70,525000,499500,13.478551100938,TRUE,NA
"Beta centre-high",5,203123,116,800,525000,103410,7133,0.287243402468003,800,158,525000,531645.569620253,9.19648335691042,TRUE,NA
"Beta centre-high",5,203123,117,333,525000,103947,7203,0.217813425423932,333,68,525000,514191.176470588,13.633525606125,TRUE,NA
"Beta centre-high",5,203123,117,800,525000,103947,7203,0.285197127993468,800,136,525000,617647.058823529,9.7372264355991,TRUE,NA
"Beta centre-high",5,203123,118,333,525000,105099,6985,0.222199864124378,333,80,525000,437062.5,12.7989920276346,TRUE,NA
"Beta centre-high",5,203123,118,800,525000,105099,6985,0.285920393849361,800,167,525000,502994.011976048,9.00912905970284,TRUE,NA
"Beta centre-high",5,203123,119,333,525000,96872,7160,0.222511509387912,333,70,525000,499500,13.478551100938,TRUE,NA
"Beta centre-high",5,203123,119,800,525000,96872,7160,0.291170627187399,800,158,525000,531645.569620253,9.19648335691042,TRUE,NA
"Beta centre-high",5,203123,120,333,525000,102796,7118,0.219031448171531,333,70,525000,499500,13.478551100938,TRUE,NA
"Beta centre-high",5,203123,120,800,525000,102796,7118,0.287699784100463,800,168,525000,5e+05,8.98932569313369,TRUE,NA
"Beta centre-high",5,203123,121,333,525000,101398,7067,0.213624770809874,333,50,525000,699300,15.4536143643956,TRUE,NA
"Beta centre-high",5,203123,121,800,525000,101398,7067,0.28472495699027,800,143,525000,587412.587412587,9.55061447360817,TRUE,NA
"Beta centre-high",5,203123,122,333,525000,103337,7028,0.21918380995196,333,55,525000,635727.272727273,14.853699160197,TRUE,NA
"Beta centre-high",5,203123,122,800,525000,103337,7028,0.284554037723054,800,139,525000,604316.54676259,9.65539294573709,TRUE,NA
"Beta centre-high",5,203123,123,333,525000,97767,7017,0.221828383912243,333,69,525000,506739.130434783,13.5551367811372,TRUE,NA
"Beta centre-high",5,203123,123,800,525000,97767,7017,0.292043848924745,800,155,525000,541935.483870968,9.26284491534227,TRUE,NA
"Beta centre-high",5,203123,124,333,525000,108595,6993,0.222832653849829,333,72,525000,485625,13.3305320903684,TRUE,NA
"Beta centre-high",5,203123,124,800,525000,108595,6993,0.290975623096058,800,184,525000,456521.739130435,8.69666562427121,TRUE,NA
"Beta centre-high",5,203123,125,333,525000,107243,7137,0.213279371363152,333,63,525000,555000,14.0550473372953,TRUE,NA
"Beta centre-high",5,203123,125,800,525000,107243,7137,0.279707940265896,800,142,525000,591549.295774648,9.57636163188774,TRUE,NA
"Beta centre-high",5,203123,126,333,525000,104562,7171,0.2235360843231,333,70,525000,499500,13.478551100938,TRUE,NA
"Beta centre-high",5,203123,126,800,525000,104562,7171,0.293925979048619,800,182,525000,461538.461538462,8.7309347631556,TRUE,NA
"Beta centre-high",5,203123,127,333,525000,110950,7014,0.220340591152865,333,68,525000,514191.176470588,13.633525606125,TRUE,NA
"Beta centre-high",5,203123,127,800,525000,110950,7014,0.290434577801542,800,175,525000,480000,8.85590334388769,TRUE,NA
"Beta centre-high",5,203123,128,333,525000,105836,7104,0.215433463393151,333,63,525000,555000,14.0550473372953,TRUE,NA
"Beta centre-high",5,203123,128,800,525000,105836,7104,0.283891064367182,800,148,525000,567567.567567568,9.42611979878208,TRUE,NA
"Beta centre-high",5,203123,129,333,525000,97710,7212,0.224422531112366,333,75,525000,466200,13.1205003813417,TRUE,NA
"Beta centre-high",5,203123,129,800,525000,97710,7212,0.290465025436191,800,164,525000,512195.12195122,9.06971756172824,TRUE,NA
"Beta centre-high",5,203123,130,333,525000,104352,7105,0.223323210010721,333,70,525000,499500,13.478551100938,TRUE,NA
"Beta centre-high",5,203123,130,800,525000,104352,7105,0.291101121994953,800,151,525000,556291.390728477,9.35464229440858,TRUE,NA
"Beta centre-high",5,203123,131,333,525000,103610,7123,0.2202092962221,333,62,525000,563951.612903226,14.1458304635712,TRUE,NA
"Beta centre-high",5,203123,131,800,525000,103610,7123,0.28886962121989,800,150,525000,560000,9.37821057345647,TRUE,NA
"Beta centre-high",5,203123,132,333,525000,107508,7222,0.216474840489038,333,61,525000,573196.721311475,14.2389825181774,TRUE,NA
"Beta centre-high",5,203123,132,800,525000,107508,7222,0.287069775141943,800,155,525000,541935.483870968,9.26284491534227,TRUE,NA
"Beta centre-high",5,203123,133,333,525000,100303,7200,0.220170362746898,333,54,525000,647500,14.96660890478,TRUE,NA
"Beta centre-high",5,203123,133,800,525000,100303,7200,0.289169826671055,800,154,525000,545454.545454545,9.28543116007485,TRUE,NA
"Beta centre-high",5,203123,134,333,525000,105486,7062,0.218641052878887,333,59,525000,592627.118644068,14.4328002254304,TRUE,NA
"Beta centre-high",5,203123,134,800,525000,105486,7062,0.290478823588253,800,158,525000,531645.569620253,9.19648335691042,TRUE,NA
"Beta centre-high",5,203123,135,333,525000,107693,7004,0.217318905749134,333,68,525000,514191.176470588,13.633525606125,TRUE,NA
"Beta centre-high",5,203123,135,800,525000,107693,7004,0.284476760403668,800,146,525000,575342.465753425,9.47508931769804,TRUE,NA
"Beta centre-high",5,203123,136,333,525000,105526,7002,0.225632738037837,333,84,525000,416250,12.5643072220904,TRUE,NA
"Beta centre-high",5,203123,136,800,525000,105526,7002,0.28977695633626,800,190,525000,442105.263157895,8.59742669877403,TRUE,NA
"Beta centre-high",5,203123,137,333,525000,107633,7082,0.222499375621846,333,63,525000,555000,14.0550473372953,TRUE,NA
"Beta centre-high",5,203123,137,800,525000,107633,7082,0.289717284987991,800,159,525000,528301.886792453,9.17481600112124,TRUE,NA
"Beta centre-high",5,203123,138,333,525000,104170,7028,0.219362607619052,333,56,525000,624375,14.7440030349591,TRUE,NA
"Beta centre-high",5,203123,138,800,525000,104170,7028,0.284919613170018,800,147,525000,571428.571428571,9.45046971201844,TRUE,NA
"Beta centre-high",5,203123,139,333,525000,109226,7074,0.219287948193209,333,71,525000,492464.788732394,13.4037034936613,TRUE,NA
"Beta centre-high",5,203123,139,800,525000,109226,7074,0.291696846012645,800,180,525000,466666.666666667,8.76582696891626,TRUE,NA
"Beta centre-high",5,203123,140,333,525000,103839,6915,0.224359939419729,333,78,525000,448269.230769231,12.9235956733636,TRUE,NA
"Beta centre-high",5,203123,140,800,525000,103839,6915,0.296211334734228,800,173,525000,485549.132947977,8.89312291051442,TRUE,NA
"Beta centre-high",5,203123,141,333,525000,100094,6994,0.214895130333192,333,53,525000,659716.981132075,15.0828857386931,TRUE,NA
"Beta centre-high",5,203123,141,800,525000,100094,6994,0.286914578548325,800,140,525000,6e+05,9.62874541786184,TRUE,NA
"Beta centre-high",5,203123,142,333,525000,107690,7050,0.224834605688866,333,85,525000,411352.941176471,12.5084473755532,TRUE,NA
"Beta centre-high",5,203123,142,800,525000,107690,7050,0.293609467873972,800,175,525000,480000,8.85590334388769,TRUE,NA
"Beta centre-high",5,203123,143,333,525000,104629,7042,0.217659050286251,333,83,525000,421265.060240964,12.6212568563633,TRUE,NA
"Beta centre-high",5,203123,143,800,525000,104629,7042,0.288567317105434,800,176,525000,477272.727272727,8.83755332157073,TRUE,NA
"Beta centre-high",5,203123,144,333,525000,103548,7046,0.218659120447639,333,80,525000,437062.5,12.7989920276346,TRUE,NA
"Beta centre-high",5,203123,144,800,525000,103548,7046,0.286060934814759,800,177,525000,474576.271186441,8.81937310893847,TRUE,NA
"Beta centre-high",5,203123,145,333,525000,98847,7060,0.228947635831223,333,74,525000,472500,13.1889852550751,TRUE,NA
"Beta centre-high",5,203123,145,800,525000,98847,7060,0.29189569594695,800,156,525000,538461.538461538,9.24049408830438,TRUE,NA
"Beta centre-high",5,203123,146,333,525000,105351,7162,0.223840299467723,333,56,525000,624375,14.7440030349591,TRUE,NA
"Beta centre-high",5,203123,146,800,525000,105351,7162,0.291543982883582,800,161,525000,521739.130434783,9.13213929677269,TRUE,NA
"Beta centre-high",5,203123,147,333,525000,102676,7088,0.217220150924206,333,65,525000,537923.076923077,13.8802143632441,TRUE,NA
"Beta centre-high",5,203123,147,800,525000,102676,7088,0.288007223063314,800,152,525000,552631.578947368,9.33132576741561,TRUE,NA
"Beta centre-high",5,203123,148,333,525000,102989,7167,0.220094380872097,333,56,525000,624375,14.7440030349591,TRUE,NA
"Beta centre-high",5,203123,148,800,525000,102989,7167,0.2894402950237,800,140,525000,6e+05,9.62874541786184,TRUE,NA
"Beta centre-high",5,203123,149,333,525000,105522,7259,0.219648011187457,333,57,525000,613421.052631579,14.6373765892212,TRUE,NA
"Beta centre-high",5,203123,149,800,525000,105522,7259,0.287514655497325,800,150,525000,560000,9.37821057345647,TRUE,NA
"Beta centre-high",5,203123,150,333,525000,100060,7012,0.221682784692038,333,51,525000,685588.235294118,15.3262072378003,TRUE,NA
"Beta centre-high",5,203123,150,800,525000,100060,7012,0.288284838462885,800,127,525000,661417.322834646,10.0012161447365,TRUE,NA
"Beta centre-high",5,203123,151,333,525000,105053,7059,0.227497067906439,333,74,525000,472500,13.1889852550751,TRUE,NA
"Beta centre-high",5,203123,151,800,525000,105053,7059,0.293278380600297,800,145,525000,579310.344827586,9.49998337550142,TRUE,NA
"Beta centre-high",5,203123,152,333,525000,104820,7143,0.219191001161479,333,59,525000,592627.118644068,14.4328002254304,TRUE,NA
"Beta centre-high",5,203123,152,800,525000,104820,7143,0.289571157829166,800,155,525000,541935.483870968,9.26284491534227,TRUE,NA
"Beta centre-high",5,203123,153,333,525000,106867,7167,0.219398021207002,333,73,525000,478972.602739726,13.2589780259761,TRUE,NA
"Beta centre-high",5,203123,153,800,525000,106867,7167,0.290011278187387,800,172,525000,488372.093023256,8.91199763112317,TRUE,NA
"Beta centre-high",5,203123,154,333,525000,102837,7155,0.220512411047822,333,63,525000,555000,14.0550473372953,TRUE,NA
"Beta centre-high",5,203123,154,800,525000,102837,7155,0.2905391861077,800,156,525000,538461.538461538,9.24049408830438,TRUE,NA
"Beta centre-high",5,203123,155,333,525000,104056,7269,0.218877387940579,333,55,525000,635727.272727273,14.853699160197,TRUE,NA
"Beta centre-high",5,203123,155,800,525000,104056,7269,0.2843313059329,800,142,525000,591549.295774648,9.57636163188774,TRUE,NA
"Beta centre-high",5,203123,156,333,525000,102073,7144,0.214206605646876,333,48,525000,728437.5,15.7209265075818,TRUE,NA
"Beta centre-high",5,203123,156,800,525000,102073,7144,0.286355460685401,800,146,525000,575342.465753425,9.47508931769804,TRUE,NA
"Beta centre-high",5,203123,157,333,525000,105738,7029,0.229003102065717,333,94,525000,371968.085106383,12.0497790704584,TRUE,NA
"Beta centre-high",5,203123,157,800,525000,105738,7029,0.293983463169956,800,187,525000,449197.860962567,8.6463924686716,TRUE,NA
"Beta centre-high",5,203123,158,333,525000,105419,7124,0.2208831757949,333,66,525000,529772.727272727,13.7959903029324,TRUE,NA
"Beta centre-high",5,203123,158,800,525000,105419,7124,0.287875357782495,800,161,525000,521739.130434783,9.13213929677269,TRUE,NA
"Beta centre-high",5,203123,159,333,525000,109037,6879,0.22254561866863,333,73,525000,478972.602739726,13.2589780259761,TRUE,NA
"Beta centre-high",5,203123,159,800,525000,109037,6879,0.292358146582894,800,162,525000,518518.518518519,9.11112297991595,TRUE,NA
"Beta centre-high",5,203123,160,333,525000,107057,7200,0.22168259744979,333,63,525000,555000,14.0550473372953,TRUE,NA
"Beta centre-high",5,203123,160,800,525000,107057,7200,0.289055280911077,800,160,525000,525000,9.15336915531238,TRUE,NA
"Beta centre-high",5,203123,161,333,525000,107809,7191,0.221691865228181,333,68,525000,514191.176470588,13.633525606125,TRUE,NA
"Beta centre-high",5,203123,161,800,525000,107809,7191,0.289244996741118,800,175,525000,480000,8.85590334388769,TRUE,NA
"Beta centre-high",5,203123,162,333,525000,105227,7070,0.22562459714461,333,66,525000,529772.727272727,13.7959903029324,TRUE,NA
"Beta centre-high",5,203123,162,800,525000,105227,7070,0.294502836003669,800,166,525000,506024.096385542,9.02912679880207,TRUE,NA
"Beta centre-high",5,203123,163,333,525000,106242,7163,0.225433292028531,333,90,525000,388500,12.244399047506,TRUE,NA
"Beta centre-high",5,203123,163,800,525000,106242,7163,0.29046024641381,800,183,525000,459016.393442623,8.71372340831366,TRUE,NA
"Beta centre-high",5,203123,164,333,525000,104762,6980,0.223620116549737,333,62,525000,563951.612903226,14.1458304635712,TRUE,NA
"Beta centre-high",5,203123,164,800,525000,104762,6980,0.293141100738153,800,149,525000,563758.389261745,9.4020349315005,TRUE,NA
"Beta centre-high",5,203123,165,333,525000,104510,6956,0.223316478777555,333,64,525000,546328.125,13.9665384732028,TRUE,NA
"Beta centre-high",5,203123,165,800,525000,104510,6956,0.291552034432683,800,160,525000,525000,9.15336915531238,TRUE,NA
"Beta centre-high",5,203123,166,333,525000,113216,7124,0.2292134608255,333,80,525000,437062.5,12.7989920276346,TRUE,NA
"Beta centre-high",5,203123,166,800,525000,113216,7124,0.294819398191368,800,175,525000,480000,8.85590334388769,TRUE,NA
"Beta centre-high",5,203123,167,333,525000,101725,7049,0.220655610400314,333,73,525000,478972.602739726,13.2589780259761,TRUE,NA
"Beta centre-high",5,203123,167,800,525000,101725,7049,0.290298356947746,800,169,525000,497041.420118343,8.96971373715795,TRUE,NA
"Beta centre-high",5,203123,168,333,525000,104550,7213,0.222792531423408,333,68,525000,514191.176470588,13.633525606125,TRUE,NA
"Beta centre-high",5,203123,168,800,525000,104550,7213,0.287696257707819,800,155,525000,541935.483870968,9.26284491534227,TRUE,NA
"Beta centre-high",5,203123,169,333,525000,103821,7058,0.227962128419718,333,80,525000,437062.5,12.7989920276346,TRUE,NA
"Beta centre-high",5,203123,169,800,525000,103821,7058,0.292151229872669,800,158,525000,531645.569620253,9.19648335691042,TRUE,NA
"Beta centre-high",5,203123,170,333,525000,111873,7261,0.219880225783859,333,59,525000,592627.118644068,14.4328002254304,TRUE,NA
"Beta centre-high",5,203123,170,800,525000,111873,7261,0.286964869219638,800,147,525000,571428.571428571,9.45046971201844,TRUE,NA
"Beta centre-high",5,203123,171,333,525000,107336,7061,0.2254839328205,333,53,525000,659716.981132075,15.0828857386931,TRUE,NA
"Beta centre-high",5,203123,171,800,525000,107336,7061,0.29003464323239,800,149,525000,563758.389261745,9.4020349315005,TRUE,NA
"Beta centre-high",5,203123,172,333,525000,112253,7046,0.220657584203842,333,74,525000,472500,13.1889852550751,TRUE,NA
"Beta centre-high",5,203123,172,800,525000,112253,7046,0.292166229588641,800,169,525000,497041.420118343,8.96971373715795,TRUE,NA
"Beta centre-high",5,203123,173,333,525000,105825,7153,0.223162448997329,333,62,525000,563951.612903226,14.1458304635712,TRUE,NA
"Beta centre-high",5,203123,173,800,525000,105825,7153,0.292716320463797,800,147,525000,571428.571428571,9.45046971201844,TRUE,NA
"Beta centre-high",5,203123,174,333,525000,100116,7067,0.212055682872568,333,57,525000,613421.052631579,14.6373765892212,TRUE,NA
"Beta centre-high",5,203123,174,800,525000,100116,7067,0.286726739013707,800,149,525000,563758.389261745,9.4020349315005,TRUE,NA
"Beta centre-high",5,203123,175,333,525000,104742,7151,0.222481450374414,333,72,525000,485625,13.3305320903684,TRUE,NA
"Beta centre-high",5,203123,175,800,525000,104742,7151,0.290486950986683,800,186,525000,451612.903225806,8.66300223673289,TRUE,NA
"Beta centre-high",5,203123,176,333,525000,110873,6988,0.225956429974631,333,72,525000,485625,13.3305320903684,TRUE,NA
"Beta centre-high",5,203123,176,800,525000,110873,6988,0.291253276566718,800,169,525000,497041.420118343,8.96971373715795,TRUE,NA
"Beta centre-high",5,203123,177,333,525000,102308,7079,0.219594979797407,333,80,525000,437062.5,12.7989920276346,TRUE,NA
"Beta centre-high",5,203123,177,800,525000,102308,7079,0.288262609999929,800,168,525000,5e+05,8.98932569313369,TRUE,NA
"Beta centre-high",5,203123,178,333,525000,107913,7162,0.222613808734097,333,60,525000,582750,14.3346037123501,TRUE,NA
"Beta centre-high",5,203123,178,800,525000,107913,7162,0.293868860509562,800,171,525000,491228.070175439,8.93105251676233,TRUE,NA
"Beta centre-high",5,203123,179,333,525000,101948,7168,0.214833833538092,333,59,525000,592627.118644068,14.4328002254304,TRUE,NA
"Beta centre-high",5,203123,179,800,525000,101948,7168,0.283406974448991,800,145,525000,579310.344827586,9.49998337550142,TRUE,NA
"Beta centre-high",5,203123,180,333,525000,106008,6967,0.220331896512395,333,71,525000,492464.788732394,13.4037034936613,TRUE,NA
"Beta centre-high",5,203123,180,800,525000,106008,6967,0.287525403211847,800,160,525000,525000,9.15336915531238,TRUE,NA
"Beta centre-high",5,203123,181,333,525000,105070,7056,0.227634324304094,333,77,525000,454090.909090909,12.9878530478899,TRUE,NA
"Beta centre-high",5,203123,181,800,525000,105070,7056,0.294025348325027,800,159,525000,528301.886792453,9.17481600112124,TRUE,NA
"Beta centre-high",5,203123,182,333,525000,108229,7188,0.218661645497947,333,66,525000,529772.727272727,13.7959903029324,TRUE,NA
"Beta centre-high",5,203123,182,800,525000,108229,7188,0.289593075446464,800,160,525000,525000,9.15336915531238,TRUE,NA
"Beta centre-high",5,203123,183,333,525000,104861,7119,0.217016213641691,333,64,525000,546328.125,13.9665384732028,TRUE,NA
"Beta centre-high",5,203123,183,800,525000,104861,7119,0.284189886990521,800,140,525000,6e+05,9.62874541786184,TRUE,NA
"Beta centre-high",5,203123,184,333,525000,108377,6979,0.221675009746978,333,82,525000,426402.43902439,12.6793302834041,TRUE,NA
"Beta centre-high",5,203123,184,800,525000,108377,6979,0.289483213543527,800,175,525000,480000,8.85590334388769,TRUE,NA
"Beta centre-high",5,203123,185,333,525000,100579,7106,0.217485506961573,333,57,525000,613421.052631579,14.6373765892212,TRUE,NA
"Beta centre-high",5,203123,185,800,525000,100579,7106,0.282899994806293,800,135,525000,622222.222222222,9.76515442619819,TRUE,NA
"Beta centre-high",5,203123,186,333,525000,104289,7274,0.220142893984808,333,69,525000,506739.130434783,13.5551367811372,TRUE,NA
"Beta centre-high",5,203123,186,800,525000,104289,7274,0.288331199014876,800,169,525000,497041.420118343,8.96971373715795,TRUE,NA
"Beta centre-high",5,203123,187,333,525000,103973,7094,0.220444575351543,333,69,525000,506739.130434783,13.5551367811372,TRUE,NA
"Beta centre-high",5,203123,187,800,525000,103973,7094,0.291654235827172,800,166,525000,506024.096385542,9.02912679880207,TRUE,NA
"Beta centre-high",5,203123,188,333,525000,108114,7107,0.218109602843608,333,49,525000,713571.428571429,15.5851156420642,TRUE,NA
"Beta centre-high",5,203123,188,800,525000,108114,7107,0.288913728355205,800,154,525000,545454.545454545,9.28543116007485,TRUE,NA
"Beta centre-high",5,203123,189,333,525000,108833,7028,0.219423388042705,333,57,525000,613421.052631579,14.6373765892212,TRUE,NA
"Beta centre-high",5,203123,189,800,525000,108833,7028,0.28837633352945,800,164,525000,512195.12195122,9.06971756172824,TRUE,NA
"Beta centre-high",5,203123,190,333,525000,107798,7085,0.222771489182383,333,63,525000,555000,14.0550473372953,TRUE,NA
"Beta centre-high",5,203123,190,800,525000,107798,7085,0.292587194888973,800,160,525000,525000,9.15336915531238,TRUE,NA
"Beta centre-high",5,203123,191,333,525000,102162,6929,0.224171443374124,333,70,525000,499500,13.478551100938,TRUE,NA
"Beta centre-high",5,203123,191,800,525000,102162,6929,0.294891962649778,800,151,525000,556291.390728477,9.35464229440858,TRUE,NA
"Beta centre-high",5,203123,192,333,525000,108939,7206,0.21953745048344,333,77,525000,454090.909090909,12.9878530478899,TRUE,NA
"Beta centre-high",5,203123,192,800,525000,108939,7206,0.286287093192078,800,183,525000,459016.393442623,8.71372340831366,TRUE,NA
"Beta centre-high",5,203123,193,333,525000,104494,7043,0.223750889072694,333,79,525000,442594.936708861,12.860656103188,TRUE,NA
"Beta centre-high",5,203123,193,800,525000,104494,7043,0.292438229456738,800,162,525000,518518.518518519,9.11112297991595,TRUE,NA
"Beta centre-high",5,203123,194,333,525000,104219,7060,0.218212927208502,333,49,525000,713571.428571429,15.5851156420642,TRUE,NA
"Beta centre-high",5,203123,194,800,525000,104219,7060,0.285932421054072,800,131,525000,641221.374045802,9.88028566166077,TRUE,NA
"Beta centre-high",5,203123,195,333,525000,103942,7017,0.222222866388609,333,60,525000,582750,14.3346037123501,TRUE,NA
"Beta centre-high",5,203123,195,800,525000,103942,7017,0.285964454150313,800,164,525000,512195.12195122,9.06971756172824,TRUE,NA
"Beta centre-high",5,203123,196,333,525000,104311,7136,0.220189654937418,333,70,525000,499500,13.478551100938,TRUE,NA
"Beta centre-high",5,203123,196,800,525000,104311,7136,0.290967937147471,800,159,525000,528301.886792453,9.17481600112124,TRUE,NA
"Beta centre-high",5,203123,197,333,525000,102410,7116,0.218092107511001,333,64,525000,546328.125,13.9665384732028,TRUE,NA
"Beta centre-high",5,203123,197,800,525000,102410,7116,0.285542165900597,800,151,525000,556291.390728477,9.35464229440858,TRUE,NA
"Beta centre-high",5,203123,198,333,525000,103049,6915,0.221918461486955,333,65,525000,537923.076923077,13.8802143632441,TRUE,NA
"Beta centre-high",5,203123,198,800,525000,103049,6915,0.290619827397233,800,155,525000,541935.483870968,9.26284491534227,TRUE,NA
"Beta centre-high",5,203123,199,333,525000,105514,7199,0.218647513406376,333,61,525000,573196.721311475,14.2389825181774,TRUE,NA
"Beta centre-high",5,203123,199,800,525000,105514,7199,0.292204985131317,800,174,525000,482758.620689655,8.87442568627627,TRUE,NA
"Beta centre-high",5,203123,200,333,525000,112106,7158,0.218176476646305,333,59,525000,592627.118644068,14.4328002254304,TRUE,NA
"Beta centre-high",5,203123,200,800,525000,112106,7158,0.289749534432187,800,162,525000,518518.518518519,9.11112297991595,TRUE,NA
"Beta centre-high",5,203123,201,333,525000,103172,6866,0.220659233973671,333,82,525000,426402.43902439,12.6793302834041,TRUE,NA
"Beta centre-high",5,203123,201,800,525000,103172,6866,0.28728934828689,800,162,525000,518518.518518519,9.11112297991595,TRUE,NA
"Beta centre-high",5,203123,202,333,525000,102372,7058,0.222186477475333,333,49,525000,713571.428571429,15.5851156420642,TRUE,NA
"Beta centre-high",5,203123,202,800,525000,102372,7058,0.288356727258903,800,120,525000,7e+05,10.2282696594662,TRUE,NA
"Beta centre-high",5,203123,203,333,525000,105962,7038,0.215653936663982,333,56,525000,624375,14.7440030349591,TRUE,NA
"Beta centre-high",5,203123,203,800,525000,105962,7038,0.286627615925519,800,146,525000,575342.465753425,9.47508931769804,TRUE,NA
"Beta centre-high",5,203123,204,333,525000,105604,7012,0.224789824180769,333,74,525000,472500,13.1889852550751,TRUE,NA
"Beta centre-high",5,203123,204,800,525000,105604,7012,0.295305971770305,800,191,525000,439790.57591623,8.58138612555294,TRUE,NA
"Beta centre-high",5,203123,205,333,525000,104374,7162,0.228010782003996,333,82,525000,426402.43902439,12.6793302834041,TRUE,NA
"Beta centre-high",5,203123,205,800,525000,104374,7162,0.289369923870894,800,160,525000,525000,9.15336915531238,TRUE,NA
"Beta centre-high",5,203123,206,333,525000,107140,7072,0.216504024111175,333,63,525000,555000,14.0550473372953,TRUE,NA
"Beta centre-high",5,203123,206,800,525000,107140,7072,0.2916564312298,800,167,525000,502994.011976048,9.00912905970284,TRUE,NA
"Beta centre-high",5,203123,207,333,525000,103351,7016,0.218968273104492,333,69,525000,506739.130434783,13.5551367811372,TRUE,NA
"Beta centre-high",5,203123,207,800,525000,103351,7016,0.289377831621752,800,146,525000,575342.465753425,9.47508931769804,TRUE,NA
"Beta centre-high",5,203123,208,333,525000,104226,7128,0.223048206964352,333,70,525000,499500,13.478551100938,TRUE,NA
"Beta centre-high",5,203123,208,800,525000,104226,7128,0.293594294363456,800,158,525000,531645.569620253,9.19648335691042,TRUE,NA
"Beta centre-high",5,203123,209,333,525000,107789,7060,0.219276032381954,333,66,525000,529772.727272727,13.7959903029324,TRUE,NA
"Beta centre-high",5,203123,209,800,525000,107789,7060,0.290424301412562,800,170,525000,494117.647058824,8.95029029167148,TRUE,NA
"Beta centre-high",5,203123,210,333,525000,104251,7071,0.219834281673384,333,59,525000,592627.118644068,14.4328002254304,TRUE,NA
"Beta centre-high",5,203123,210,800,525000,104251,7071,0.291948406774942,800,167,525000,502994.011976048,9.00912905970284,TRUE,NA
"Beta centre-high",5,203123,211,333,525000,101722,7119,0.217951794708216,333,57,525000,613421.052631579,14.6373765892212,TRUE,NA
"Beta centre-high",5,203123,211,800,525000,101722,7119,0.282259628839371,800,130,525000,646153.846153846,9.90995680194929,TRUE,NA
"Beta centre-high",5,203123,212,333,525000,104774,7109,0.214111826863421,333,63,525000,555000,14.0550473372953,TRUE,NA
"Beta centre-high",5,203123,212,800,525000,104774,7109,0.279740083316862,800,152,525000,552631.578947368,9.33132576741561,TRUE,NA
"Beta centre-high",5,203123,213,333,525000,105715,6984,0.215812917362065,333,73,525000,478972.602739726,13.2589780259761,TRUE,NA
"Beta centre-high",5,203123,213,800,525000,105715,6984,0.28817136553882,800,163,525000,515337.423312883,9.09031683413498,TRUE,NA
"Beta centre-high",5,203123,214,333,525000,107828,6966,0.225075656079864,333,73,525000,478972.602739726,13.2589780259761,TRUE,NA
"Beta centre-high",5,203123,214,800,525000,107828,6966,0.288436548241155,800,172,525000,488372.093023256,8.91199763112317,TRUE,NA
"Beta centre-high",5,203123,215,333,525000,107297,6942,0.22208615426076,333,66,525000,529772.727272727,13.7959903029324,TRUE,NA
"Beta centre-high",5,203123,215,800,525000,107297,6942,0.288161523403731,800,166,525000,506024.096385542,9.02912679880207,TRUE,NA
"Beta centre-high",5,203123,216,333,525000,100118,7095,0.227188543844762,333,70,525000,499500,13.478551100938,TRUE,NA
"Beta centre-high",5,203123,216,800,525000,100118,7095,0.293736113747236,800,172,525000,488372.093023256,8.91199763112317,TRUE,NA
"Beta centre-high",5,203123,217,333,525000,101615,7083,0.21830691487803,333,52,525000,672403.846153846,15.2026934860618,TRUE,NA
"Beta centre-high",5,203123,217,800,525000,101615,7083,0.289810374858988,800,147,525000,571428.571428571,9.45046971201844,TRUE,NA
"Beta centre-high",5,203123,218,333,525000,102997,7093,0.217343026384246,333,57,525000,613421.052631579,14.6373765892212,TRUE,NA
"Beta centre-high",5,203123,218,800,525000,102997,7093,0.287173496003611,800,144,525000,583333.333333333,9.52515676185271,TRUE,NA
"Beta centre-high",5,203123,219,333,525000,109371,7066,0.217251941133311,333,61,525000,573196.721311475,14.2389825181774,TRUE,NA
"Beta centre-high",5,203123,219,800,525000,109371,7066,0.287633948479351,800,169,525000,497041.420118343,8.96971373715795,TRUE,NA
"Beta centre-high",5,203123,220,333,525000,104583,7186,0.221939786742896,333,52,525000,672403.846153846,15.2026934860618,TRUE,NA
"Beta centre-high",5,203123,220,800,525000,104583,7186,0.295040640421925,800,165,525000,509090.909090909,9.04932193589579,TRUE,NA
"Beta centre-high",5,203123,221,333,525000,105442,7064,0.220969473081512,333,58,525000,602844.827586207,14.5336846679327,TRUE,NA
"Beta centre-high",5,203123,221,800,525000,105442,7064,0.290768713048711,800,129,525000,651162.790697674,9.93999732084397,TRUE,NA
"Beta centre-high",5,203123,222,333,525000,101489,7115,0.220944909426663,333,59,525000,592627.118644068,14.4328002254304,TRUE,NA
"Beta centre-high",5,203123,222,800,525000,101489,7115,0.288840984956186,800,135,525000,622222.222222222,9.76515442619819,TRUE,NA
"Beta centre-high",5,203123,223,333,525000,103307,7192,0.219084091009123,333,62,525000,563951.612903226,14.1458304635712,TRUE,NA
"Beta centre-high",5,203123,223,800,525000,103307,7192,0.288124419333647,800,156,525000,538461.538461538,9.24049408830438,TRUE,NA
"Beta centre-high",5,203123,224,333,525000,98810,7070,0.221266075104182,333,60,525000,582750,14.3346037123501,TRUE,NA
"Beta centre-high",5,203123,224,800,525000,98810,7070,0.290732232714757,800,138,525000,608695.652173913,9.68235172927353,TRUE,NA
"Beta centre-high",5,203123,225,333,525000,102893,7060,0.219654828685936,333,73,525000,478972.602739726,13.2589780259761,TRUE,NA
"Beta centre-high",5,203123,225,800,525000,102893,7060,0.286986753945637,800,161,525000,521739.130434783,9.13213929677269,TRUE,NA
"Beta centre-high",5,203123,226,333,525000,105590,7108,0.225918614515678,333,68,525000,514191.176470588,13.633525606125,TRUE,NA
"Beta centre-high",5,203123,226,800,525000,105590,7108,0.289715191729896,800,139,525000,604316.54676259,9.65539294573709,TRUE,NA
"Beta centre-high",5,203123,227,333,525000,102628,7168,0.222906206708474,333,78,525000,448269.230769231,12.9235956733636,TRUE,NA
"Beta centre-high",5,203123,227,800,525000,102628,7168,0.286307984435467,800,147,525000,571428.571428571,9.45046971201844,TRUE,NA
"Beta centre-high",5,203123,228,333,525000,110607,6989,0.221834185313754,333,86,525000,406569.76744186,12.4536447151385,TRUE,NA
"Beta centre-high",5,203123,228,800,525000,110607,6989,0.293637641538836,800,188,525000,446808.510638298,8.6299279403206,TRUE,NA
"Beta centre-high",5,203123,229,333,525000,99210,7133,0.221953531223667,333,56,525000,624375,14.7440030349591,TRUE,NA
"Beta centre-high",5,203123,229,800,525000,99210,7133,0.287885913371715,800,141,525000,595744.680851064,9.60240348605634,TRUE,NA
"Beta centre-high",5,203123,230,333,525000,103605,7072,0.222912727366994,333,64,525000,546328.125,13.9665384732028,TRUE,NA
"Beta centre-high",5,203123,230,800,525000,103605,7072,0.292469238935812,800,160,525000,525000,9.15336915531238,TRUE,NA
"Beta centre-high",5,203123,231,333,525000,106513,7094,0.216705482763971,333,60,525000,582750,14.3346037123501,TRUE,NA
"Beta centre-high",5,203123,231,800,525000,106513,7094,0.289308978893594,800,144,525000,583333.333333333,9.52515676185271,TRUE,NA
"Beta centre-high",5,203123,232,333,525000,103547,7096,0.227018171586611,333,61,525000,573196.721311475,14.2389825181774,TRUE,NA
"Beta centre-high",5,203123,232,800,525000,103547,7096,0.293015318981773,800,160,525000,525000,9.15336915531238,TRUE,NA
"Beta centre-high",5,203123,233,333,525000,104575,7153,0.220883557799286,333,81,525000,431666.666666667,12.738562989871,TRUE,NA
"Beta centre-high",5,203123,233,800,525000,104575,7153,0.284162544157571,800,174,525000,482758.620689655,8.87442568627627,TRUE,NA
"Beta centre-high",5,203123,234,333,525000,106013,7081,0.223364724812184,333,55,525000,635727.272727273,14.853699160197,TRUE,NA
"Beta centre-high",5,203123,234,800,525000,106013,7081,0.288677169777539,800,146,525000,575342.465753425,9.47508931769804,TRUE,NA
"Beta centre-high",5,203123,235,333,525000,106864,7040,0.224100854318925,333,69,525000,506739.130434783,13.5551367811372,TRUE,NA
"Beta centre-high",5,203123,235,800,525000,106864,7040,0.292153796297046,800,173,525000,485549.132947977,8.89312291051442,TRUE,NA
"Beta centre-high",5,203123,236,333,525000,104744,7102,0.220432566214957,333,70,525000,499500,13.478551100938,TRUE,NA
"Beta centre-high",5,203123,236,800,525000,104744,7102,0.288662382541263,800,162,525000,518518.518518519,9.11112297991595,TRUE,NA
"Beta centre-high",5,203123,237,333,525000,101462,7063,0.225190093034472,333,62,525000,563951.612903226,14.1458304635712,TRUE,NA
"Beta centre-high",5,203123,237,800,525000,101462,7063,0.292514494872443,800,152,525000,552631.578947368,9.33132576741561,TRUE,NA
"Beta centre-high",5,203123,238,333,525000,101557,7333,0.220224759479819,333,63,525000,555000,14.0550473372953,TRUE,NA
"Beta centre-high",5,203123,238,800,525000,101557,7333,0.289744203947602,800,140,525000,6e+05,9.62874541786184,TRUE,NA
"Beta centre-high",5,203123,239,333,525000,105859,7154,0.220056922988591,333,55,525000,635727.272727273,14.853699160197,TRUE,NA
"Beta centre-high",5,203123,239,800,525000,105859,7154,0.288445592900643,800,154,525000,545454.545454545,9.28543116007485,TRUE,NA
"Beta centre-high",5,203123,240,333,525000,108698,7161,0.220534352712028,333,65,525000,537923.076923077,13.8802143632441,TRUE,NA
"Beta centre-high",5,203123,240,800,525000,108698,7161,0.293305983216725,800,180,525000,466666.666666667,8.76582696891626,TRUE,NA
"Beta centre-high",5,203123,241,333,525000,106637,7049,0.21702275900421,333,73,525000,478972.602739726,13.2589780259761,TRUE,NA
"Beta centre-high",5,203123,241,800,525000,106637,7049,0.283446896972807,800,153,525000,549019.607843137,9.30825676577559,TRUE,NA
"Beta centre-high",5,203123,242,333,525000,106900,7181,0.22309196659426,333,72,525000,485625,13.3305320903684,TRUE,NA
"Beta centre-high",5,203123,242,800,525000,106900,7181,0.287997576026573,800,157,525000,535031.847133758,9.21837482473715,TRUE,NA
"Beta centre-high",5,203123,243,333,525000,106331,7135,0.219847181369601,333,57,525000,613421.052631579,14.6373765892212,TRUE,NA
"Beta centre-high",5,203123,243,800,525000,106331,7135,0.287601404247922,800,140,525000,6e+05,9.62874541786184,TRUE,NA
"Beta centre-high",5,203123,244,333,525000,105406,7274,0.218972236548137,333,62,525000,563951.612903226,14.1458304635712,TRUE,NA
"Beta centre-high",5,203123,244,800,525000,105406,7274,0.287213937386989,800,137,525000,613138.686131387,9.70962757387486,TRUE,NA
"Beta centre-high",5,203123,245,333,525000,107060,7079,0.215826545413795,333,78,525000,448269.230769231,12.9235956733636,TRUE,NA
"Beta centre-high",5,203123,245,800,525000,107060,7079,0.287156269273012,800,194,525000,432989.69072165,8.53408217947316,TRUE,NA
"Beta centre-high",5,203123,246,333,525000,97397,7294,0.220537188947635,333,49,525000,713571.428571429,15.5851156420642,TRUE,NA
"Beta centre-high",5,203123,246,800,525000,97397,7294,0.28961825481457,800,134,525000,626865.671641791,9.79341781836483,TRUE,NA
"Beta centre-high",5,203123,247,333,525000,105689,7077,0.220420983659105,333,74,525000,472500,13.1889852550751,TRUE,NA
"Beta centre-high",5,203123,247,800,525000,105689,7077,0.287695242948441,800,176,525000,477272.727272727,8.83755332157073,TRUE,NA
"Beta centre-high",5,203123,248,333,525000,101917,7230,0.222026542982455,333,74,525000,472500,13.1889852550751,TRUE,NA
"Beta centre-high",5,203123,248,800,525000,101917,7230,0.288465606254685,800,161,525000,521739.130434783,9.13213929677269,TRUE,NA
"Beta centre-high",5,203123,249,333,525000,101753,7130,0.226619394623903,333,70,525000,499500,13.478551100938,TRUE,NA
"Beta centre-high",5,203123,249,800,525000,101753,7130,0.289381264935357,800,153,525000,549019.607843137,9.30825676577559,TRUE,NA
"Beta centre-high",5,203123,250,333,525000,105663,7007,0.21878214437597,333,67,525000,521865.671641791,13.7137860660992,TRUE,NA
"Beta centre-high",5,203123,250,800,525000,105663,7007,0.286004734923959,800,133,525000,631578.947368421,9.82202305119653,TRUE,NA
"Beta centre-high",5,203123,251,333,525000,106949,7294,0.220149160397528,333,72,525000,485625,13.3305320903684,TRUE,NA
"Beta centre-high",5,203123,251,800,525000,106949,7294,0.287380717895227,800,174,525000,482758.620689655,8.87442568627627,TRUE,NA
"Beta centre-high",5,203123,252,333,525000,100982,7204,0.220039789929813,333,52,525000,672403.846153846,15.2026934860618,TRUE,NA
"Beta centre-high",5,203123,252,800,525000,100982,7204,0.284534267568693,800,122,525000,688524.590163934,10.161268621987,TRUE,NA
"Beta centre-high",5,203123,253,333,525000,101866,6922,0.223125058392712,333,65,525000,537923.076923077,13.8802143632441,TRUE,NA
"Beta centre-high",5,203123,253,800,525000,101866,6922,0.292500867572865,800,153,525000,549019.607843137,9.30825676577559,TRUE,NA
"Beta centre-high",5,203123,254,333,525000,104354,6883,0.222972829388828,333,70,525000,499500,13.478551100938,TRUE,NA
"Beta centre-high",5,203123,254,800,525000,104354,6883,0.29187855175688,800,167,525000,502994.011976048,9.00912905970284,TRUE,NA
"Beta centre-high",5,203123,255,333,525000,105610,7263,0.221594085443728,333,77,525000,454090.909090909,12.9878530478899,TRUE,NA
"Beta centre-high",5,203123,255,800,525000,105610,7263,0.287206759449823,800,145,525000,579310.344827586,9.49998337550142,TRUE,NA
"Beta centre-high",5,203123,256,333,525000,101982,7136,0.213517137230606,333,67,525000,521865.671641791,13.7137860660992,TRUE,NA
"Beta centre-high",5,203123,256,800,525000,101982,7136,0.285759364182042,800,172,525000,488372.093023256,8.91199763112317,TRUE,NA
"Beta centre-high",5,203123,257,333,525000,108665,6952,0.223425515424066,333,60,525000,582750,14.3346037123501,TRUE,NA
"Beta centre-high",5,203123,257,800,525000,108665,6952,0.292373179810878,800,169,525000,497041.420118343,8.96971373715795,TRUE,NA
"Beta centre-high",5,203123,258,333,525000,104477,7021,0.222299370089826,333,56,525000,624375,14.7440030349591,TRUE,NA
"Beta centre-high",5,203123,258,800,525000,104477,7021,0.292808285329369,800,138,525000,608695.652173913,9.68235172927353,TRUE,NA
"Beta centre-high",5,203123,259,333,525000,101782,7229,0.224426885655286,333,66,525000,529772.727272727,13.7959903029324,TRUE,NA
"Beta centre-high",5,203123,259,800,525000,101782,7229,0.290884598214702,800,147,525000,571428.571428571,9.45046971201844,TRUE,NA
"Beta centre-high",5,203123,260,333,525000,106751,7053,0.221612922867308,333,88,525000,397329.545454545,12.3470871285424,TRUE,NA
"Beta centre-high",5,203123,260,800,525000,106751,7053,0.284240361526404,800,179,525000,469273.74301676,8.78351232031546,TRUE,NA
"Beta centre-high",5,203123,261,333,525000,105984,7153,0.217437496905034,333,65,525000,537923.076923077,13.8802143632441,TRUE,NA
"Beta centre-high",5,203123,261,800,525000,105984,7153,0.284423324489191,800,155,525000,541935.483870968,9.26284491534227,TRUE,NA
"Beta centre-high",5,203123,262,333,525000,104064,7221,0.22456068504308,333,67,525000,521865.671641791,13.7137860660992,TRUE,NA
"Beta centre-high",5,203123,262,800,525000,104064,7221,0.288819740326636,800,154,525000,545454.545454545,9.28543116007485,TRUE,NA
"Beta centre-high",5,203123,263,333,525000,105502,7112,0.22342859258055,333,91,525000,384230.769230769,12.1944375357605,TRUE,NA
"Beta centre-high",5,203123,263,800,525000,105502,7112,0.284184226842634,800,160,525000,525000,9.15336915531238,TRUE,NA
"Beta centre-high",5,203123,264,333,525000,111016,7192,0.221137341913688,333,68,525000,514191.176470588,13.633525606125,TRUE,NA
"Beta centre-high",5,203123,264,800,525000,111016,7192,0.287010507558293,800,166,525000,506024.096385542,9.02912679880207,TRUE,NA
"Beta centre-high",5,203123,265,333,525000,105812,7082,0.224959786236492,333,53,525000,659716.981132075,15.0828857386931,TRUE,NA
"Beta centre-high",5,203123,265,800,525000,105812,7082,0.292118105073572,800,160,525000,525000,9.15336915531238,TRUE,NA
"Beta centre-high",5,203123,266,333,525000,104011,7195,0.217982283448879,333,62,525000,563951.612903226,14.1458304635712,TRUE,NA
"Beta centre-high",5,203123,266,800,525000,104011,7195,0.283884636485397,800,144,525000,583333.333333333,9.52515676185271,TRUE,NA
"Beta centre-high",5,203123,267,333,525000,105468,7077,0.227260726738371,333,79,525000,442594.936708861,12.860656103188,TRUE,NA
"Beta centre-high",5,203123,267,800,525000,105468,7077,0.292503375547318,800,172,525000,488372.093023256,8.91199763112317,TRUE,NA
"Beta centre-high",5,203123,268,333,525000,109570,7117,0.217431076742495,333,74,525000,472500,13.1889852550751,TRUE,NA
"Beta centre-high",5,203123,268,800,525000,109570,7117,0.287856476884572,800,164,525000,512195.12195122,9.06971756172824,TRUE,NA
"Beta centre-high",5,203123,269,333,525000,104615,7193,0.222023101709147,333,64,525000,546328.125,13.9665384732028,TRUE,NA
"Beta centre-high",5,203123,269,800,525000,104615,7193,0.291119412791631,800,144,525000,583333.333333333,9.52515676185271,TRUE,NA
"Beta centre-high",5,203123,270,333,525000,105192,7117,0.221695657835469,333,62,525000,563951.612903226,14.1458304635712,TRUE,NA
"Beta centre-high",5,203123,270,800,525000,105192,7117,0.28935859846203,800,161,525000,521739.130434783,9.13213929677269,TRUE,NA
"Beta centre-high",5,203123,271,333,525000,108001,7070,0.221942027788718,333,77,525000,454090.909090909,12.9878530478899,TRUE,NA
"Beta centre-high",5,203123,271,800,525000,108001,7070,0.290597918605448,800,179,525000,469273.74301676,8.78351232031546,TRUE,NA
"Beta centre-high",5,203123,272,333,525000,105928,7062,0.222428837419366,333,61,525000,573196.721311475,14.2389825181774,TRUE,NA
"Beta centre-high",5,203123,272,800,525000,105928,7062,0.290425556805656,800,186,525000,451612.903225806,8.66300223673289,TRUE,NA
"Beta centre-high",5,203123,273,333,525000,107382,7137,0.218915431666457,333,72,525000,485625,13.3305320903684,TRUE,NA
"Beta centre-high",5,203123,273,800,525000,107382,7137,0.289482212977945,800,172,525000,488372.093023256,8.91199763112317,TRUE,NA
"Beta centre-high",5,203123,274,333,525000,102908,7070,0.216444811529291,333,56,525000,624375,14.7440030349591,TRUE,NA
"Beta centre-high",5,203123,274,800,525000,102908,7070,0.288781611993916,800,137,525000,613138.686131387,9.70962757387486,TRUE,NA
"Beta centre-high",5,203123,275,333,525000,104196,7092,0.219145051670064,333,50,525000,699300,15.4536143643956,TRUE,NA
"Beta centre-high",5,203123,275,800,525000,104196,7092,0.289274185916447,800,155,525000,541935.483870968,9.26284491534227,TRUE,NA
"Beta centre-high",5,203123,276,333,525000,108155,7067,0.221250499190772,333,65,525000,537923.076923077,13.8802143632441,TRUE,NA
"Beta centre-high",5,203123,276,800,525000,108155,7067,0.292518835693417,800,170,525000,494117.647058824,8.95029029167148,TRUE,NA
"Beta centre-high",5,203123,277,333,525000,105514,7174,0.221188309503751,333,81,525000,431666.666666667,12.738562989871,TRUE,NA
"Beta centre-high",5,203123,277,800,525000,105514,7174,0.287001077007074,800,183,525000,459016.393442623,8.71372340831366,TRUE,NA
"Beta centre-high",5,203123,278,333,525000,102809,6974,0.224144867286089,333,85,525000,411352.941176471,12.5084473755532,TRUE,NA
"Beta centre-high",5,203123,278,800,525000,102809,6974,0.290188756201328,800,176,525000,477272.727272727,8.83755332157073,TRUE,NA
"Beta centre-high",5,203123,279,333,525000,105531,7108,0.220239731142381,333,61,525000,573196.721311475,14.2389825181774,TRUE,NA
"Beta centre-high",5,203123,279,800,525000,105531,7108,0.285684285644582,800,152,525000,552631.578947368,9.33132576741561,TRUE,NA
"Beta centre-high",5,203123,280,333,525000,107099,7069,0.215053129452807,333,53,525000,659716.981132075,15.0828857386931,TRUE,NA
"Beta centre-high",5,203123,280,800,525000,107099,7069,0.291852258010494,800,153,525000,549019.607843137,9.30825676577559,TRUE,NA
"Beta centre-high",5,203123,281,333,525000,98617,6976,0.221401857756237,333,64,525000,546328.125,13.9665384732028,TRUE,NA
"Beta centre-high",5,203123,281,800,525000,98617,6976,0.289611323595767,800,145,525000,579310.344827586,9.49998337550142,TRUE,NA
"Beta centre-high",5,203123,282,333,525000,109277,6952,0.216693210158658,333,60,525000,582750,14.3346037123501,TRUE,NA
"Beta centre-high",5,203123,282,800,525000,109277,6952,0.291238356999353,800,177,525000,474576.271186441,8.81937310893847,TRUE,NA
"Beta centre-high",5,203123,283,333,525000,105139,7131,0.213007601576408,333,52,525000,672403.846153846,15.2026934860618,TRUE,NA
"Beta centre-high",5,203123,283,800,525000,105139,7131,0.283666274753221,800,128,525000,656250,9.97041457981683,TRUE,NA
"Beta centre-high",5,203123,284,333,525000,104219,7038,0.224426905266222,333,82,525000,426402.43902439,12.6793302834041,TRUE,NA
"Beta centre-high",5,203123,284,800,525000,104219,7038,0.290993959923714,800,176,525000,477272.727272727,8.83755332157073,TRUE,NA
"Beta centre-high",5,203123,285,333,525000,101938,7108,0.222955498407573,333,84,525000,416250,12.5643072220904,TRUE,NA
"Beta centre-high",5,203123,285,800,525000,101938,7108,0.290609244151692,800,169,525000,497041.420118343,8.96971373715795,TRUE,NA
"Beta centre-high",5,203123,286,333,525000,104084,7025,0.225252061065263,333,66,525000,529772.727272727,13.7959903029324,TRUE,NA
"Beta centre-high",5,203123,286,800,525000,104084,7025,0.290056820311364,800,124,525000,677419.35483871,10.0960055558496,TRUE,NA
"Beta centre-high",5,203123,287,333,525000,106144,6943,0.224325246713045,333,61,525000,573196.721311475,14.2389825181774,TRUE,NA
"Beta centre-high",5,203123,287,800,525000,106144,6943,0.290530620617388,800,162,525000,518518.518518519,9.11112297991595,TRUE,NA
"Beta centre-high",5,203123,288,333,525000,99649,7285,0.220059668215216,333,64,525000,546328.125,13.9665384732028,TRUE,NA
"Beta centre-high",5,203123,288,800,525000,99649,7285,0.287395400354437,800,162,525000,518518.518518519,9.11112297991595,TRUE,NA
"Beta centre-high",5,203123,289,333,525000,103342,7028,0.223517825060321,333,61,525000,573196.721311475,14.2389825181774,TRUE,NA
"Beta centre-high",5,203123,289,800,525000,103342,7028,0.288360518632128,800,151,525000,556291.390728477,9.35464229440858,TRUE,NA
"Beta centre-high",5,203123,290,333,525000,106625,6953,0.225926126283812,333,76,525000,460065.789473684,13.0534724993725,TRUE,NA
"Beta centre-high",5,203123,290,800,525000,106625,6953,0.296784334382988,800,163,525000,515337.423312883,9.09031683413498,TRUE,NA
"Beta centre-high",5,203123,291,333,525000,99303,6941,0.220112563687555,333,60,525000,582750,14.3346037123501,TRUE,NA
"Beta centre-high",5,203123,291,800,525000,99303,6941,0.288377070401284,800,133,525000,631578.947368421,9.82202305119653,TRUE,NA
"Beta centre-high",5,203123,292,333,525000,105287,7051,0.21202615909043,333,55,525000,635727.272727273,14.853699160197,TRUE,NA
"Beta centre-high",5,203123,292,800,525000,105287,7051,0.285913511284081,800,134,525000,626865.671641791,9.79341781836483,TRUE,NA
"Beta centre-high",5,203123,293,333,525000,105233,7235,0.218648842924309,333,61,525000,573196.721311475,14.2389825181774,TRUE,NA
"Beta centre-high",5,203123,293,800,525000,105233,7235,0.285652432143283,800,142,525000,591549.295774648,9.57636163188774,TRUE,NA
"Beta centre-high",5,203123,294,333,525000,109400,7252,0.217399133765797,333,73,525000,478972.602739726,13.2589780259761,TRUE,NA
"Beta centre-high",5,203123,294,800,525000,109400,7252,0.282553393278104,800,163,525000,515337.423312883,9.09031683413498,TRUE,NA
"Beta centre-high",5,203123,295,333,525000,105120,7080,0.21982434195882,333,73,525000,478972.602739726,13.2589780259761,TRUE,NA
"Beta centre-high",5,203123,295,800,525000,105120,7080,0.289308398297148,800,168,525000,5e+05,8.98932569313369,TRUE,NA
"Beta centre-high",5,203123,296,333,525000,102537,7182,0.223244267893428,333,58,525000,602844.827586207,14.5336846679327,TRUE,NA
"Beta centre-high",5,203123,296,800,525000,102537,7182,0.291403557018135,800,152,525000,552631.578947368,9.33132576741561,TRUE,NA
"Beta centre-high",5,203123,297,333,525000,106136,7073,0.219848824550146,333,62,525000,563951.612903226,14.1458304635712,TRUE,NA
"Beta centre-high",5,203123,297,800,525000,106136,7073,0.290796294244543,800,182,525000,461538.461538462,8.7309347631556,TRUE,NA
"Beta centre-high",5,203123,298,333,525000,100341,7235,0.2172019047471,333,58,525000,602844.827586207,14.5336846679327,TRUE,NA
"Beta centre-high",5,203123,298,800,525000,100341,7235,0.285755143572109,800,149,525000,563758.389261745,9.4020349315005,TRUE,NA
"Beta centre-high",5,203123,299,333,525000,107303,7114,0.217726293947704,333,61,525000,573196.721311475,14.2389825181774,TRUE,NA
"Beta centre-high",5,203123,299,800,525000,107303,7114,0.284282781828459,800,154,525000,545454.545454545,9.28543116007485,TRUE,NA
"Beta centre-high",5,203123,300,333,525000,104928,6966,0.22302287481292,333,57,525000,613421.052631579,14.6373765892212,TRUE,NA
"Beta centre-high",5,203123,300,800,525000,104928,6966,0.29236919212176,800,156,525000,538461.538461538,9.24049408830438,TRUE,NA
"Beta centre-high",5,203123,301,333,525000,105132,6850,0.227725011207394,333,78,525000,448269.230769231,12.9235956733636,TRUE,NA
"Beta centre-high",5,203123,301,800,525000,105132,6850,0.296109748767518,800,167,525000,502994.011976048,9.00912905970284,TRUE,NA
"Beta centre-high",5,203123,302,333,525000,102181,7335,0.222258310730514,333,64,525000,546328.125,13.9665384732028,TRUE,NA
"Beta centre-high",5,203123,302,800,525000,102181,7335,0.28795796390951,800,149,525000,563758.389261745,9.4020349315005,TRUE,NA
"Beta centre-high",5,203123,303,333,525000,108141,7079,0.224311413443401,333,69,525000,506739.130434783,13.5551367811372,TRUE,NA
"Beta centre-high",5,203123,303,800,525000,108141,7079,0.295826922993869,800,172,525000,488372.093023256,8.91199763112317,TRUE,NA
"Beta centre-high",5,203123,304,333,525000,104370,7196,0.219998180232495,333,63,525000,555000,14.0550473372953,TRUE,NA
"Beta centre-high",5,203123,304,800,525000,104370,7196,0.290965116220368,800,151,525000,556291.390728477,9.35464229440858,TRUE,NA
"Beta centre-high",5,203123,305,333,525000,108365,7152,0.223556946877887,333,70,525000,499500,13.478551100938,TRUE,NA
"Beta centre-high",5,203123,305,800,525000,108365,7152,0.289350099870943,800,156,525000,538461.538461538,9.24049408830438,TRUE,NA
"Beta centre-high",5,203123,306,333,525000,106556,6891,0.221240426083406,333,51,525000,685588.235294118,15.3262072378003,TRUE,NA
"Beta centre-high",5,203123,306,800,525000,106556,6891,0.287925770424159,800,152,525000,552631.578947368,9.33132576741561,TRUE,NA
"Beta centre-high",5,203123,307,333,525000,106169,7067,0.226033264325553,333,74,525000,472500,13.1889852550751,TRUE,NA
"Beta centre-high",5,203123,307,800,525000,106169,7067,0.296216957967203,800,162,525000,518518.518518519,9.11112297991595,TRUE,NA
"Beta centre-high",5,203123,308,333,525000,100860,7112,0.22580062970491,333,62,525000,563951.612903226,14.1458304635712,TRUE,NA
"Beta centre-high",5,203123,308,800,525000,100860,7112,0.290797681030357,800,148,525000,567567.567567568,9.42611979878208,TRUE,NA
"Beta centre-high",5,203123,309,333,525000,108868,7113,0.224116934938805,333,83,525000,421265.060240964,12.6212568563633,TRUE,NA
"Beta centre-high",5,203123,309,800,525000,108868,7113,0.288229927620941,800,152,525000,552631.578947368,9.33132576741561,TRUE,NA
"Beta centre-high",5,203123,310,333,525000,105357,7083,0.22053243415461,333,75,525000,466200,13.1205003813417,TRUE,NA
"Beta centre-high",5,203123,310,800,525000,105357,7083,0.289811887389342,800,183,525000,459016.393442623,8.71372340831366,TRUE,NA
"Beta centre-high",5,203123,311,333,525000,99672,7138,0.22921651068298,333,88,525000,397329.545454545,12.3470871285424,TRUE,NA
"Beta centre-high",5,203123,311,800,525000,99672,7138,0.292546139385011,800,175,525000,480000,8.85590334388769,TRUE,NA
"Beta centre-high",5,203123,312,333,525000,105966,7177,0.224626282255486,333,75,525000,466200,13.1205003813417,TRUE,NA
"Beta centre-high",5,203123,312,800,525000,105966,7177,0.291262468083024,800,169,525000,497041.420118343,8.96971373715795,TRUE,NA
"Beta centre-high",5,203123,313,333,525000,106360,7095,0.220489279237973,333,71,525000,492464.788732394,13.4037034936613,TRUE,NA
"Beta centre-high",5,203123,313,800,525000,106360,7095,0.290933624494534,800,161,525000,521739.130434783,9.13213929677269,TRUE,NA
"Beta centre-high",5,203123,314,333,525000,105257,7139,0.220166282715256,333,51,525000,685588.235294118,15.3262072378003,TRUE,NA
"Beta centre-high",5,203123,314,800,525000,105257,7139,0.284495580574108,800,141,525000,595744.680851064,9.60240348605634,TRUE,NA
"Beta centre-high",5,203123,315,333,525000,104136,7238,0.216598780079177,333,57,525000,613421.052631579,14.6373765892212,TRUE,NA
"Beta centre-high",5,203123,315,800,525000,104136,7238,0.287199451546214,800,137,525000,613138.686131387,9.70962757387486,TRUE,NA
"Beta centre-high",5,203123,316,333,525000,103859,7144,0.21647862147381,333,55,525000,635727.272727273,14.853699160197,TRUE,NA
"Beta centre-high",5,203123,316,800,525000,103859,7144,0.287619922057551,800,141,525000,595744.680851064,9.60240348605634,TRUE,NA
"Beta centre-high",5,203123,317,333,525000,102764,7014,0.219001583087502,333,47,525000,743936.170212766,15.8612784595146,TRUE,NA
"Beta centre-high",5,203123,317,800,525000,102764,7014,0.285905333776163,800,152,525000,552631.578947368,9.33132576741561,TRUE,NA
"Beta centre-high",5,203123,318,333,525000,108556,7341,0.227134722781025,333,70,525000,499500,13.478551100938,TRUE,NA
"Beta centre-high",5,203123,318,800,525000,108556,7341,0.293513376024501,800,170,525000,494117.647058824,8.95029029167148,TRUE,NA
"Beta centre-high",5,203123,319,333,525000,105890,7093,0.223000902555265,333,65,525000,537923.076923077,13.8802143632441,TRUE,NA
"Beta centre-high",5,203123,319,800,525000,105890,7093,0.291167574472591,800,172,525000,488372.093023256,8.91199763112317,TRUE,NA
"Beta centre-high",5,203123,320,333,525000,104838,7190,0.224243509367958,333,70,525000,499500,13.478551100938,TRUE,NA
"Beta centre-high",5,203123,320,800,525000,104838,7190,0.292845599342082,800,173,525000,485549.132947977,8.89312291051442,TRUE,NA
"Beta centre-high",5,203123,321,333,525000,107436,7191,0.216498006152456,333,65,525000,537923.076923077,13.8802143632441,TRUE,NA
"Beta centre-high",5,203123,321,800,525000,107436,7191,0.284545525389696,800,139,525000,604316.54676259,9.65539294573709,TRUE,NA
"Beta centre-high",5,203123,322,333,525000,106639,7071,0.217561883825981,333,73,525000,478972.602739726,13.2589780259761,TRUE,NA
"Beta centre-high",5,203123,322,800,525000,106639,7071,0.28806154696344,800,174,525000,482758.620689655,8.87442568627627,TRUE,NA
"Beta centre-high",5,203123,323,333,525000,112480,7057,0.225107238519093,333,92,525000,380054.347826087,12.1453632756442,TRUE,NA
"Beta centre-high",5,203123,323,800,525000,112480,7057,0.294872779293798,800,186,525000,451612.903225806,8.66300223673289,TRUE,NA
"Beta centre-high",5,203123,324,333,525000,105963,7102,0.226330324347956,333,72,525000,485625,13.3305320903684,TRUE,NA
"Beta centre-high",5,203123,324,800,525000,105963,7102,0.294867579227652,800,164,525000,512195.12195122,9.06971756172824,TRUE,NA
"Beta centre-high",5,203123,325,333,525000,106117,7053,0.222865151556597,333,66,525000,529772.727272727,13.7959903029324,TRUE,NA
"Beta centre-high",5,203123,325,800,525000,106117,7053,0.289514417074583,800,164,525000,512195.12195122,9.06971756172824,TRUE,NA
"Beta centre-high",5,203123,326,333,525000,108260,7189,0.208918892051705,333,48,525000,728437.5,15.7209265075818,TRUE,NA
"Beta centre-high",5,203123,326,800,525000,108260,7189,0.281744200263729,800,166,525000,506024.096385542,9.02912679880207,TRUE,NA
"Beta centre-high",5,203123,327,333,525000,105699,7131,0.220566832365263,333,76,525000,460065.789473684,13.0534724993725,TRUE,NA
"Beta centre-high",5,203123,327,800,525000,105699,7131,0.289076771716103,800,167,525000,502994.011976048,9.00912905970284,TRUE,NA
"Beta centre-high",5,203123,328,333,525000,101276,7208,0.222519744229254,333,60,525000,582750,14.3346037123501,TRUE,NA
"Beta centre-high",5,203123,328,800,525000,101276,7208,0.288296463968153,800,138,525000,608695.652173913,9.68235172927353,TRUE,NA
"Beta centre-high",5,203123,329,333,525000,108841,7236,0.219626974455312,333,74,525000,472500,13.1889852550751,TRUE,NA
"Beta centre-high",5,203123,329,800,525000,108841,7236,0.289064270734562,800,193,525000,435233.160621762,8.54971569094638,TRUE,NA
"Beta centre-high",5,203123,330,333,525000,105782,7140,0.221386879580319,333,94,525000,371968.085106383,12.0497790704584,TRUE,NA
"Beta centre-high",5,203123,330,800,525000,105782,7140,0.282689386501218,800,171,525000,491228.070175439,8.93105251676233,TRUE,NA
"Beta centre-high",5,203123,331,333,525000,105614,7093,0.224903317241475,333,74,525000,472500,13.1889852550751,TRUE,NA
"Beta centre-high",5,203123,331,800,525000,105614,7093,0.290004623598347,800,169,525000,497041.420118343,8.96971373715795,TRUE,NA
"Beta centre-high",5,203123,332,333,525000,109973,7124,0.227222902316206,333,78,525000,448269.230769231,12.9235956733636,TRUE,NA
"Beta centre-high",5,203123,332,800,525000,109973,7124,0.292539171836564,800,190,525000,442105.263157895,8.59742669877403,TRUE,NA
"Beta centre-high",5,203123,333,333,525000,112490,7192,0.220426321551163,333,66,525000,529772.727272727,13.7959903029324,TRUE,NA
"Beta centre-high",5,203123,333,800,525000,112490,7192,0.28690393864138,800,168,525000,5e+05,8.98932569313369,TRUE,NA
"Beta centre-high",5,203123,334,333,525000,109609,7112,0.215780126784068,333,59,525000,592627.118644068,14.4328002254304,TRUE,NA
"Beta centre-high",5,203123,334,800,525000,109609,7112,0.288761929526162,800,155,525000,541935.483870968,9.26284491534227,TRUE,NA
"Beta centre-high",5,203123,335,333,525000,108956,7083,0.221586982686931,333,78,525000,448269.230769231,12.9235956733636,TRUE,NA
"Beta centre-high",5,203123,335,800,525000,108956,7083,0.291235440037538,800,177,525000,474576.271186441,8.81937310893847,TRUE,NA
"Beta centre-high",5,203123,336,333,525000,106067,7126,0.223015170985965,333,64,525000,546328.125,13.9665384732028,TRUE,NA
"Beta centre-high",5,203123,336,800,525000,106067,7126,0.288315968770604,800,169,525000,497041.420118343,8.96971373715795,TRUE,NA
"Beta centre-high",5,203123,337,333,525000,103638,7180,0.223961848811356,333,78,525000,448269.230769231,12.9235956733636,TRUE,NA
"Beta centre-high",5,203123,337,800,525000,103638,7180,0.286890426068416,800,162,525000,518518.518518519,9.11112297991595,TRUE,NA
"Beta centre-high",5,203123,338,333,525000,109529,7056,0.21420800591767,333,57,525000,613421.052631579,14.6373765892212,TRUE,NA
"Beta centre-high",5,203123,338,800,525000,109529,7056,0.289575966910873,800,170,525000,494117.647058824,8.95029029167148,TRUE,NA
"Beta centre-high",5,203123,339,333,525000,107062,7130,0.223147638657539,333,89,525000,392865.168539326,12.2952733798502,TRUE,NA
"Beta centre-high",5,203123,339,800,525000,107062,7130,0.292275362528303,800,178,525000,471910.112359551,8.80136024568492,TRUE,NA
"Beta centre-high",5,203123,340,333,525000,108775,7259,0.219815107760953,333,74,525000,472500,13.1889852550751,TRUE,NA
"Beta centre-high",5,203123,340,800,525000,108775,7259,0.287626010631072,800,152,525000,552631.578947368,9.33132576741561,TRUE,NA
"Beta centre-high",5,203123,341,333,525000,105062,7047,0.216666965235032,333,63,525000,555000,14.0550473372953,TRUE,NA
"Beta centre-high",5,203123,341,800,525000,105062,7047,0.291566071665384,800,157,525000,535031.847133758,9.21837482473715,TRUE,NA
"Beta centre-high",5,203123,342,333,525000,102698,7149,0.215237716604106,333,49,525000,713571.428571429,15.5851156420642,TRUE,NA
"Beta centre-high",5,203123,342,800,525000,102698,7149,0.283727006855885,800,140,525000,6e+05,9.62874541786184,TRUE,NA
"Beta centre-high",5,203123,343,333,525000,104736,7100,0.215399462688594,333,60,525000,582750,14.3346037123501,TRUE,NA
"Beta centre-high",5,203123,343,800,525000,104736,7100,0.285310943059731,800,160,525000,525000,9.15336915531238,TRUE,NA
"Beta centre-high",5,203123,344,333,525000,101247,7058,0.224731838421994,333,62,525000,563951.612903226,14.1458304635712,TRUE,NA
"Beta centre-high",5,203123,344,800,525000,101247,7058,0.288619223034166,800,139,525000,604316.54676259,9.65539294573709,TRUE,NA
"Beta centre-high",5,203123,345,333,525000,104267,7147,0.217660500156388,333,53,525000,659716.981132075,15.0828857386931,TRUE,NA
"Beta centre-high",5,203123,345,800,525000,104267,7147,0.287651190078207,800,134,525000,626865.671641791,9.79341781836483,TRUE,NA
"Beta centre-high",5,203123,346,333,525000,100422,7087,0.219999484615603,333,78,525000,448269.230769231,12.9235956733636,TRUE,NA
"Beta centre-high",5,203123,346,800,525000,100422,7087,0.289345884785118,800,155,525000,541935.483870968,9.26284491534227,TRUE,NA
"Beta centre-high",5,203123,347,333,525000,109233,7159,0.219564910770018,333,56,525000,624375,14.7440030349591,TRUE,NA
"Beta centre-high",5,203123,347,800,525000,109233,7159,0.284355163010915,800,157,525000,535031.847133758,9.21837482473715,TRUE,NA
"Beta centre-high",5,203123,348,333,525000,103091,7047,0.224426301873501,333,51,525000,685588.235294118,15.3262072378003,TRUE,NA
"Beta centre-high",5,203123,348,800,525000,103091,7047,0.295707068204062,800,138,525000,608695.652173913,9.68235172927353,TRUE,NA
"Beta centre-high",5,203123,349,333,525000,106095,7110,0.227055523973983,333,68,525000,514191.176470588,13.633525606125,TRUE,NA
"Beta centre-high",5,203123,349,800,525000,106095,7110,0.293917979412245,800,177,525000,474576.271186441,8.81937310893847,TRUE,NA
"Beta centre-high",5,203123,350,333,525000,100863,7126,0.223393418136859,333,62,525000,563951.612903226,14.1458304635712,TRUE,NA
"Beta centre-high",5,203123,350,800,525000,100863,7126,0.288082338807104,800,140,525000,6e+05,9.62874541786184,TRUE,NA
"Beta centre-high",5,203123,351,333,525000,104314,7027,0.222611200822201,333,67,525000,521865.671641791,13.7137860660992,TRUE,NA
"Beta centre-high",5,203123,351,800,525000,104314,7027,0.290540753930968,800,149,525000,563758.389261745,9.4020349315005,TRUE,NA
"Beta centre-high",5,203123,352,333,525000,107550,7131,0.21902483399748,333,76,525000,460065.789473684,13.0534724993725,TRUE,NA
"Beta centre-high",5,203123,352,800,525000,107550,7131,0.287234931678505,800,178,525000,471910.112359551,8.80136024568492,TRUE,NA
"Beta centre-high",5,203123,353,333,525000,105552,7179,0.215545381789555,333,60,525000,582750,14.3346037123501,TRUE,NA
"Beta centre-high",5,203123,353,800,525000,105552,7179,0.285988771519945,800,164,525000,512195.12195122,9.06971756172824,TRUE,NA
"Beta centre-high",5,203123,354,333,525000,105996,7072,0.222644168750946,333,57,525000,613421.052631579,14.6373765892212,TRUE,NA
"Beta centre-high",5,203123,354,800,525000,105996,7072,0.292758341998666,800,167,525000,502994.011976048,9.00912905970284,TRUE,NA
"Beta centre-high",5,203123,355,333,525000,103936,7120,0.222016309310043,333,69,525000,506739.130434783,13.5551367811372,TRUE,NA
"Beta centre-high",5,203123,355,800,525000,103936,7120,0.290320036889778,800,164,525000,512195.12195122,9.06971756172824,TRUE,NA
"Beta centre-high",5,203123,356,333,525000,103151,7080,0.22348287201173,333,82,525000,426402.43902439,12.6793302834041,TRUE,NA
"Beta centre-high",5,203123,356,800,525000,103151,7080,0.28804865145567,800,167,525000,502994.011976048,9.00912905970284,TRUE,NA
"Beta centre-high",5,203123,357,333,525000,102177,7085,0.228898474671067,333,72,525000,485625,13.3305320903684,TRUE,NA
"Beta centre-high",5,203123,357,800,525000,102177,7085,0.293185282647713,800,180,525000,466666.666666667,8.76582696891626,TRUE,NA
"Beta centre-high",5,203123,358,333,525000,104202,7105,0.217803497360125,333,56,525000,624375,14.7440030349591,TRUE,NA
"Beta centre-high",5,203123,358,800,525000,104202,7105,0.290369767832528,800,154,525000,545454.545454545,9.28543116007485,TRUE,NA
"Beta centre-high",5,203123,359,333,525000,102601,7065,0.219045557468986,333,68,525000,514191.176470588,13.633525606125,TRUE,NA
"Beta centre-high",5,203123,359,800,525000,102601,7065,0.288414574763399,800,154,525000,545454.545454545,9.28543116007485,TRUE,NA
"Beta centre-high",5,203123,360,333,525000,110238,7000,0.22454327626644,333,66,525000,529772.727272727,13.7959903029324,TRUE,NA
"Beta centre-high",5,203123,360,800,525000,110238,7000,0.294606494118882,800,175,525000,480000,8.85590334388769,TRUE,NA
"Beta centre-high",5,203123,361,333,525000,107426,7064,0.220193197999969,333,69,525000,506739.130434783,13.5551367811372,TRUE,NA
"Beta centre-high",5,203123,361,800,525000,107426,7064,0.289408539847183,800,153,525000,549019.607843137,9.30825676577559,TRUE,NA
"Beta centre-high",5,203123,362,333,525000,103591,7183,0.216488900096411,333,74,525000,472500,13.1889852550751,TRUE,NA
"Beta centre-high",5,203123,362,800,525000,103591,7183,0.287066812673108,800,170,525000,494117.647058824,8.95029029167148,TRUE,NA
"Beta centre-high",5,203123,363,333,525000,108726,7072,0.219814117940694,333,64,525000,546328.125,13.9665384732028,TRUE,NA
"Beta centre-high",5,203123,363,800,525000,108726,7072,0.288134457532711,800,152,525000,552631.578947368,9.33132576741561,TRUE,NA
"Beta centre-high",5,203123,364,333,525000,103575,7081,0.218071836136869,333,78,525000,448269.230769231,12.9235956733636,TRUE,NA
"Beta centre-high",5,203123,364,800,525000,103575,7081,0.289609066577318,800,169,525000,497041.420118343,8.96971373715795,TRUE,NA
"Beta centre-high",5,203123,365,333,525000,111201,7085,0.223412135821017,333,68,525000,514191.176470588,13.633525606125,TRUE,NA
"Beta centre-high",5,203123,365,800,525000,111201,7085,0.288634712525401,800,164,525000,512195.12195122,9.06971756172824,TRUE,NA
"Beta centre-high",5,203123,366,333,525000,102356,7232,0.223406042296942,333,73,525000,478972.602739726,13.2589780259761,TRUE,NA
"Beta centre-high",5,203123,366,800,525000,102356,7232,0.289817778808463,800,152,525000,552631.578947368,9.33132576741561,TRUE,NA
"Beta centre-high",5,203123,367,333,525000,106935,6986,0.223215020117453,333,72,525000,485625,13.3305320903684,TRUE,NA
"Beta centre-high",5,203123,367,800,525000,106935,6986,0.28775432336816,800,145,525000,579310.344827586,9.49998337550142,TRUE,NA
"Beta centre-high",5,203123,368,333,525000,100729,7099,0.223339490907469,333,85,525000,411352.941176471,12.5084473755532,TRUE,NA
"Beta centre-high",5,203123,368,800,525000,100729,7099,0.292899208520064,800,173,525000,485549.132947977,8.89312291051442,TRUE,NA
"Beta centre-high",5,203123,369,333,525000,102283,7135,0.219475501461394,333,58,525000,602844.827586207,14.5336846679327,TRUE,NA
"Beta centre-high",5,203123,369,800,525000,102283,7135,0.293870900082867,800,149,525000,563758.389261745,9.4020349315005,TRUE,NA
"Beta centre-high",5,203123,370,333,525000,104257,7072,0.223251004617199,333,58,525000,602844.827586207,14.5336846679327,TRUE,NA
"Beta centre-high",5,203123,370,800,525000,104257,7072,0.286541377729217,800,157,525000,535031.847133758,9.21837482473715,TRUE,NA
"Beta centre-high",5,203123,371,333,525000,108878,7311,0.225367971144237,333,80,525000,437062.5,12.7989920276346,TRUE,NA
"Beta centre-high",5,203123,371,800,525000,108878,7311,0.291282324764126,800,161,525000,521739.130434783,9.13213929677269,TRUE,NA
"Beta centre-high",5,203123,372,333,525000,105795,7182,0.217756585115005,333,59,525000,592627.118644068,14.4328002254304,TRUE,NA
"Beta centre-high",5,203123,372,800,525000,105795,7182,0.288972593626451,800,152,525000,552631.578947368,9.33132576741561,TRUE,NA
"Beta centre-high",5,203123,373,333,525000,107051,7115,0.219825901592757,333,64,525000,546328.125,13.9665384732028,TRUE,NA
"Beta centre-high",5,203123,373,800,525000,107051,7115,0.29328158053659,800,168,525000,5e+05,8.98932569313369,TRUE,NA
"Beta centre-high",5,203123,374,333,525000,105251,6906,0.225400381315449,333,73,525000,478972.602739726,13.2589780259761,TRUE,NA
"Beta centre-high",5,203123,374,800,525000,105251,6906,0.29128445027043,800,149,525000,563758.389261745,9.4020349315005,TRUE,NA
"Beta centre-high",5,203123,375,333,525000,104749,7107,0.212300372620651,333,60,525000,582750,14.3346037123501,TRUE,NA
"Beta centre-high",5,203123,375,800,525000,104749,7107,0.28380625248846,800,153,525000,549019.607843137,9.30825676577559,TRUE,NA
"Beta centre-high",5,203123,376,333,525000,104860,6882,0.223960916583263,333,79,525000,442594.936708861,12.860656103188,TRUE,NA
"Beta centre-high",5,203123,376,800,525000,104860,6882,0.292148315747944,800,160,525000,525000,9.15336915531238,TRUE,NA
"Beta centre-high",5,203123,377,333,525000,106958,7046,0.223464276009911,333,68,525000,514191.176470588,13.633525606125,TRUE,NA
"Beta centre-high",5,203123,377,800,525000,106958,7046,0.29181127379929,800,171,525000,491228.070175439,8.93105251676233,TRUE,NA
"Beta centre-high",5,203123,378,333,525000,105257,7044,0.229637615297827,333,73,525000,478972.602739726,13.2589780259761,TRUE,NA
"Beta centre-high",5,203123,378,800,525000,105257,7044,0.292024358235861,800,176,525000,477272.727272727,8.83755332157073,TRUE,NA
"Beta centre-high",5,203123,379,333,525000,99716,7176,0.220903820679372,333,61,525000,573196.721311475,14.2389825181774,TRUE,NA
"Beta centre-high",5,203123,379,800,525000,99716,7176,0.282844500045301,800,133,525000,631578.947368421,9.82202305119653,TRUE,NA
"Beta centre-high",5,203123,380,333,525000,107816,7279,0.216731882988988,333,73,525000,478972.602739726,13.2589780259761,TRUE,NA
"Beta centre-high",5,203123,380,800,525000,107816,7279,0.288725042860316,800,174,525000,482758.620689655,8.87442568627627,TRUE,NA
"Beta centre-high",5,203123,381,333,525000,103996,7048,0.225637118922477,333,80,525000,437062.5,12.7989920276346,TRUE,NA
"Beta centre-high",5,203123,381,800,525000,103996,7048,0.293752868732603,800,194,525000,432989.69072165,8.53408217947316,TRUE,NA
"Beta centre-high",5,203123,382,333,525000,104952,7181,0.227410368161938,333,78,525000,448269.230769231,12.9235956733636,TRUE,NA
"Beta centre-high",5,203123,382,800,525000,104952,7181,0.293950217720295,800,187,525000,449197.860962567,8.6463924686716,TRUE,NA
"Beta centre-high",5,203123,383,333,525000,104503,7138,0.2186113245216,333,72,525000,485625,13.3305320903684,TRUE,NA
"Beta centre-high",5,203123,383,800,525000,104503,7138,0.281573000242651,800,151,525000,556291.390728477,9.35464229440858,TRUE,NA
"Beta centre-high",5,203123,384,333,525000,98536,7123,0.225590360003543,333,62,525000,563951.612903226,14.1458304635712,TRUE,NA
"Beta centre-high",5,203123,384,800,525000,98536,7123,0.293670323210515,800,157,525000,535031.847133758,9.21837482473715,TRUE,NA
"Beta centre-high",5,203123,385,333,525000,114194,7136,0.216505419427578,333,67,525000,521865.671641791,13.7137860660992,TRUE,NA
"Beta centre-high",5,203123,385,800,525000,114194,7136,0.28481408364445,800,161,525000,521739.130434783,9.13213929677269,TRUE,NA
"Beta centre-high",5,203123,386,333,525000,112367,7047,0.218574699898742,333,63,525000,555000,14.0550473372953,TRUE,NA
"Beta centre-high",5,203123,386,800,525000,112367,7047,0.292150804390569,800,175,525000,480000,8.85590334388769,TRUE,NA
"Beta centre-high",5,203123,387,333,525000,105014,7061,0.22411248382342,333,82,525000,426402.43902439,12.6793302834041,TRUE,NA
"Beta centre-high",5,203123,387,800,525000,105014,7061,0.291262443003616,800,178,525000,471910.112359551,8.80136024568492,TRUE,NA
"Beta centre-high",5,203123,388,333,525000,99245,7047,0.226234409220332,333,82,525000,426402.43902439,12.6793302834041,TRUE,NA
"Beta centre-high",5,203123,388,800,525000,99245,7047,0.293656955978524,800,177,525000,474576.271186441,8.81937310893847,TRUE,NA
"Beta centre-high",5,203123,389,333,525000,96785,7029,0.227433971669465,333,60,525000,582750,14.3346037123501,TRUE,NA
"Beta centre-high",5,203123,389,800,525000,96785,7029,0.293554631283905,800,144,525000,583333.333333333,9.52515676185271,TRUE,NA
"Beta centre-high",5,203123,390,333,525000,103586,7051,0.215409623730657,333,57,525000,613421.052631579,14.6373765892212,TRUE,NA
"Beta centre-high",5,203123,390,800,525000,103586,7051,0.287516510982315,800,143,525000,587412.587412587,9.55061447360817,TRUE,NA
"Beta centre-high",5,203123,391,333,525000,100464,7081,0.222561163768706,333,78,525000,448269.230769231,12.9235956733636,TRUE,NA
"Beta centre-high",5,203123,391,800,525000,100464,7081,0.291497992038304,800,157,525000,535031.847133758,9.21837482473715,TRUE,NA
"Beta centre-high",5,203123,392,333,525000,107347,7116,0.218517868289655,333,59,525000,592627.118644068,14.4328002254304,TRUE,NA
"Beta centre-high",5,203123,392,800,525000,107347,7116,0.288084590934428,800,149,525000,563758.389261745,9.4020349315005,TRUE,NA
"Beta centre-high",5,203123,393,333,525000,104645,7223,0.223007637747585,333,77,525000,454090.909090909,12.9878530478899,TRUE,NA
"Beta centre-high",5,203123,393,800,525000,104645,7223,0.286979491863701,800,164,525000,512195.12195122,9.06971756172824,TRUE,NA
"Beta centre-high",5,203123,394,333,525000,103467,7111,0.227997168170297,333,78,525000,448269.230769231,12.9235956733636,TRUE,NA
"Beta centre-high",5,203123,394,800,525000,103467,7111,0.290695364755931,800,160,525000,525000,9.15336915531238,TRUE,NA
"Beta centre-high",5,203123,395,333,525000,106859,7158,0.216168444627287,333,64,525000,546328.125,13.9665384732028,TRUE,NA
"Beta centre-high",5,203123,395,800,525000,106859,7158,0.286299034072418,800,160,525000,525000,9.15336915531238,TRUE,NA
"Beta centre-high",5,203123,396,333,525000,103817,7275,0.223136563777753,333,75,525000,466200,13.1205003813417,TRUE,NA
"Beta centre-high",5,203123,396,800,525000,103817,7275,0.285579252108253,800,168,525000,5e+05,8.98932569313369,TRUE,NA
"Beta centre-high",5,203123,397,333,525000,103885,7163,0.219778490017273,333,54,525000,647500,14.96660890478,TRUE,NA
"Beta centre-high",5,203123,397,800,525000,103885,7163,0.282641119519135,800,135,525000,622222.222222222,9.76515442619819,TRUE,NA
"Beta centre-high",5,203123,398,333,525000,104280,7135,0.219820070242505,333,62,525000,563951.612903226,14.1458304635712,TRUE,NA
"Beta centre-high",5,203123,398,800,525000,104280,7135,0.286808935125092,800,169,525000,497041.420118343,8.96971373715795,TRUE,NA
"Beta centre-high",5,203123,399,333,525000,106578,7032,0.227806840620454,333,71,525000,492464.788732394,13.4037034936613,TRUE,NA
"Beta centre-high",5,203123,399,800,525000,106578,7032,0.291684479057159,800,167,525000,502994.011976048,9.00912905970284,TRUE,NA
"Beta centre-high",5,203123,400,333,525000,105114,6995,0.225997193382682,333,75,525000,466200,13.1205003813417,TRUE,NA
"Beta centre-high",5,203123,400,800,525000,105114,6995,0.292756134157896,800,165,525000,509090.909090909,9.04932193589579,TRUE,NA
