"scenario","ratio_value","setting_seed","repetition","x_stop","n_target_total","n_marker_actual","n_target_band","x_end","x_count","n_count","c_true","c_hat","sigma_L","valid","invalid_reason"
"Beta centre-high",1,201123,1,333,105000,102891,1432,0.373085672704507,333,334,105000,104685.628742515,8.29182227763796,TRUE,NA
"Beta centre-high",1,201123,1,800,105000,102891,1432,0.524969051354102,800,791,105000,106194.690265487,5.82463663459186,TRUE,NA
"Beta centre-high",1,201123,2,333,105000,109815,1456,0.369442399044859,333,347,105000,100763.688760807,8.2239066584859,TRUE,NA
"Beta centre-high",1,201123,2,800,105000,109815,1456,0.52946508911392,800,815,105000,103067.484662577,5.79259057276887,TRUE,NA
"Beta centre-high",1,201123,3,333,105000,110155,1453,0.364839382574963,333,353,105000,99050.9915014164,8.19407156555708,TRUE,NA
"Beta centre-high",1,201123,3,800,105000,110155,1453,0.519778166444985,800,821,105000,102314.25091352,5.7848452753137,TRUE,NA
"Beta centre-high",1,201123,4,333,105000,107881,1491,0.36767621300205,333,298,105000,117332.214765101,8.50712900474184,TRUE,NA
"Beta centre-high",1,201123,4,800,105000,107881,1491,0.518698034316778,800,736,105000,114130.434782609,5.90517767854306,TRUE,NA
"Beta centre-high",1,201123,5,333,105000,106280,1388,0.370196073080832,333,312,105000,112067.307692308,8.41816363435257,TRUE,NA
"Beta centre-high",1,201123,5,800,105000,106280,1388,0.518193384472916,800,746,105000,112600.536193029,5.88973621062009,TRUE,NA
"Beta centre-high",1,201123,6,333,105000,100371,1441,0.352974181106163,333,277,105000,126227.436823105,8.65536134173179,TRUE,NA
"Beta centre-high",1,201123,6,800,105000,100371,1441,0.511662612960093,800,721,105000,116504.854368932,5.92906336730642,TRUE,NA
"Beta centre-high",1,201123,7,333,105000,101163,1396,0.370858879842238,333,328,105000,106600.609756098,8.3247823876365,TRUE,NA
"Beta centre-high",1,201123,7,800,105000,101163,1396,0.533192402546894,800,802,105000,104738.154613466,5.80973276696946,TRUE,NA
"Beta centre-high",1,201123,8,333,105000,110514,1435,0.383644328447826,333,376,105000,92992.0212765957,8.08764128805829,TRUE,NA
"Beta centre-high",1,201123,8,800,105000,110514,1435,0.5281178167093,800,817,105000,102815.17747858,5.78999732074268,TRUE,NA
"Beta centre-high",1,201123,9,333,105000,106802,1397,0.36132835113756,333,282,105000,123989.361702128,8.61830550811791,TRUE,NA
"Beta centre-high",1,201123,9,800,105000,106802,1397,0.529279130487672,800,794,105000,105793.450881612,5.82053479774077,TRUE,NA
"Beta centre-high",1,201123,10,333,105000,104132,1379,0.368474805931242,333,338,105000,103446.74556213,8.2704289937114,TRUE,NA
"Beta centre-high",1,201123,10,800,105000,104132,1379,0.531142369311259,800,828,105000,101449.275362319,5.77593815578165,TRUE,NA
"Beta centre-high",1,201123,11,333,105000,105949,1371,0.372711782848969,333,368,105000,95013.5869565217,8.12330659072599,TRUE,NA
"Beta centre-high",1,201123,11,800,105000,105949,1371,0.524319220585986,800,841,105000,99881.0939357907,5.75975462275534,TRUE,NA
"Beta centre-high",1,201123,12,333,105000,106050,1406,0.371221843097675,333,346,105000,101054.913294798,8.22896901364322,TRUE,NA
"Beta centre-high",1,201123,12,800,105000,106050,1406,0.531360379647934,800,834,105000,100719.424460432,5.7684117889836,TRUE,NA
"Beta centre-high",1,201123,13,333,105000,104216,1473,0.36053959686083,333,265,105000,131943.396226415,8.74928831277481,TRUE,NA
"Beta centre-high",1,201123,13,800,105000,104216,1473,0.520791294886771,800,712,105000,117977.528089888,5.94382963363258,TRUE,NA
"Beta centre-high",1,201123,14,333,105000,106599,1424,0.374884559915267,333,368,105000,95013.5869565217,8.12330659072599,TRUE,NA
"Beta centre-high",1,201123,14,800,105000,106599,1424,0.527458597045966,800,814,105000,103194.103194103,5.79389154009948,TRUE,NA
"Beta centre-high",1,201123,15,333,105000,106088,1384,0.376025374588964,333,368,105000,95013.5869565217,8.12330659072599,TRUE,NA
"Beta centre-high",1,201123,15,800,105000,106088,1384,0.543824951943159,800,874,105000,96109.8398169336,5.7206480831002,TRUE,NA
"Beta centre-high",1,201123,16,333,105000,107003,1394,0.374714727639274,333,361,105000,96855.9556786704,8.15567458573384,TRUE,NA
"Beta centre-high",1,201123,16,800,105000,107003,1394,0.540624315842419,800,901,105000,93229.7447280799,5.69060155235976,TRUE,NA
"Beta centre-high",1,201123,17,333,105000,106290,1462,0.367178106995338,333,352,105000,99332.3863636364,8.19898090207222,TRUE,NA
"Beta centre-high",1,201123,17,800,105000,106290,1462,0.520464586854867,800,798,105000,105263.157894737,5.81510921773839,TRUE,NA
"Beta centre-high",1,201123,18,333,105000,105084,1433,0.368098793245238,333,333,105000,105000,8.29724212937552,TRUE,NA
"Beta centre-high",1,201123,18,800,105000,105084,1433,0.528457572460763,800,834,105000,100719.424460432,5.7684117889836,TRUE,NA
"Beta centre-high",1,201123,19,333,105000,103332,1438,0.365027846718407,333,320,105000,109265.625,8.37043588610856,TRUE,NA
"Beta centre-high",1,201123,19,800,105000,103332,1438,0.521567731071707,800,792,105000,106060.606060606,5.82326622435268,TRUE,NA
"Beta centre-high",1,201123,20,333,105000,98969,1345,0.381721098275112,333,331,105000,105634.441087613,8.30816931014239,TRUE,NA
"Beta centre-high",1,201123,20,800,105000,98969,1345,0.553198130309135,800,837,105000,100358.422939068,5.76468543770552,TRUE,NA
"Beta centre-high",1,201123,21,333,105000,104700,1440,0.371690479395664,333,336,105000,104062.5,8.28106887336163,TRUE,NA
"Beta centre-high",1,201123,21,800,105000,104700,1440,0.52748834087818,800,773,105000,108667.529107374,5.8498527760487,TRUE,NA
"Beta centre-high",1,201123,22,333,105000,104152,1447,0.358741719541985,333,276,105000,126684.782608696,8.66291411601345,TRUE,NA
"Beta centre-high",1,201123,22,800,105000,104152,1447,0.523232903288441,800,755,105000,111258.278145695,5.87615520608559,TRUE,NA
"Beta centre-high",1,201123,23,333,105000,103207,1389,0.373367397765045,333,331,105000,105634.441087613,8.30816931014239,TRUE,NA
"Beta centre-high",1,201123,23,800,105000,103207,1389,0.537833231735293,800,823,105000,102065.613608748,5.78228632810412,TRUE,NA
"Beta centre-high",1,201123,24,333,105000,102819,1380,0.364695853238037,333,288,105000,121406.25,8.57533784440452,TRUE,NA
"Beta centre-high",1,201123,24,800,105000,102819,1380,0.528404678861946,800,759,105000,110671.936758893,5.87021272697668,TRUE,NA
"Beta centre-high",1,201123,25,333,105000,107666,1393,0.376687456155001,333,358,105000,97667.5977653631,8.16989337857654,TRUE,NA
"Beta centre-high",1,201123,25,800,105000,107666,1393,0.533219167219313,800,823,105000,102065.613608748,5.78228632810412,TRUE,NA
"Beta centre-high",1,201123,26,333,105000,103907,1404,0.370174056214323,333,320,105000,109265.625,8.37043588610856,TRUE,NA
"Beta centre-high",1,201123,26,800,105000,103907,1404,0.530298968104664,800,786,105000,106870.229007634,5.83153609299099,TRUE,NA
"Beta centre-high",1,201123,27,333,105000,99903,1444,0.366489568977386,333,299,105000,116939.799331104,8.50053015858222,TRUE,NA
"Beta centre-high",1,201123,27,800,105000,99903,1444,0.519634849492723,800,741,105000,113360.32388664,5.89740990152418,TRUE,NA
"Beta centre-high",1,201123,28,333,105000,111724,1367,0.376020002938522,333,367,105000,95272.4795640327,8.12786277730646,TRUE,NA
"Beta centre-high",1,201123,28,800,105000,111724,1367,0.539393504107215,800,846,105000,99290.780141844,5.75365082905551,TRUE,NA
"Beta centre-high",1,201123,29,333,105000,109717,1349,0.375923962436249,333,294,105000,118928.571428571,8.53392069131363,TRUE,NA
"Beta centre-high",1,201123,29,800,105000,109717,1349,0.54570775313372,800,822,105000,102189.781021898,5.78356438669775,TRUE,NA
"Beta centre-high",1,201123,30,333,105000,103108,1436,0.359984993856617,333,325,105000,107584.615384615,8.34166816006756,TRUE,NA
"Beta centre-high",1,201123,30,800,105000,103108,1436,0.51138509959448,800,738,105000,113821.138211382,5.90205916564541,TRUE,NA
"Beta centre-high",1,201123,31,333,105000,105680,1421,0.377401563403295,333,371,105000,94245.2830188679,8.10977033096673,TRUE,NA
"Beta centre-high",1,201123,31,800,105000,105680,1421,0.535097711427871,800,802,105000,104738.154613466,5.80973276696946,TRUE,NA
"Beta centre-high",1,201123,32,333,105000,107612,1464,0.357026172323626,333,336,105000,104062.5,8.28106887336163,TRUE,NA
"Beta centre-high",1,201123,32,800,105000,107612,1464,0.519251515071471,800,828,105000,101449.275362319,5.77593815578165,TRUE,NA
"Beta centre-high",1,201123,33,333,105000,100898,1425,0.372802403146051,333,351,105000,99615.3846153846,8.20391524904314,TRUE,NA
"Beta centre-high",1,201123,33,800,105000,100898,1425,0.531174067069067,800,799,105000,105131.414267835,5.81376052560807,TRUE,NA
"Beta centre-high",1,201123,34,333,105000,105313,1502,0.360191231620715,333,297,105000,117727.272727273,8.51376712116838,TRUE,NA
"Beta centre-high",1,201123,34,800,105000,105313,1502,0.517268062073876,800,791,105000,106194.690265487,5.82463663459186,TRUE,NA
"Beta centre-high",1,201123,35,333,105000,108419,1457,0.355538507727699,333,311,105000,112427.652733119,8.4242826258066,TRUE,NA
"Beta centre-high",1,201123,35,800,105000,108419,1457,0.515399212679711,800,749,105000,112149.53271028,5.88517644084576,TRUE,NA
"Beta centre-high",1,201123,36,333,105000,104748,1460,0.382702169343806,333,370,105000,94500,8.11426053010877,TRUE,NA
"Beta centre-high",1,201123,36,800,105000,104748,1460,0.529363585007511,800,785,105000,107006.369426752,5.83292554355092,TRUE,NA
"Beta centre-high",1,201123,37,333,105000,104963,1427,0.38589179806838,333,383,105000,91292.4281984334,8.05753420705532,TRUE,NA
"Beta centre-high",1,201123,37,800,105000,104963,1427,0.528932454734828,800,780,105000,107692.307692308,5.83992120785348,TRUE,NA
"Beta centre-high",1,201123,38,333,105000,109635,1369,0.381969565676478,333,381,105000,91771.6535433071,8.06603471871768,TRUE,NA
"Beta centre-high",1,201123,38,800,105000,109635,1369,0.547820606781715,800,879,105000,95563.1399317406,5.71495679520084,TRUE,NA
"Beta centre-high",1,201123,39,333,105000,112622,1467,0.355754185876308,333,324,105000,107916.666666667,8.34735853155465,TRUE,NA
"Beta centre-high",1,201123,39,800,105000,112622,1467,0.520314183332257,800,830,105000,101204.819277108,5.77341836908676,TRUE,NA
"Beta centre-high",1,201123,40,333,105000,104416,1419,0.378004726321939,333,338,105000,103446.74556213,8.2704289937114,TRUE,NA
"Beta centre-high",1,201123,40,800,105000,104416,1419,0.535340951379271,800,816,105000,102941.176470588,5.7912925029054,TRUE,NA
"Beta centre-high",1,201123,41,333,105000,106427,1475,0.361083906982896,333,324,105000,107916.666666667,8.34735853155465,TRUE,NA
"Beta centre-high",1,201123,41,800,105000,106427,1475,0.51716851741894,800,769,105000,109232.769830949,5.85560142630756,TRUE,NA
"Beta centre-high",1,201123,42,333,105000,96199,1361,0.36477062081073,333,298,105000,117332.214765101,8.50712900474184,TRUE,NA
"Beta centre-high",1,201123,42,800,105000,96199,1361,0.539452844244756,800,780,105000,107692.307692308,5.83992120785348,TRUE,NA
"Beta centre-high",1,201123,43,333,105000,105065,1457,0.3763798738307,333,320,105000,109265.625,8.37043588610856,TRUE,NA
"Beta centre-high",1,201123,43,800,105000,105065,1457,0.522335168298867,800,748,105000,112299.465240642,5.88669269205071,TRUE,NA
"Beta centre-high",1,201123,44,333,105000,107834,1406,0.373842950528993,333,369,105000,94756.0975609756,8.11877256278091,TRUE,NA
"Beta centre-high",1,201123,44,800,105000,107834,1406,0.526728316955495,800,842,105000,99762.4703087886,5.75852858410845,TRUE,NA
"Beta centre-high",1,201123,45,333,105000,102586,1418,0.36803550070036,333,317,105000,110299.684542587,8.38808310929113,TRUE,NA
"Beta centre-high",1,201123,45,800,105000,102586,1418,0.53101592116982,800,803,105000,104607.721046077,5.80839625180282,TRUE,NA
"Beta centre-high",1,201123,46,333,105000,102904,1394,0.376471411132083,333,372,105000,93991.935483871,8.1053018052113,TRUE,NA
"Beta centre-high",1,201123,46,800,105000,102904,1394,0.539500996127156,800,878,105000,95671.9817767654,5.71609031887313,TRUE,NA
"Beta centre-high",1,201123,47,333,105000,100938,1425,0.366169938819023,333,315,105000,111000,8.40001361126789,TRUE,NA
"Beta centre-high",1,201123,47,800,105000,100938,1425,0.536437899934812,800,747,105000,112449.799196787,5.888212610817,TRUE,NA
"Beta centre-high",1,201123,48,333,105000,103514,1344,0.367032721587252,333,331,105000,105634.441087613,8.30816931014239,TRUE,NA
"Beta centre-high",1,201123,48,800,105000,103514,1344,0.546895070098254,800,867,105000,96885.8131487889,5.72871645905781,TRUE,NA
"Beta centre-high",1,201123,49,333,105000,96532,1408,0.372819918753673,333,309,105000,113155.339805825,8.43662589370772,TRUE,NA
"Beta centre-high",1,201123,49,800,105000,96532,1408,0.530789813154238,800,730,105000,115068.493150685,5.91462568810659,TRUE,NA
"Beta centre-high",1,201123,50,333,105000,107896,1365,0.381487518984335,333,366,105000,95532.7868852459,8.13244128752484,TRUE,NA
"Beta centre-high",1,201123,50,800,105000,107896,1365,0.535790722484376,800,875,105000,96000,5.71950507666489,TRUE,NA
"Beta centre-high",1,201123,51,333,105000,101872,1408,0.368823139850992,333,308,105000,113522.727272727,8.4428507857824,TRUE,NA
"Beta centre-high",1,201123,51,800,105000,101872,1408,0.526453421642914,800,783,105000,107279.69348659,5.83571409299333,TRUE,NA
"Beta centre-high",1,201123,52,333,105000,105206,1468,0.361802265089846,333,329,105000,106276.595744681,8.31921472866097,TRUE,NA
"Beta centre-high",1,201123,52,800,105000,105206,1468,0.519752018140535,800,785,105000,107006.369426752,5.83292554355092,TRUE,NA
"Beta centre-high",1,201123,53,333,105000,104525,1362,0.374671817332733,333,328,105000,106600.609756098,8.3247823876365,TRUE,NA
"Beta centre-high",1,201123,53,800,105000,104525,1362,0.540722831506294,800,843,105000,99644.128113879,5.75730519405192,TRUE,NA
"Beta centre-high",1,201123,54,333,105000,108380,1408,0.376003864278729,333,377,105000,92745.3580901857,8.08327878168544,TRUE,NA
"Beta centre-high",1,201123,54,800,105000,108380,1408,0.528427267749692,800,861,105000,97560.9756097561,5.73572739517215,TRUE,NA
"Beta centre-high",1,201123,55,333,105000,101848,1408,0.372125611948184,333,319,105000,109608.150470219,8.37628553154077,TRUE,NA
"Beta centre-high",1,201123,55,800,105000,101848,1408,0.527228055091808,800,734,105000,114441.416893733,5.90831152657499,TRUE,NA
"Beta centre-high",1,201123,56,333,105000,109840,1381,0.367364464431373,333,388,105000,90115.9793814433,8.03662819842642,TRUE,NA
"Beta centre-high",1,201123,56,800,105000,109840,1381,0.540216915568272,800,939,105000,89456.8690095847,5.650999394485,TRUE,NA
"Beta centre-high",1,201123,57,333,105000,104382,1488,0.356035686770522,333,334,105000,104685.628742515,8.29182227763796,TRUE,NA
"Beta centre-high",1,201123,57,800,105000,104382,1488,0.503259302653879,800,768,105000,109375,5.8570470569014,TRUE,NA
"Beta centre-high",1,201123,58,333,105000,108539,1413,0.369747304001083,333,340,105000,102838.235294118,8.25990082442498,TRUE,NA
"Beta centre-high",1,201123,58,800,105000,108539,1413,0.535331236987274,800,856,105000,98130.8411214953,5.74163825785622,TRUE,NA
"Beta centre-high",1,201123,59,333,105000,102279,1463,0.369871951351021,333,323,105000,108250.773993808,8.35308022500895,TRUE,NA
"Beta centre-high",1,201123,59,800,105000,102279,1463,0.524619127192741,800,813,105000,103321.033210332,5.79519541470812,TRUE,NA
"Beta centre-high",1,201123,60,333,105000,105682,1495,0.35819266396418,333,294,105000,118928.571428571,8.53392069131363,TRUE,NA
"Beta centre-high",1,201123,60,800,105000,105682,1495,0.517669616127473,800,758,105000,110817.941952507,5.87169302932529,TRUE,NA
"Beta centre-high",1,201123,61,333,105000,103195,1387,0.381272563912748,333,383,105000,91292.4281984334,8.05753420705532,TRUE,NA
"Beta centre-high",1,201123,61,800,105000,103195,1387,0.54084021986809,800,847,105000,99173.5537190083,5.75243794718058,TRUE,NA
"Beta centre-high",1,201123,62,333,105000,107958,1426,0.366967755212135,333,328,105000,106600.609756098,8.3247823876365,TRUE,NA
"Beta centre-high",1,201123,62,800,105000,107958,1426,0.533450506614813,800,834,105000,100719.424460432,5.7684117889836,TRUE,NA
"Beta centre-high",1,201123,63,333,105000,107224,1448,0.376047461284474,333,370,105000,94500,8.11426053010877,TRUE,NA
"Beta centre-high",1,201123,63,800,105000,107224,1448,0.526493571193294,800,849,105000,98939.9293286219,5.75001999202926,TRUE,NA
"Beta centre-high",1,201123,64,333,105000,101847,1386,0.361361154154912,333,271,105000,129022.140221402,8.70141172035573,TRUE,NA
"Beta centre-high",1,201123,64,800,105000,101847,1386,0.524423611037068,800,696,105000,120689.655172414,5.97092815108154,TRUE,NA
"Beta centre-high",1,201123,65,333,105000,102732,1443,0.363893823539059,333,310,105000,112790.322580645,8.43043661025828,TRUE,NA
"Beta centre-high",1,201123,65,800,105000,102732,1443,0.520813625935581,800,729,105000,115226.33744856,5.91621399361556,TRUE,NA
"Beta centre-high",1,201123,66,333,105000,103325,1418,0.376347931413671,333,355,105000,98492.9577464789,8.18432715670391,TRUE,NA
"Beta centre-high",1,201123,66,800,105000,103325,1418,0.530765993501994,800,836,105000,100478.468899522,5.76592485048689,TRUE,NA
"Beta centre-high",1,201123,67,333,105000,103588,1388,0.358526080660971,333,316,105000,110648.734177215,8.39403160249634,TRUE,NA
"Beta centre-high",1,201123,67,800,105000,103588,1388,0.526778461223002,800,779,105000,107830.55198973,5.84133010267284,TRUE,NA
"Beta centre-high",1,201123,68,333,105000,110996,1440,0.366862451810108,333,379,105000,92255.9366754617,8.07461585450728,TRUE,NA
"Beta centre-high",1,201123,68,800,105000,110996,1440,0.520618530986045,800,888,105000,94594.5945945946,5.70486004689732,TRUE,NA
"Beta centre-high",1,201123,69,333,105000,102536,1454,0.357443783949494,333,303,105000,115396.03960396,8.47452047336527,TRUE,NA
"Beta centre-high",1,201123,69,800,105000,102536,1454,0.51285544233046,800,751,105000,111850.86551265,5.88215488754933,TRUE,NA
"Beta centre-high",1,201123,70,333,105000,103401,1364,0.387813098530864,333,367,105000,95272.4795640327,8.12786277730646,TRUE,NA
"Beta centre-high",1,201123,70,800,105000,103401,1364,0.550911874271256,800,883,105000,95130.2378255946,5.71044614771865,TRUE,NA
"Beta centre-high",1,201123,71,333,105000,104808,1460,0.375344324599524,333,346,105000,101054.913294798,8.22896901364322,TRUE,NA
"Beta centre-high",1,201123,71,800,105000,104808,1460,0.519912022029226,800,786,105000,106870.229007634,5.83153609299099,TRUE,NA
"Beta centre-high",1,201123,72,333,105000,103201,1402,0.368711519229761,333,320,105000,109265.625,8.37043588610856,TRUE,NA
"Beta centre-high",1,201123,72,800,105000,103201,1402,0.535743727990888,800,792,105000,106060.606060606,5.82326622435268,TRUE,NA
"Beta centre-high",1,201123,73,333,105000,102763,1438,0.366456348234099,333,338,105000,103446.74556213,8.2704289937114,TRUE,NA
"Beta centre-high",1,201123,73,800,105000,102763,1438,0.523432647978658,800,770,105000,109090.909090909,5.8541591950029,TRUE,NA
"Beta centre-high",1,201123,74,333,105000,103726,1483,0.358849393933105,333,289,105000,120986.15916955,8.56832965332343,TRUE,NA
"Beta centre-high",1,201123,74,800,105000,103726,1483,0.506701620037036,800,742,105000,113207.547169811,5.89586769205442,TRUE,NA
"Beta centre-high",1,201123,75,333,105000,106937,1421,0.372946466402039,333,342,105000,102236.842105263,8.24948259015833,TRUE,NA
"Beta centre-high",1,201123,75,800,105000,106937,1421,0.53520903290973,800,831,105000,101083.032490975,5.77216261357801,TRUE,NA
"Beta centre-high",1,201123,76,333,105000,102756,1470,0.375802560634135,333,343,105000,101938.775510204,8.24431415424542,TRUE,NA
"Beta centre-high",1,201123,76,800,105000,102756,1470,0.528194075948387,800,798,105000,105263.157894737,5.81510921773839,TRUE,NA
"Beta centre-high",1,201123,77,333,105000,102831,1424,0.364370536944245,333,301,105000,116162.790697674,8.4874488679214,TRUE,NA
"Beta centre-high",1,201123,77,800,105000,102831,1424,0.526168663624677,800,752,105000,111702.127659574,5.88064955883698,TRUE,NA
"Beta centre-high",1,201123,78,333,105000,102732,1449,0.386604244300754,333,378,105000,92500,8.07893702033136,TRUE,NA
"Beta centre-high",1,201123,78,800,105000,102732,1449,0.530025101249169,800,796,105000,105527.638190955,5.81781582415392,TRUE,NA
"Beta centre-high",1,201123,79,333,105000,106709,1375,0.367279719827369,333,329,105000,106276.595744681,8.31921472866097,TRUE,NA
"Beta centre-high",1,201123,79,800,105000,106709,1375,0.527693482154147,800,802,105000,104738.154613466,5.80973276696946,TRUE,NA
"Beta centre-high",1,201123,80,333,105000,105751,1404,0.37485834113476,333,370,105000,94500,8.11426053010877,TRUE,NA
"Beta centre-high",1,201123,80,800,105000,105751,1404,0.533793581021806,800,849,105000,98939.9293286219,5.75001999202926,TRUE,NA
"Beta centre-high",1,201123,81,333,105000,102357,1445,0.359792331581788,333,304,105000,115016.447368421,8.46811276292181,TRUE,NA
"Beta centre-high",1,201123,81,800,105000,102357,1445,0.522431983751748,800,714,105000,117647.058823529,5.94051926470409,TRUE,NA
"Beta centre-high",1,201123,82,333,105000,108419,1356,0.38475982167874,333,399,105000,87631.5789473684,7.9922996418464,TRUE,NA
"Beta centre-high",1,201123,82,800,105000,108419,1356,0.545914295442992,800,892,105000,94170.4035874439,5.70043237178221,TRUE,NA
"Beta centre-high",1,201123,83,333,105000,105516,1400,0.37652391122994,333,352,105000,99332.3863636364,8.19898090207222,TRUE,NA
"Beta centre-high",1,201123,83,800,105000,105516,1400,0.533838617147938,800,801,105000,104868.913857678,5.81107231070914,TRUE,NA
"Beta centre-high",1,201123,84,333,105000,103439,1459,0.365150478644578,333,301,105000,116162.790697674,8.4874488679214,TRUE,NA
"Beta centre-high",1,201123,84,800,105000,103439,1459,0.525954206606795,800,759,105000,110671.936758893,5.87021272697668,TRUE,NA
"Beta centre-high",1,201123,85,333,105000,103364,1378,0.369313034459767,333,307,105000,113892.508143322,8.44911159979167,TRUE,NA
"Beta centre-high",1,201123,85,800,105000,103364,1378,0.527859752660323,800,767,105000,109517.601043025,5.85849609894922,TRUE,NA
"Beta centre-high",1,201123,86,333,105000,106749,1480,0.347635022419158,333,271,105000,129022.140221402,8.70141172035573,TRUE,NA
"Beta centre-high",1,201123,86,800,105000,106749,1480,0.516547194816911,800,731,105000,114911.080711354,5.91304130328036,TRUE,NA
"Beta centre-high",1,201123,87,333,105000,110406,1395,0.373317169250237,333,367,105000,95272.4795640327,8.12786277730646,TRUE,NA
"Beta centre-high",1,201123,87,800,105000,110406,1395,0.536830444292085,800,868,105000,96774.1935483871,5.727556566339,TRUE,NA
"Beta centre-high",1,201123,88,333,105000,102892,1343,0.386238942610307,333,356,105000,98216.2921348315,8.17949170571763,TRUE,NA
"Beta centre-high",1,201123,88,800,105000,102892,1343,0.5572110676212,800,828,105000,101449.275362319,5.77593815578165,TRUE,NA
"Beta centre-high",1,201123,89,333,105000,106131,1452,0.366033450332703,333,326,105000,107254.601226994,8.33600885011652,TRUE,NA
"Beta centre-high",1,201123,89,800,105000,106131,1452,0.527212437048414,800,807,105000,104089.219330855,5.80308027027782,TRUE,NA
"Beta centre-high",1,201123,90,333,105000,100312,1431,0.368850372027673,333,311,105000,112427.652733119,8.4242826258066,TRUE,NA
"Beta centre-high",1,201123,90,800,105000,100312,1431,0.53158901056847,800,748,105000,112299.465240642,5.88669269205071,TRUE,NA
"Beta centre-high",1,201123,91,333,105000,107977,1398,0.378888221700377,333,371,105000,94245.2830188679,8.10977033096673,TRUE,NA
"Beta centre-high",1,201123,91,800,105000,107977,1398,0.546110143871435,800,922,105000,91106.2906724512,5.66834666179122,TRUE,NA
"Beta centre-high",1,201123,92,333,105000,96955,1386,0.372903788376862,333,279,105000,125322.580645161,8.64039876569734,TRUE,NA
"Beta centre-high",1,201123,92,800,105000,96955,1386,0.533974292542344,800,709,105000,118476.727785614,5.94882671195373,TRUE,NA
"Beta centre-high",1,201123,93,333,105000,105488,1463,0.371843166679335,333,362,105000,96588.3977900552,8.15098192340771,TRUE,NA
"Beta centre-high",1,201123,93,800,105000,105488,1463,0.529824055192903,800,871,105000,96440.8725602755,5.72409146944733,TRUE,NA
"Beta centre-high",1,201123,94,333,105000,106648,1428,0.35963662100008,333,293,105000,119334.470989761,8.54071951045218,TRUE,NA
"Beta centre-high",1,201123,94,800,105000,106648,1428,0.518808282918924,800,734,105000,114441.416893733,5.90831152657499,TRUE,NA
"Beta centre-high",1,201123,95,333,105000,103539,1445,0.3723404827442,333,337,105000,103753.709198813,8.27573485727431,TRUE,NA
"Beta centre-high",1,201123,95,800,105000,103539,1445,0.532840339084904,800,819,105000,102564.102564103,5.7874155806747,TRUE,NA
"Beta centre-high",1,201123,96,333,105000,97560,1404,0.374343928137329,333,310,105000,112790.322580645,8.43043661025828,TRUE,NA
"Beta centre-high",1,201123,96,800,105000,97560,1404,0.52624776339867,800,716,105000,117318.43575419,5.93722555916073,TRUE,NA
"Beta centre-high",1,201123,97,333,105000,102573,1397,0.367301078668406,333,337,105000,103753.709198813,8.27573485727431,TRUE,NA
"Beta centre-high",1,201123,97,800,105000,102573,1397,0.529571538423163,800,796,105000,105527.638190955,5.81781582415392,TRUE,NA
"Beta centre-high",1,201123,98,333,105000,105054,1429,0.367964502321501,333,345,105000,101347.826086957,8.23405757630045,TRUE,NA
"Beta centre-high",1,201123,98,800,105000,105054,1429,0.528794754524004,800,838,105000,100238.663484487,5.7634487173712,TRUE,NA
"Beta centre-high",1,201123,99,333,105000,108825,1458,0.364782268693504,333,333,105000,105000,8.29724212937552,TRUE,NA
"Beta centre-high",1,201123,99,800,105000,108825,1458,0.531661793179676,800,802,105000,104738.154613466,5.80973276696946,TRUE,NA
"Beta centre-high",1,201123,100,333,105000,106206,1453,0.361602863530834,333,334,105000,104685.628742515,8.29182227763796,TRUE,NA
"Beta centre-high",1,201123,100,800,105000,106206,1453,0.522268921200962,800,783,105000,107279.69348659,5.83571409299333,TRUE,NA
"Beta centre-high",1,201123,101,333,105000,104210,1399,0.368137903488984,333,325,105000,107584.615384615,8.34166816006756,TRUE,NA
"Beta centre-high",1,201123,101,800,105000,104210,1399,0.536450638883764,800,810,105000,103703.703703704,5.79912458098373,TRUE,NA
"Beta centre-high",1,201123,102,333,105000,106222,1378,0.385868507969091,333,364,105000,96057.6923076923,8.14166594721139,TRUE,NA
"Beta centre-high",1,201123,102,800,105000,106222,1378,0.540153680903442,800,868,105000,96774.1935483871,5.727556566339,TRUE,NA
"Beta centre-high",1,201123,103,333,105000,103877,1469,0.364099401685531,333,295,105000,118525.423728814,8.52716260007981,TRUE,NA
"Beta centre-high",1,201123,103,800,105000,103877,1469,0.514333563278572,800,739,105000,113667.117726658,5.90050562433323,TRUE,NA
"Beta centre-high",1,201123,104,333,105000,107615,1430,0.362382601934179,333,323,105000,108250.773993808,8.35308022500895,TRUE,NA
"Beta centre-high",1,201123,104,800,105000,107615,1430,0.523564675212183,800,792,105000,106060.606060606,5.82326622435268,TRUE,NA
"Beta centre-high",1,201123,105,333,105000,106020,1351,0.381508053122992,333,350,105000,99900,8.20887480078011,TRUE,NA
"Beta centre-high",1,201123,105,800,105000,106020,1351,0.545392518636657,800,869,105000,96662.830840046,5.72639910898064,TRUE,NA
"Beta centre-high",1,201123,106,333,105000,104667,1415,0.369696430988221,333,359,105000,97395.5431754875,8.16513013532526,TRUE,NA
"Beta centre-high",1,201123,106,800,105000,104667,1415,0.524523559207407,800,838,105000,100238.663484487,5.7634487173712,TRUE,NA
"Beta centre-high",1,201123,107,333,105000,100127,1459,0.367868514941696,333,325,105000,107584.615384615,8.34166816006756,TRUE,NA
"Beta centre-high",1,201123,107,800,105000,100127,1459,0.518136472927225,800,727,105000,115543.328748281,5.91940242573042,TRUE,NA
"Beta centre-high",1,201123,108,333,105000,102592,1451,0.361152971199197,333,333,105000,105000,8.29724212937552,TRUE,NA
"Beta centre-high",1,201123,108,800,105000,102592,1451,0.516944479790005,800,747,105000,112449.799196787,5.888212610817,TRUE,NA
"Beta centre-high",1,201123,109,333,105000,101589,1460,0.372260546388988,333,304,105000,115016.447368421,8.46811276292181,TRUE,NA
"Beta centre-high",1,201123,109,800,105000,101589,1460,0.530828282509701,800,784,105000,107142.857142857,5.83431820646083,TRUE,NA
"Beta centre-high",1,201123,110,333,105000,105466,1457,0.357276264974565,333,292,105000,119743.150684932,8.54755943330725,TRUE,NA
"Beta centre-high",1,201123,110,800,105000,105466,1457,0.512054489127817,800,757,105000,110964.332892999,5.87317686806237,TRUE,NA
"Beta centre-high",1,201123,111,333,105000,103162,1412,0.372170500295316,333,312,105000,112067.307692308,8.41816363435257,TRUE,NA
"Beta centre-high",1,201123,111,800,105000,103162,1412,0.540827594262229,800,772,105000,108808.29015544,5.85128488189318,TRUE,NA
"Beta centre-high",1,201123,112,333,105000,103110,1434,0.366994776479079,333,329,105000,106276.595744681,8.31921472866097,TRUE,NA
"Beta centre-high",1,201123,112,800,105000,103110,1434,0.523486262635446,800,747,105000,112449.799196787,5.888212610817,TRUE,NA
"Beta centre-high",1,201123,113,333,105000,106765,1448,0.367544132130824,333,322,105000,108586.956521739,8.3588335038193,TRUE,NA
"Beta centre-high",1,201123,113,800,105000,106765,1448,0.520277219350179,800,762,105000,110236.220472441,5.86579291089248,TRUE,NA
"Beta centre-high",1,201123,114,333,105000,107684,1368,0.377098277200647,333,379,105000,92255.9366754617,8.07461585450728,TRUE,NA
"Beta centre-high",1,201123,114,800,105000,107684,1368,0.534030378405919,800,841,105000,99881.0939357907,5.75975462275534,TRUE,NA
"Beta centre-high",1,201123,115,333,105000,102628,1360,0.384029332554825,333,358,105000,97667.5977653631,8.16989337857654,TRUE,NA
"Beta centre-high",1,201123,115,800,105000,102628,1360,0.538069034796471,800,821,105000,102314.25091352,5.7848452753137,TRUE,NA
"Beta centre-high",1,201123,116,333,105000,104895,1381,0.391355578430726,333,406,105000,86120.6896551724,7.96522057418219,TRUE,NA
"Beta centre-high",1,201123,116,800,105000,104895,1381,0.554604124063095,800,895,105000,93854.748603352,5.69713535480472,TRUE,NA
"Beta centre-high",1,201123,117,333,105000,106315,1401,0.371752547472411,333,341,105000,102536.656891496,8.25467807488184,TRUE,NA
"Beta centre-high",1,201123,117,800,105000,106315,1401,0.542495986113415,800,852,105000,98591.5492957746,5.746412454332,TRUE,NA
"Beta centre-high",1,201123,118,333,105000,113324,1336,0.393552949455917,333,423,105000,82659.5744680851,7.90283865848142,TRUE,NA
"Beta centre-high",1,201123,118,800,105000,113324,1336,0.542829348461445,800,919,105000,91403.6996735582,5.67146892010392,TRUE,NA
"Beta centre-high",1,201123,119,333,105000,100261,1408,0.368867966846294,333,347,105000,100763.688760807,8.2239066584859,TRUE,NA
"Beta centre-high",1,201123,119,800,105000,100261,1408,0.519787458585449,800,741,105000,113360.32388664,5.89740990152418,TRUE,NA
"Beta centre-high",1,201123,120,333,105000,104211,1448,0.366200762904838,333,319,105000,109608.150470219,8.37628553154077,TRUE,NA
"Beta centre-high",1,201123,120,800,105000,104211,1448,0.528250922202947,800,775,105000,108387.096774194,5.846998606112,TRUE,NA
"Beta centre-high",1,201123,121,333,105000,101220,1452,0.372677870847758,333,347,105000,100763.688760807,8.2239066584859,TRUE,NA
"Beta centre-high",1,201123,121,800,105000,101220,1452,0.519611438738116,800,795,105000,105660.377358491,5.8191737597038,TRUE,NA
"Beta centre-high",1,201123,122,333,105000,104154,1457,0.351971662672594,333,263,105000,132946.768060837,8.76567228520819,TRUE,NA
"Beta centre-high",1,201123,122,800,105000,104154,1457,0.524835678464772,800,755,105000,111258.278145695,5.87615520608559,TRUE,NA
"Beta centre-high",1,201123,123,333,105000,104066,1443,0.374904919892564,333,331,105000,105634.441087613,8.30816931014239,TRUE,NA
"Beta centre-high",1,201123,123,800,105000,104066,1443,0.529738958010559,800,773,105000,108667.529107374,5.8498527760487,TRUE,NA
"Beta centre-high",1,201123,124,333,105000,98030,1444,0.353413831751003,333,256,105000,136582.03125,8.82477744328173,TRUE,NA
"Beta centre-high",1,201123,124,800,105000,98030,1444,0.513434014420466,800,621,105000,135265.700483092,6.11450950401948,TRUE,NA
"Beta centre-high",1,201123,125,333,105000,100470,1337,0.385770063379977,333,329,105000,106276.595744681,8.31921472866097,TRUE,NA
"Beta centre-high",1,201123,125,800,105000,100470,1337,0.536837194701464,800,733,105000,114597.544338336,5.90988423707325,TRUE,NA
"Beta centre-high",1,201123,126,333,105000,107857,1407,0.364456440718338,333,334,105000,104685.628742515,8.29182227763796,TRUE,NA
"Beta centre-high",1,201123,126,800,105000,107857,1407,0.527709422726696,800,827,105000,101571.946795647,5.77720220534795,TRUE,NA
"Beta centre-high",1,201123,127,333,105000,103875,1468,0.36655742330714,333,322,105000,108586.956521739,8.3588335038193,TRUE,NA
"Beta centre-high",1,201123,127,800,105000,103875,1468,0.518358710474885,800,775,105000,108387.096774194,5.846998606112,TRUE,NA
"Beta centre-high",1,201123,128,333,105000,109673,1445,0.355884817911355,333,324,105000,107916.666666667,8.34735853155465,TRUE,NA
"Beta centre-high",1,201123,128,800,105000,109673,1445,0.511939441778262,800,797,105000,105395.232120452,5.81646098038446,TRUE,NA
"Beta centre-high",1,201123,129,333,105000,107072,1426,0.381477390308093,333,376,105000,92992.0212765957,8.08764128805829,TRUE,NA
"Beta centre-high",1,201123,129,800,105000,107072,1426,0.535740804721291,800,858,105000,97902.0979020979,5.73926637719802,TRUE,NA
"Beta centre-high",1,201123,130,333,105000,100377,1469,0.35467115350079,333,306,105000,114264.705882353,8.45540865278229,TRUE,NA
"Beta centre-high",1,201123,130,800,105000,100377,1469,0.514236160441274,800,753,105000,111553.784860558,5.87914784444343,TRUE,NA
"Beta centre-high",1,201123,131,333,105000,105156,1436,0.36048499450086,333,323,105000,108250.773993808,8.35308022500895,TRUE,NA
"Beta centre-high",1,201123,131,800,105000,105156,1436,0.517816408465249,800,771,105000,108949.416342412,5.85272035088095,TRUE,NA
"Beta centre-high",1,201123,132,333,105000,111979,1457,0.372561938183643,333,377,105000,92745.3580901857,8.08327878168544,TRUE,NA
"Beta centre-high",1,201123,132,800,105000,111979,1457,0.525445040979299,800,827,105000,101571.946795647,5.77720220534795,TRUE,NA
"Beta centre-high",1,201123,133,333,105000,102685,1413,0.366350430820523,333,308,105000,113522.727272727,8.4428507857824,TRUE,NA
"Beta centre-high",1,201123,133,800,105000,102685,1413,0.532934013917532,800,779,105000,107830.55198973,5.84133010267284,TRUE,NA
"Beta centre-high",1,201123,134,333,105000,106757,1423,0.381640835966939,333,383,105000,91292.4281984334,8.05753420705532,TRUE,NA
"Beta centre-high",1,201123,134,800,105000,106757,1423,0.541980784186951,800,890,105000,94382.0224719101,5.70264166414161,TRUE,NA
"Beta centre-high",1,201123,135,333,105000,105493,1390,0.356956672501103,333,306,105000,114264.705882353,8.45540865278229,TRUE,NA
"Beta centre-high",1,201123,135,800,105000,105493,1390,0.527272328907551,800,809,105000,103831.891223733,5.80044018371199,TRUE,NA
"Beta centre-high",1,201123,136,333,105000,100969,1388,0.388009793586754,333,381,105000,91771.6535433071,8.06603471871768,TRUE,NA
"Beta centre-high",1,201123,136,800,105000,100969,1388,0.544122916679377,800,818,105000,102689.486552567,5.78870501655851,TRUE,NA
"Beta centre-high",1,201123,137,333,105000,104277,1449,0.372022733639562,333,341,105000,102536.656891496,8.25467807488184,TRUE,NA
"Beta centre-high",1,201123,137,800,105000,104277,1449,0.526860521706421,800,780,105000,107692.307692308,5.83992120785348,TRUE,NA
"Beta centre-high",1,201123,138,333,105000,103776,1447,0.374442299033527,333,381,105000,91771.6535433071,8.06603471871768,TRUE,NA
"Beta centre-high",1,201123,138,800,105000,103776,1447,0.525567990878368,800,833,105000,100840.336134454,5.76965933259429,TRUE,NA
"Beta centre-high",1,201123,139,333,105000,102528,1447,0.368043632050793,333,316,105000,110648.734177215,8.39403160249634,TRUE,NA
"Beta centre-high",1,201123,139,800,105000,102528,1447,0.521068424757462,800,755,105000,111258.278145695,5.87615520608559,TRUE,NA
"Beta centre-high",1,201123,140,333,105000,103113,1454,0.367213463431832,333,347,105000,100763.688760807,8.2239066584859,TRUE,NA
"Beta centre-high",1,201123,140,800,105000,103113,1454,0.520157265912208,800,783,105000,107279.69348659,5.83571409299333,TRUE,NA
"Beta centre-high",1,201123,141,333,105000,111697,1427,0.369145607107263,333,344,105000,101642.441860465,8.2391725534373,TRUE,NA
"Beta centre-high",1,201123,141,800,105000,111697,1427,0.523026427936791,800,811,105000,103575.832305795,5.797811925227,TRUE,NA
"Beta centre-high",1,201123,142,333,105000,107210,1398,0.362815269928052,333,315,105000,111000,8.40001361126789,TRUE,NA
"Beta centre-high",1,201123,142,800,105000,107210,1398,0.521458982610221,800,791,105000,106194.690265487,5.82463663459186,TRUE,NA
"Beta centre-high",1,201123,143,333,105000,104306,1388,0.370557444508642,333,317,105000,110299.684542587,8.38808310929113,TRUE,NA
"Beta centre-high",1,201123,143,800,105000,104306,1388,0.536654296583035,800,784,105000,107142.857142857,5.83431820646083,TRUE,NA
"Beta centre-high",1,201123,144,333,105000,103505,1484,0.354767873515298,333,280,105000,124875,8.63298804804801,TRUE,NA
"Beta centre-high",1,201123,144,800,105000,103505,1484,0.512600815168436,800,716,105000,117318.43575419,5.93722555916073,TRUE,NA
"Beta centre-high",1,201123,145,333,105000,102511,1451,0.376118842386551,333,357,105000,97941.1764705882,8.17468050783924,TRUE,NA
"Beta centre-high",1,201123,145,800,105000,102511,1451,0.536096938975252,800,820,105000,102439.024390244,5.78612900345676,TRUE,NA
"Beta centre-high",1,201123,146,333,105000,104111,1392,0.369000608741385,333,288,105000,121406.25,8.57533784440452,TRUE,NA
"Beta centre-high",1,201123,146,800,105000,104111,1392,0.526839151761947,800,722,105000,116343.490304709,5.92744315922889,TRUE,NA
"Beta centre-high",1,201123,147,333,105000,103521,1432,0.376740742485907,333,346,105000,101054.913294798,8.22896901364322,TRUE,NA
"Beta centre-high",1,201123,147,800,105000,103521,1432,0.535174557084046,800,794,105000,105793.450881612,5.82053479774077,TRUE,NA
"Beta centre-high",1,201123,148,333,105000,104448,1423,0.368394326199824,333,325,105000,107584.615384615,8.34166816006756,TRUE,NA
"Beta centre-high",1,201123,148,800,105000,104448,1423,0.532816184993428,800,828,105000,101449.275362319,5.77593815578165,TRUE,NA
"Beta centre-high",1,201123,149,333,105000,101783,1466,0.365165358122742,333,304,105000,115016.447368421,8.46811276292181,TRUE,NA
"Beta centre-high",1,201123,149,800,105000,101783,1466,0.514789725319689,800,738,105000,113821.138211382,5.90205916564541,TRUE,NA
"Beta centre-high",1,201123,150,333,105000,103012,1429,0.375382465387715,333,331,105000,105634.441087613,8.30816931014239,TRUE,NA
"Beta centre-high",1,201123,150,800,105000,103012,1429,0.535607238874113,800,778,105000,107969.151670951,5.84274227828355,TRUE,NA
"Beta centre-high",1,201123,151,333,105000,97775,1433,0.364040644035787,333,293,105000,119334.470989761,8.54071951045218,TRUE,NA
"Beta centre-high",1,201123,151,800,105000,97775,1433,0.517912549127133,800,691,105000,121562.952243126,5.9796276575024,TRUE,NA
"Beta centre-high",1,201123,152,333,105000,104887,1432,0.364892065718787,333,330,105000,105954.545454545,8.31367711824824,TRUE,NA
"Beta centre-high",1,201123,152,800,105000,104887,1432,0.524100660319174,800,803,105000,104607.721046077,5.80839625180282,TRUE,NA
"Beta centre-high",1,201123,153,333,105000,102237,1363,0.370525808395411,333,335,105000,104373.134328358,8.28643126998051,TRUE,NA
"Beta centre-high",1,201123,153,800,105000,102237,1363,0.536337143524308,800,798,105000,105263.157894737,5.81510921773839,TRUE,NA
"Beta centre-high",1,201123,154,333,105000,104063,1447,0.376068512307583,333,360,105000,97125,8.1603905973447,TRUE,NA
"Beta centre-high",1,201123,154,800,105000,104063,1447,0.527783918363199,800,799,105000,105131.414267835,5.81376052560807,TRUE,NA
"Beta centre-high",1,201123,155,333,105000,107316,1413,0.360175935006772,333,310,105000,112790.322580645,8.43043661025828,TRUE,NA
"Beta centre-high",1,201123,155,800,105000,107316,1413,0.526409530377316,800,824,105000,101941.747572816,5.78101109007076,TRUE,NA
"Beta centre-high",1,201123,156,333,105000,104024,1422,0.37036572341259,333,335,105000,104373.134328358,8.28643126998051,TRUE,NA
"Beta centre-high",1,201123,156,800,105000,104024,1422,0.526527816665075,800,774,105000,108527.131782946,5.84842402141388,TRUE,NA
"Beta centre-high",1,201123,157,333,105000,111421,1384,0.369877429839306,333,375,105000,93240,8.09202469040479,TRUE,NA
"Beta centre-high",1,201123,157,800,105000,111421,1384,0.535086535312197,800,924,105000,90909.0909090909,5.66627547123636,TRUE,NA
"Beta centre-high",1,201123,158,333,105000,104579,1409,0.370427431194148,333,358,105000,97667.5977653631,8.16989337857654,TRUE,NA
"Beta centre-high",1,201123,158,800,105000,104579,1409,0.52280296677603,800,813,105000,103321.033210332,5.79519541470812,TRUE,NA
"Beta centre-high",1,201123,159,333,105000,104901,1266,0.3902554630649,333,426,105000,82077.4647887324,7.89229848188789,TRUE,NA
"Beta centre-high",1,201123,159,800,105000,104901,1266,0.56653319260541,800,910,105000,92307.6923076923,5.68094867803213,TRUE,NA
"Beta centre-high",1,201123,160,333,105000,104427,1466,0.375363272508888,333,342,105000,102236.842105263,8.24948259015833,TRUE,NA
"Beta centre-high",1,201123,160,800,105000,104427,1466,0.521917329255242,800,779,105000,107830.55198973,5.84133010267284,TRUE,NA
"Beta centre-high",1,201123,161,333,105000,103162,1416,0.368081182207425,333,284,105000,123116.197183099,8.60380523542275,TRUE,NA
"Beta centre-high",1,201123,161,800,105000,103162,1416,0.532969746156545,800,785,105000,107006.369426752,5.83292554355092,TRUE,NA
"Beta centre-high",1,201123,162,333,105000,108210,1449,0.373772953519509,333,359,105000,97395.5431754875,8.16513013532526,TRUE,NA
"Beta centre-high",1,201123,162,800,105000,108210,1449,0.524948784610541,800,793,105000,105926.860025221,5.82189894902144,TRUE,NA
"Beta centre-high",1,201123,163,333,105000,99564,1431,0.362723244022011,333,302,105000,115778.145695364,8.4809657294975,TRUE,NA
"Beta centre-high",1,201123,163,800,105000,99564,1431,0.521930459444422,800,729,105000,115226.33744856,5.91621399361556,TRUE,NA
"Beta centre-high",1,201123,164,333,105000,102495,1410,0.367573895618099,333,304,105000,115016.447368421,8.46811276292181,TRUE,NA
"Beta centre-high",1,201123,164,800,105000,102495,1410,0.530857412933188,800,769,105000,109232.769830949,5.85560142630756,TRUE,NA
"Beta centre-high",1,201123,165,333,105000,106103,1499,0.362335476355664,333,280,105000,124875,8.63298804804801,TRUE,NA
"Beta centre-high",1,201123,165,800,105000,106103,1499,0.511104393759067,800,681,105000,123348.017621145,5.99737064933168,TRUE,NA
"Beta centre-high",1,201123,166,333,105000,98643,1494,0.363890024505958,333,295,105000,118525.423728814,8.52716260007981,TRUE,NA
"Beta centre-high",1,201123,166,800,105000,98643,1494,0.513661416514256,800,714,105000,117647.058823529,5.94051926470409,TRUE,NA
"Beta centre-high",1,201123,167,333,105000,108626,1437,0.357605891058907,333,313,105000,111709.265175719,8.4120793334699,TRUE,NA
"Beta centre-high",1,201123,167,800,105000,108626,1437,0.522408397305379,800,779,105000,107830.55198973,5.84133010267284,TRUE,NA
"Beta centre-high",1,201123,168,333,105000,102410,1402,0.372003292815414,333,355,105000,98492.9577464789,8.18432715670391,TRUE,NA
"Beta centre-high",1,201123,168,800,105000,102410,1402,0.541528772976476,800,849,105000,98939.9293286219,5.75001999202926,TRUE,NA
"Beta centre-high",1,201123,169,333,105000,99628,1480,0.357774908215805,333,289,105000,120986.15916955,8.56832965332343,TRUE,NA
"Beta centre-high",1,201123,169,800,105000,99628,1480,0.509005247609762,800,705,105000,119148.936170213,5.95554901386468,TRUE,NA
"Beta centre-high",1,201123,170,333,105000,100308,1400,0.366981658781633,333,286,105000,122255.244755245,8.58948379639248,TRUE,NA
"Beta centre-high",1,201123,170,800,105000,100308,1400,0.526236761873177,800,724,105000,116022.099447514,5.92421485005031,TRUE,NA
"Beta centre-high",1,201123,171,333,105000,104167,1448,0.354841396123295,333,309,105000,113155.339805825,8.43662589370772,TRUE,NA
"Beta centre-high",1,201123,171,800,105000,104167,1448,0.518638459921622,800,757,105000,110964.332892999,5.87317686806237,TRUE,NA
"Beta centre-high",1,201123,172,333,105000,105627,1391,0.371327477335481,333,332,105000,105316.265060241,8.30269106080462,TRUE,NA
"Beta centre-high",1,201123,172,800,105000,105627,1391,0.534245493435482,800,812,105000,103448.275862069,5.79650220645042,TRUE,NA
"Beta centre-high",1,201123,173,333,105000,104255,1411,0.364039465284594,333,307,105000,113892.508143322,8.44911159979167,TRUE,NA
"Beta centre-high",1,201123,173,800,105000,104255,1411,0.523086912298271,800,743,105000,113055.181695828,5.89432923200836,TRUE,NA
"Beta centre-high",1,201123,174,333,105000,105164,1406,0.366120502513567,333,299,105000,116939.799331104,8.50053015858222,TRUE,NA
"Beta centre-high",1,201123,174,800,105000,105164,1406,0.526061183584098,800,784,105000,107142.857142857,5.83431820646083,TRUE,NA
"Beta centre-high",1,201123,175,333,105000,109918,1428,0.366791282376444,333,331,105000,105634.441087613,8.30816931014239,TRUE,NA
"Beta centre-high",1,201123,175,800,105000,109918,1428,0.533975303418192,800,849,105000,98939.9293286219,5.75001999202926,TRUE,NA
"Beta centre-high",1,201123,176,333,105000,103294,1419,0.363501014077456,333,347,105000,100763.688760807,8.2239066584859,TRUE,NA
"Beta centre-high",1,201123,176,800,105000,103294,1419,0.521931204364284,800,792,105000,106060.606060606,5.82326622435268,TRUE,NA
"Beta centre-high",1,201123,177,333,105000,102817,1458,0.379347546741581,333,328,105000,106600.609756098,8.3247823876365,TRUE,NA
"Beta centre-high",1,201123,177,800,105000,102817,1458,0.523974416380783,800,769,105000,109232.769830949,5.85560142630756,TRUE,NA
"Beta centre-high",1,201123,178,333,105000,101197,1435,0.360912258808516,333,290,105000,120568.965517241,8.56136411701685,TRUE,NA
"Beta centre-high",1,201123,178,800,105000,101197,1435,0.526028843039642,800,782,105000,107416.879795396,5.83711321447428,TRUE,NA
"Beta centre-high",1,201123,179,333,105000,110388,1488,0.356631178267475,333,313,105000,111709.265175719,8.4120793334699,TRUE,NA
"Beta centre-high",1,201123,179,800,105000,110388,1488,0.520959661737318,800,823,105000,102065.613608748,5.78228632810412,TRUE,NA
"Beta centre-high",1,201123,180,333,105000,106372,1376,0.382549359571575,333,358,105000,97667.5977653631,8.16989337857654,TRUE,NA
"Beta centre-high",1,201123,180,800,105000,106372,1376,0.548426796842264,800,856,105000,98130.8411214953,5.74163825785622,TRUE,NA
"Beta centre-high",1,201123,181,333,105000,109488,1459,0.36149656538735,333,307,105000,113892.508143322,8.44911159979167,TRUE,NA
"Beta centre-high",1,201123,181,800,105000,109488,1459,0.506620255388393,800,754,105000,111405.835543767,5.87764973122081,TRUE,NA
"Beta centre-high",1,201123,182,333,105000,104997,1487,0.358549635343338,333,305,105000,114639.344262295,8.46174226559494,TRUE,NA
"Beta centre-high",1,201123,182,800,105000,104997,1487,0.520624206942343,800,761,105000,110381.077529566,5.86726268043536,TRUE,NA
"Beta centre-high",1,201123,183,333,105000,99185,1480,0.369281893119796,333,314,105000,111353.503184713,8.40602942425351,TRUE,NA
"Beta centre-high",1,201123,183,800,105000,99185,1480,0.527934260820461,800,768,105000,109375,5.8570470569014,TRUE,NA
"Beta centre-high",1,201123,184,333,105000,105004,1449,0.368792108236936,333,317,105000,110299.684542587,8.38808310929113,TRUE,NA
"Beta centre-high",1,201123,184,800,105000,105004,1449,0.535115361740633,800,822,105000,102189.781021898,5.78356438669775,TRUE,NA
"Beta centre-high",1,201123,185,333,105000,104065,1485,0.362183913097263,333,284,105000,123116.197183099,8.60380523542275,TRUE,NA
"Beta centre-high",1,201123,185,800,105000,104065,1485,0.509848593481919,800,744,105000,112903.225806452,5.8927945075726,TRUE,NA
"Beta centre-high",1,201123,186,333,105000,100039,1451,0.383571993939225,333,352,105000,99332.3863636364,8.19898090207222,TRUE,NA
"Beta centre-high",1,201123,186,800,105000,100039,1451,0.532232274166689,800,749,105000,112149.53271028,5.88517644084576,TRUE,NA
"Beta centre-high",1,201123,187,333,105000,109349,1486,0.361025151797644,333,320,105000,109265.625,8.37043588610856,TRUE,NA
"Beta centre-high",1,201123,187,800,105000,109349,1486,0.512686428541117,800,752,105000,111702.127659574,5.88064955883698,TRUE,NA
"Beta centre-high",1,201123,188,333,105000,104715,1436,0.38065903605711,333,394,105000,88743.654822335,8.01217246340545,TRUE,NA
"Beta centre-high",1,201123,188,800,105000,104715,1436,0.532882301156394,800,854,105000,98360.6557377049,5.7440202617122,TRUE,NA
"Beta centre-high",1,201123,189,333,105000,110809,1451,0.362296297306387,333,354,105000,98771.186440678,8.18918704720289,TRUE,NA
"Beta centre-high",1,201123,189,800,105000,110809,1451,0.525769702768953,800,910,105000,92307.6923076923,5.68094867803213,TRUE,NA
"Beta centre-high",1,201123,190,333,105000,107436,1407,0.358079694352564,333,292,105000,119743.150684932,8.54755943330725,TRUE,NA
"Beta centre-high",1,201123,190,800,105000,107436,1407,0.525147074405433,800,806,105000,104218.362282878,5.8044047743281,TRUE,NA
"Beta centre-high",1,201123,191,333,105000,106630,1396,0.365637332545912,333,347,105000,100763.688760807,8.2239066584859,TRUE,NA
"Beta centre-high",1,201123,191,800,105000,106630,1396,0.5297328249347,800,825,105000,101818.181818182,5.77973866317813,TRUE,NA
"Beta centre-high",1,201123,192,333,105000,104382,1441,0.365874144689473,333,293,105000,119334.470989761,8.54071951045218,TRUE,NA
"Beta centre-high",1,201123,192,800,105000,104382,1441,0.523583436328053,800,756,105000,111111.111111111,5.87466425601815,TRUE,NA
"Beta centre-high",1,201123,193,333,105000,104634,1454,0.370259864866009,333,345,105000,101347.826086957,8.23405757630045,TRUE,NA
"Beta centre-high",1,201123,193,800,105000,104634,1454,0.522415472809676,800,762,105000,110236.220472441,5.86579291089248,TRUE,NA
"Beta centre-high",1,201123,194,333,105000,105650,1445,0.368864827305123,333,330,105000,105954.545454545,8.31367711824824,TRUE,NA
"Beta centre-high",1,201123,194,800,105000,105650,1445,0.521085660737348,800,796,105000,105527.638190955,5.81781582415392,TRUE,NA
"Beta centre-high",1,201123,195,333,105000,108112,1439,0.364477443118561,333,337,105000,103753.709198813,8.27573485727431,TRUE,NA
"Beta centre-high",1,201123,195,800,105000,108112,1439,0.525561564161562,800,835,105000,100598.80239521,5.76716696460365,TRUE,NA
"Beta centre-high",1,201123,196,333,105000,102534,1418,0.368369259409904,333,312,105000,112067.307692308,8.41816363435257,TRUE,NA
"Beta centre-high",1,201123,196,800,105000,102534,1418,0.530744983130544,800,810,105000,103703.703703704,5.79912458098373,TRUE,NA
"Beta centre-high",1,201123,197,333,105000,104496,1397,0.361428400594422,333,308,105000,113522.727272727,8.4428507857824,TRUE,NA
"Beta centre-high",1,201123,197,800,105000,104496,1397,0.521829089248094,800,809,105000,103831.891223733,5.80044018371199,TRUE,NA
"Beta centre-high",1,201123,198,333,105000,105742,1457,0.371800164564226,333,388,105000,90115.9793814433,8.03662819842642,TRUE,NA
"Beta centre-high",1,201123,198,800,105000,105742,1457,0.525867945396447,800,857,105000,98016.3360560093,5.7404510562031,TRUE,NA
"Beta centre-high",1,201123,199,333,105000,100301,1454,0.360360746578951,333,323,105000,108250.773993808,8.35308022500895,TRUE,NA
"Beta centre-high",1,201123,199,800,105000,100301,1454,0.52446686488561,800,807,105000,104089.219330855,5.80308027027782,TRUE,NA
"Beta centre-high",1,201123,200,333,105000,106866,1443,0.361493405758929,333,329,105000,106276.595744681,8.31921472866097,TRUE,NA
"Beta centre-high",1,201123,200,800,105000,106866,1443,0.513810247087416,800,825,105000,101818.181818182,5.77973866317813,TRUE,NA
"Beta centre-high",1,201123,201,333,105000,107830,1407,0.381634636408799,333,371,105000,94245.2830188679,8.10977033096673,TRUE,NA
"Beta centre-high",1,201123,201,800,105000,107830,1407,0.542360134943609,800,859,105000,97788.1257275902,5.73808421273363,TRUE,NA
"Beta centre-high",1,201123,202,333,105000,105675,1393,0.368345763192298,333,358,105000,97667.5977653631,8.16989337857654,TRUE,NA
"Beta centre-high",1,201123,202,800,105000,105675,1393,0.538559060452714,800,840,105000,1e+05,5.76098331868666,TRUE,NA
"Beta centre-high",1,201123,203,333,105000,107116,1443,0.352795630707694,333,303,105000,115396.03960396,8.47452047336527,TRUE,NA
"Beta centre-high",1,201123,203,800,105000,107116,1443,0.520332751622078,800,760,105000,110526.315789474,5.86873594824866,TRUE,NA
"Beta centre-high",1,201123,204,333,105000,106063,1465,0.369597849881463,333,337,105000,103753.709198813,8.27573485727431,TRUE,NA
"Beta centre-high",1,201123,204,800,105000,106063,1465,0.523465788221224,800,781,105000,107554.417413572,5.83851558228319,TRUE,NA
"Beta centre-high",1,201123,205,333,105000,109542,1430,0.373279898184309,333,360,105000,97125,8.1603905973447,TRUE,NA
"Beta centre-high",1,201123,205,800,105000,109542,1430,0.532667136563924,800,842,105000,99762.4703087886,5.75852858410845,TRUE,NA
"Beta centre-high",1,201123,206,333,105000,103282,1355,0.366784828143128,333,331,105000,105634.441087613,8.30816931014239,TRUE,NA
"Beta centre-high",1,201123,206,800,105000,103282,1355,0.536145768392261,800,804,105000,104477.611940299,5.80706275484411,TRUE,NA
"Beta centre-high",1,201123,207,333,105000,100359,1410,0.366489936553888,333,305,105000,114639.344262295,8.46174226559494,TRUE,NA
"Beta centre-high",1,201123,207,800,105000,100359,1410,0.536253103736797,800,749,105000,112149.53271028,5.88517644084576,TRUE,NA
"Beta centre-high",1,201123,208,333,105000,110965,1454,0.377895175666655,333,355,105000,98492.9577464789,8.18432715670391,TRUE,NA
"Beta centre-high",1,201123,208,800,105000,110965,1454,0.525020210863389,800,782,105000,107416.879795396,5.83711321447428,TRUE,NA
"Beta centre-high",1,201123,209,333,105000,107421,1371,0.380257835837137,333,390,105000,89653.8461538462,8.02840099674149,TRUE,NA
"Beta centre-high",1,201123,209,800,105000,107421,1371,0.530812758001117,800,821,105000,102314.25091352,5.7848452753137,TRUE,NA
"Beta centre-high",1,201123,210,333,105000,101713,1419,0.361290570483345,333,316,105000,110648.734177215,8.39403160249634,TRUE,NA
"Beta centre-high",1,201123,210,800,105000,101713,1419,0.533199776231752,800,797,105000,105395.232120452,5.81646098038446,TRUE,NA
"Beta centre-high",1,201123,211,333,105000,106583,1368,0.377260628003125,333,355,105000,98492.9577464789,8.18432715670391,TRUE,NA
"Beta centre-high",1,201123,211,800,105000,106583,1368,0.536167044956623,800,856,105000,98130.8411214953,5.74163825785622,TRUE,NA
"Beta centre-high",1,201123,212,333,105000,103177,1436,0.373512187797048,333,337,105000,103753.709198813,8.27573485727431,TRUE,NA
"Beta centre-high",1,201123,212,800,105000,103177,1436,0.525096255266083,800,768,105000,109375,5.8570470569014,TRUE,NA
"Beta centre-high",1,201123,213,333,105000,107974,1348,0.370536031883168,333,342,105000,102236.842105263,8.24948259015833,TRUE,NA
"Beta centre-high",1,201123,213,800,105000,107974,1348,0.535224807547129,800,826,105000,101694.915254237,5.77846903804895,TRUE,NA
"Beta centre-high",1,201123,214,333,105000,105846,1449,0.375495418638451,333,341,105000,102536.656891496,8.25467807488184,TRUE,NA
"Beta centre-high",1,201123,214,800,105000,105846,1449,0.534058074359299,800,795,105000,105660.377358491,5.8191737597038,TRUE,NA
"Beta centre-high",1,201123,215,333,105000,109445,1381,0.379431657366413,333,350,105000,99900,8.20887480078011,TRUE,NA
"Beta centre-high",1,201123,215,800,105000,109445,1381,0.539786778037479,800,884,105000,95022.6244343891,5.70932431098411,TRUE,NA
"Beta centre-high",1,201123,216,333,105000,110807,1410,0.369952470299176,333,344,105000,101642.441860465,8.2391725534373,TRUE,NA
"Beta centre-high",1,201123,216,800,105000,110807,1410,0.534500185559175,800,844,105000,99526.0663507109,5.75608444392988,TRUE,NA
"Beta centre-high",1,201123,217,333,105000,103100,1434,0.375927213967566,333,340,105000,102838.235294118,8.25990082442498,TRUE,NA
"Beta centre-high",1,201123,217,800,105000,103100,1434,0.532328066509105,800,812,105000,103448.275862069,5.79650220645042,TRUE,NA
"Beta centre-high",1,201123,218,333,105000,104010,1424,0.362847526031626,333,327,105000,106926.605504587,8.33038034418632,TRUE,NA
"Beta centre-high",1,201123,218,800,105000,104010,1424,0.527845358710377,800,812,105000,103448.275862069,5.79650220645042,TRUE,NA
"Beta centre-high",1,201123,219,333,105000,102149,1402,0.373702766719349,333,320,105000,109265.625,8.37043588610856,TRUE,NA
"Beta centre-high",1,201123,219,800,105000,102149,1402,0.534588239838842,800,832,105000,100961.538461538,5.7709096044432,TRUE,NA
"Beta centre-high",1,201123,220,333,105000,100595,1412,0.366835411860384,333,299,105000,116939.799331104,8.50053015858222,TRUE,NA
"Beta centre-high",1,201123,220,800,105000,100595,1412,0.522790507059114,800,754,105000,111405.835543767,5.87764973122081,TRUE,NA
"Beta centre-high",1,201123,221,333,105000,111119,1420,0.36314227855725,333,337,105000,103753.709198813,8.27573485727431,TRUE,NA
"Beta centre-high",1,201123,221,800,105000,111119,1420,0.529371767758789,800,867,105000,96885.8131487889,5.72871645905781,TRUE,NA
"Beta centre-high",1,201123,222,333,105000,100410,1348,0.38519293923668,333,350,105000,99900,8.20887480078011,TRUE,NA
"Beta centre-high",1,201123,222,800,105000,100410,1348,0.553305126173447,800,834,105000,100719.424460432,5.7684117889836,TRUE,NA
"Beta centre-high",1,201123,223,333,105000,107216,1475,0.3688013134946,333,329,105000,106276.595744681,8.31921472866097,TRUE,NA
"Beta centre-high",1,201123,223,800,105000,107216,1475,0.525275296140845,800,812,105000,103448.275862069,5.79650220645042,TRUE,NA
"Beta centre-high",1,201123,224,333,105000,106081,1384,0.372345993065009,333,318,105000,109952.830188679,8.38216784632455,TRUE,NA
"Beta centre-high",1,201123,224,800,105000,106081,1384,0.525149970001092,800,790,105000,106329.113924051,5.82601019064722,TRUE,NA
"Beta centre-high",1,201123,225,333,105000,103811,1395,0.36815168598366,333,358,105000,97667.5977653631,8.16989337857654,TRUE,NA
"Beta centre-high",1,201123,225,800,105000,103811,1395,0.541754637144838,800,851,105000,98707.4030552291,5.74761239207401,TRUE,NA
"Beta centre-high",1,201123,226,333,105000,100057,1441,0.354987118802219,333,277,105000,126227.436823105,8.65536134173179,TRUE,NA
"Beta centre-high",1,201123,226,800,105000,100057,1441,0.513882727219143,800,735,105000,114285.714285714,5.90674267852382,TRUE,NA
"Beta centre-high",1,201123,227,333,105000,104034,1397,0.378332615580246,333,344,105000,101642.441860465,8.2391725534373,TRUE,NA
"Beta centre-high",1,201123,227,800,105000,104034,1397,0.539537886821231,800,794,105000,105793.450881612,5.82053479774077,TRUE,NA
"Beta centre-high",1,201123,228,333,105000,102506,1451,0.373891243881678,333,329,105000,106276.595744681,8.31921472866097,TRUE,NA
"Beta centre-high",1,201123,228,800,105000,102506,1451,0.518125490149454,800,740,105000,113513.513513514,5.89895587429992,TRUE,NA
"Beta centre-high",1,201123,229,333,105000,99746,1438,0.368617860523841,333,316,105000,110648.734177215,8.39403160249634,TRUE,NA
"Beta centre-high",1,201123,229,800,105000,99746,1438,0.528100047821681,800,744,105000,112903.225806452,5.8927945075726,TRUE,NA
"Beta centre-high",1,201123,230,333,105000,108766,1514,0.361068838197163,333,304,105000,115016.447368421,8.46811276292181,TRUE,NA
"Beta centre-high",1,201123,230,800,105000,108766,1514,0.507733918349402,800,715,105000,117482.517482517,5.93887033697807,TRUE,NA
"Beta centre-high",1,201123,231,333,105000,106746,1399,0.37687674062721,333,345,105000,101347.826086957,8.23405757630045,TRUE,NA
"Beta centre-high",1,201123,231,800,105000,106746,1399,0.544510364463129,800,893,105000,94064.9496080627,5.69933111690295,TRUE,NA
"Beta centre-high",1,201123,232,333,105000,104420,1382,0.383335982054026,333,375,105000,93240,8.09202469040479,TRUE,NA
"Beta centre-high",1,201123,232,800,105000,104420,1382,0.54338245642494,800,843,105000,99644.128113879,5.75730519405192,TRUE,NA
"Beta centre-high",1,201123,233,333,105000,103935,1512,0.377112989545108,333,355,105000,98492.9577464789,8.18432715670391,TRUE,NA
"Beta centre-high",1,201123,233,800,105000,103935,1512,0.522069508570406,800,797,105000,105395.232120452,5.81646098038446,TRUE,NA
"Beta centre-high",1,201123,234,333,105000,106505,1424,0.367920186630936,333,338,105000,103446.74556213,8.2704289937114,TRUE,NA
"Beta centre-high",1,201123,234,800,105000,106505,1424,0.529522411817603,800,852,105000,98591.5492957746,5.746412454332,TRUE,NA
"Beta centre-high",1,201123,235,333,105000,103916,1413,0.376948740721264,333,348,105000,100474.137931034,8.21887030603124,TRUE,NA
"Beta centre-high",1,201123,235,800,105000,103916,1413,0.528882469168426,800,794,105000,105793.450881612,5.82053479774077,TRUE,NA
"Beta centre-high",1,201123,236,333,105000,97370,1511,0.363817068588027,333,280,105000,124875,8.63298804804801,TRUE,NA
"Beta centre-high",1,201123,236,800,105000,97370,1511,0.516716040157586,800,705,105000,119148.936170213,5.95554901386468,TRUE,NA
"Beta centre-high",1,201123,237,333,105000,107113,1469,0.364937934761053,333,338,105000,103446.74556213,8.2704289937114,TRUE,NA
"Beta centre-high",1,201123,237,800,105000,107113,1469,0.517714065958285,800,805,105000,104347.826086957,5.80573226577589,TRUE,NA
"Beta centre-high",1,201123,238,333,105000,107642,1503,0.358388839028835,333,305,105000,114639.344262295,8.46174226559494,TRUE,NA
"Beta centre-high",1,201123,238,800,105000,107642,1503,0.515931348987075,800,776,105000,108247.422680412,5.84557651832292,TRUE,NA
"Beta centre-high",1,201123,239,333,105000,103777,1507,0.360284202589317,333,294,105000,118928.571428571,8.53392069131363,TRUE,NA
"Beta centre-high",1,201123,239,800,105000,103777,1507,0.517442585033461,800,776,105000,108247.422680412,5.84557651832292,TRUE,NA
"Beta centre-high",1,201123,240,333,105000,111154,1474,0.363742321153156,333,347,105000,100763.688760807,8.2239066584859,TRUE,NA
"Beta centre-high",1,201123,240,800,105000,111154,1474,0.515369636502408,800,844,105000,99526.0663507109,5.75608444392988,TRUE,NA
"Beta centre-high",1,201123,241,333,105000,111536,1416,0.362972362996947,333,336,105000,104062.5,8.28106887336163,TRUE,NA
"Beta centre-high",1,201123,241,800,105000,111536,1416,0.528407991701526,800,833,105000,100840.336134454,5.76965933259429,TRUE,NA
"Beta centre-high",1,201123,242,333,105000,102838,1401,0.370219842071236,333,342,105000,102236.842105263,8.24948259015833,TRUE,NA
"Beta centre-high",1,201123,242,800,105000,102838,1401,0.527979654790182,800,804,105000,104477.611940299,5.80706275484411,TRUE,NA
"Beta centre-high",1,201123,243,333,105000,104210,1384,0.378188988466621,333,332,105000,105316.265060241,8.30269106080462,TRUE,NA
"Beta centre-high",1,201123,243,800,105000,104210,1384,0.53664757044815,800,822,105000,102189.781021898,5.78356438669775,TRUE,NA
"Beta centre-high",1,201123,244,333,105000,102280,1395,0.371547355877306,333,361,105000,96855.9556786704,8.15567458573384,TRUE,NA
"Beta centre-high",1,201123,244,800,105000,102280,1395,0.537724913396057,800,809,105000,103831.891223733,5.80044018371199,TRUE,NA
"Beta centre-high",1,201123,245,333,105000,98784,1371,0.359448310434076,333,285,105000,122684.210526316,8.59662237286829,TRUE,NA
"Beta centre-high",1,201123,245,800,105000,98784,1371,0.53360015201473,800,758,105000,110817.941952507,5.87169302932529,TRUE,NA
"Beta centre-high",1,201123,246,333,105000,108515,1413,0.360622972058579,333,344,105000,101642.441860465,8.2391725534373,TRUE,NA
"Beta centre-high",1,201123,246,800,105000,108515,1413,0.532401912254166,800,812,105000,103448.275862069,5.79650220645042,TRUE,NA
"Beta centre-high",1,201123,247,333,105000,102845,1360,0.374755016061613,333,348,105000,100474.137931034,8.21887030603124,TRUE,NA
"Beta centre-high",1,201123,247,800,105000,102845,1360,0.541779785905321,800,807,105000,104089.219330855,5.80308027027782,TRUE,NA
"Beta centre-high",1,201123,248,333,105000,108465,1466,0.379778104264002,333,357,105000,97941.1764705882,8.17468050783924,TRUE,NA
"Beta centre-high",1,201123,248,800,105000,108465,1466,0.529329662132993,800,814,105000,103194.103194103,5.79389154009948,TRUE,NA
"Beta centre-high",1,201123,249,333,105000,103688,1425,0.375668374848764,333,332,105000,105316.265060241,8.30269106080462,TRUE,NA
"Beta centre-high",1,201123,249,800,105000,103688,1425,0.523669152549369,800,742,105000,113207.547169811,5.89586769205442,TRUE,NA
"Beta centre-high",1,201123,250,333,105000,103633,1462,0.373445472427409,333,328,105000,106600.609756098,8.3247823876365,TRUE,NA
"Beta centre-high",1,201123,250,800,105000,103633,1462,0.522319845624137,800,759,105000,110671.936758893,5.87021272697668,TRUE,NA
"Beta centre-high",1,201123,251,333,105000,106427,1396,0.369701504773732,333,335,105000,104373.134328358,8.28643126998051,TRUE,NA
"Beta centre-high",1,201123,251,800,105000,106427,1396,0.536071997131935,800,834,105000,100719.424460432,5.7684117889836,TRUE,NA
"Beta centre-high",1,201123,252,333,105000,106142,1491,0.363837328061777,333,303,105000,115396.03960396,8.47452047336527,TRUE,NA
"Beta centre-high",1,201123,252,800,105000,106142,1491,0.522326084133224,800,776,105000,108247.422680412,5.84557651832292,TRUE,NA
"Beta centre-high",1,201123,253,333,105000,104929,1481,0.357135033120621,333,307,105000,113892.508143322,8.44911159979167,TRUE,NA
"Beta centre-high",1,201123,253,800,105000,104929,1481,0.51114619196283,800,756,105000,111111.111111111,5.87466425601815,TRUE,NA
"Beta centre-high",1,201123,254,333,105000,104835,1417,0.375387637336231,333,342,105000,102236.842105263,8.24948259015833,TRUE,NA
"Beta centre-high",1,201123,254,800,105000,104835,1417,0.538020812801132,800,820,105000,102439.024390244,5.78612900345676,TRUE,NA
"Beta centre-high",1,201123,255,333,105000,103270,1482,0.37212507551338,333,331,105000,105634.441087613,8.30816931014239,TRUE,NA
"Beta centre-high",1,201123,255,800,105000,103270,1482,0.530057183521109,800,798,105000,105263.157894737,5.81510921773839,TRUE,NA
"Beta centre-high",1,201123,256,333,105000,108261,1393,0.375137694472214,333,348,105000,100474.137931034,8.21887030603124,TRUE,NA
"Beta centre-high",1,201123,256,800,105000,108261,1393,0.53881852566559,800,844,105000,99526.0663507109,5.75608444392988,TRUE,NA
"Beta centre-high",1,201123,257,333,105000,105926,1450,0.367657443531061,333,312,105000,112067.307692308,8.41816363435257,TRUE,NA
"Beta centre-high",1,201123,257,800,105000,105926,1450,0.518873776415091,800,807,105000,104089.219330855,5.80308027027782,TRUE,NA
"Beta centre-high",1,201123,258,333,105000,102672,1466,0.361878121858981,333,296,105000,118125,8.52044486557115,TRUE,NA
"Beta centre-high",1,201123,258,800,105000,102672,1466,0.521809699047642,800,747,105000,112449.799196787,5.888212610817,TRUE,NA
"Beta centre-high",1,201123,259,333,105000,105006,1375,0.384318688699782,333,376,105000,92992.0212765957,8.08764128805829,TRUE,NA
"Beta centre-high",1,201123,259,800,105000,105006,1375,0.543075740062158,800,843,105000,99644.128113879,5.75730519405192,TRUE,NA
"Beta centre-high",1,201123,260,333,105000,107607,1430,0.366656789410407,333,345,105000,101347.826086957,8.23405757630045,TRUE,NA
"Beta centre-high",1,201123,260,800,105000,107607,1430,0.53092882015782,800,822,105000,102189.781021898,5.78356438669775,TRUE,NA
"Beta centre-high",1,201123,261,333,105000,104637,1514,0.351452001816468,333,275,105000,127145.454545455,8.67051516849434,TRUE,NA
"Beta centre-high",1,201123,261,800,105000,104637,1514,0.497989292103784,800,744,105000,112903.225806452,5.8927945075726,TRUE,NA
"Beta centre-high",1,201123,262,333,105000,105002,1437,0.381820110431029,333,380,105000,92013.1578947368,8.07031513617271,TRUE,NA
"Beta centre-high",1,201123,262,800,105000,105002,1437,0.533581367652097,800,810,105000,103703.703703704,5.79912458098373,TRUE,NA
"Beta centre-high",1,201123,263,333,105000,109570,1429,0.370709901268587,333,370,105000,94500,8.11426053010877,TRUE,NA
"Beta centre-high",1,201123,263,800,105000,109570,1429,0.530123415615687,800,878,105000,95671.9817767654,5.71609031887313,TRUE,NA
"Beta centre-high",1,201123,264,333,105000,109282,1401,0.38437319368585,333,386,105000,90582.9015544041,8.04493211125796,TRUE,NA
"Beta centre-high",1,201123,264,800,105000,109282,1401,0.536367516180685,800,857,105000,98016.3360560093,5.7404510562031,TRUE,NA
"Beta centre-high",1,201123,265,333,105000,107614,1407,0.370474135106382,333,344,105000,101642.441860465,8.2391725534373,TRUE,NA
"Beta centre-high",1,201123,265,800,105000,107614,1407,0.538755320047047,800,837,105000,100358.422939068,5.76468543770552,TRUE,NA
"Beta centre-high",1,201123,266,333,105000,105169,1476,0.362804511130465,333,325,105000,107584.615384615,8.34166816006756,TRUE,NA
"Beta centre-high",1,201123,266,800,105000,105169,1476,0.523218557096246,800,800,105000,105000,5.81241489343492,TRUE,NA
"Beta centre-high",1,201123,267,333,105000,101779,1425,0.372746525597725,333,330,105000,105954.545454545,8.31367711824824,TRUE,NA
"Beta centre-high",1,201123,267,800,105000,101779,1425,0.528772116910755,800,785,105000,107006.369426752,5.83292554355092,TRUE,NA
"Beta centre-high",1,201123,268,333,105000,101490,1349,0.3696573632829,333,340,105000,102838.235294118,8.25990082442498,TRUE,NA
"Beta centre-high",1,201123,268,800,105000,101490,1349,0.53803963319703,800,742,105000,113207.547169811,5.89586769205442,TRUE,NA
"Beta centre-high",1,201123,269,333,105000,105148,1493,0.372851281071412,333,328,105000,106600.609756098,8.3247823876365,TRUE,NA
"Beta centre-high",1,201123,269,800,105000,105148,1493,0.520932748071588,800,748,105000,112299.465240642,5.88669269205071,TRUE,NA
"Beta centre-high",1,201123,270,333,105000,106497,1503,0.364563441794434,333,312,105000,112067.307692308,8.41816363435257,TRUE,NA
"Beta centre-high",1,201123,270,800,105000,106497,1503,0.512490126678837,800,769,105000,109232.769830949,5.85560142630756,TRUE,NA
"Beta centre-high",1,201123,271,333,105000,102500,1404,0.371193269619763,333,283,105000,123551.236749117,8.61103280503509,TRUE,NA
"Beta centre-high",1,201123,271,800,105000,102500,1404,0.533082117983105,800,750,105000,112000,5.88366384379303,TRUE,NA
"Beta centre-high",1,201123,272,333,105000,108111,1414,0.378087722085305,333,367,105000,95272.4795640327,8.12786277730646,TRUE,NA
"Beta centre-high",1,201123,272,800,105000,108111,1414,0.529472486417555,800,809,105000,103831.891223733,5.80044018371199,TRUE,NA
"Beta centre-high",1,201123,273,333,105000,103984,1407,0.376039210036643,333,309,105000,113155.339805825,8.43662589370772,TRUE,NA
"Beta centre-high",1,201123,273,800,105000,103984,1407,0.529671891898397,800,751,105000,111850.86551265,5.88215488754933,TRUE,NA
"Beta centre-high",1,201123,274,333,105000,101514,1404,0.365406197078385,333,295,105000,118525.423728814,8.52716260007981,TRUE,NA
"Beta centre-high",1,201123,274,800,105000,101514,1404,0.534180976979638,800,724,105000,116022.099447514,5.92421485005031,TRUE,NA
"Beta centre-high",1,201123,275,333,105000,104371,1373,0.376938234742689,333,359,105000,97395.5431754875,8.16513013532526,TRUE,NA
"Beta centre-high",1,201123,275,800,105000,104371,1373,0.533041675905967,800,819,105000,102564.102564103,5.7874155806747,TRUE,NA
"Beta centre-high",1,201123,276,333,105000,108666,1417,0.367105566723361,333,306,105000,114264.705882353,8.45540865278229,TRUE,NA
"Beta centre-high",1,201123,276,800,105000,108666,1417,0.526464542071937,800,802,105000,104738.154613466,5.80973276696946,TRUE,NA
"Beta centre-high",1,201123,277,333,105000,108200,1411,0.366312129249199,333,335,105000,104373.134328358,8.28643126998051,TRUE,NA
"Beta centre-high",1,201123,277,800,105000,108200,1411,0.532379858597922,800,829,105000,101326.899879373,5.77467688009813,TRUE,NA
"Beta centre-high",1,201123,278,333,105000,100683,1421,0.381935259507125,333,358,105000,97667.5977653631,8.16989337857654,TRUE,NA
"Beta centre-high",1,201123,278,800,105000,100683,1421,0.541823182426305,800,795,105000,105660.377358491,5.8191737597038,TRUE,NA
"Beta centre-high",1,201123,279,333,105000,105277,1414,0.380438275498528,333,348,105000,100474.137931034,8.21887030603124,TRUE,NA
"Beta centre-high",1,201123,279,800,105000,105277,1414,0.52689288084751,800,756,105000,111111.111111111,5.87466425601815,TRUE,NA
"Beta centre-high",1,201123,280,333,105000,108504,1395,0.373276060719824,333,340,105000,102838.235294118,8.25990082442498,TRUE,NA
"Beta centre-high",1,201123,280,800,105000,108504,1395,0.533357658601802,800,806,105000,104218.362282878,5.8044047743281,TRUE,NA
"Beta centre-high",1,201123,281,333,105000,102400,1431,0.373982196255229,333,326,105000,107254.601226994,8.33600885011652,TRUE,NA
"Beta centre-high",1,201123,281,800,105000,102400,1431,0.530176786076167,800,775,105000,108387.096774194,5.846998606112,TRUE,NA
"Beta centre-high",1,201123,282,333,105000,103825,1429,0.366427757571638,333,329,105000,106276.595744681,8.31921472866097,TRUE,NA
"Beta centre-high",1,201123,282,800,105000,103825,1429,0.523485474427946,800,768,105000,109375,5.8570470569014,TRUE,NA
"Beta centre-high",1,201123,283,333,105000,105333,1415,0.373283952589979,333,329,105000,106276.595744681,8.31921472866097,TRUE,NA
"Beta centre-high",1,201123,283,800,105000,105333,1415,0.521476883187134,800,776,105000,108247.422680412,5.84557651832292,TRUE,NA
"Beta centre-high",1,201123,284,333,105000,105662,1393,0.367926425379307,333,338,105000,103446.74556213,8.2704289937114,TRUE,NA
"Beta centre-high",1,201123,284,800,105000,105662,1393,0.532041171428965,800,764,105000,109947.643979058,5.86286381634659,TRUE,NA
"Beta centre-high",1,201123,285,333,105000,102557,1429,0.374431825198426,333,319,105000,109608.150470219,8.37628553154077,TRUE,NA
"Beta centre-high",1,201123,285,800,105000,102557,1429,0.523994344489152,800,765,105000,109803.921568627,5.86140446635963,TRUE,NA
"Beta centre-high",1,201123,286,333,105000,99779,1372,0.377082890140925,333,325,105000,107584.615384615,8.34166816006756,TRUE,NA
"Beta centre-high",1,201123,286,800,105000,99779,1372,0.5443992994643,800,816,105000,102941.176470588,5.7912925029054,TRUE,NA
"Beta centre-high",1,201123,287,333,105000,101250,1417,0.374452073580322,333,330,105000,105954.545454545,8.31367711824824,TRUE,NA
"Beta centre-high",1,201123,287,800,105000,101250,1417,0.533134229714107,800,784,105000,107142.857142857,5.83431820646083,TRUE,NA
"Beta centre-high",1,201123,288,333,105000,110357,1417,0.371857643056115,333,335,105000,104373.134328358,8.28643126998051,TRUE,NA
"Beta centre-high",1,201123,288,800,105000,110357,1417,0.527169980984204,800,811,105000,103575.832305795,5.797811925227,TRUE,NA
"Beta centre-high",1,201123,289,333,105000,99541,1460,0.358982511240638,333,286,105000,122255.244755245,8.58948379639248,TRUE,NA
"Beta centre-high",1,201123,289,800,105000,99541,1460,0.512113645289628,800,712,105000,117977.528089888,5.94382963363258,TRUE,NA
"Beta centre-high",1,201123,290,333,105000,106186,1414,0.351759650083014,333,297,105000,117727.272727273,8.51376712116838,TRUE,NA
"Beta centre-high",1,201123,290,800,105000,106186,1414,0.520920154281977,800,793,105000,105926.860025221,5.82189894902144,TRUE,NA
"Beta centre-high",1,201123,291,333,105000,103714,1420,0.383379873690642,333,380,105000,92013.1578947368,8.07031513617271,TRUE,NA
"Beta centre-high",1,201123,291,800,105000,103714,1420,0.535256664795042,800,825,105000,101818.181818182,5.77973866317813,TRUE,NA
"Beta centre-high",1,201123,292,333,105000,107417,1464,0.369966916628956,333,317,105000,110299.684542587,8.38808310929113,TRUE,NA
"Beta centre-high",1,201123,292,800,105000,107417,1464,0.51794304612454,800,771,105000,108949.416342412,5.85272035088095,TRUE,NA
"Beta centre-high",1,201123,293,333,105000,98812,1412,0.37683085359612,333,318,105000,109952.830188679,8.38216784632455,TRUE,NA
"Beta centre-high",1,201123,293,800,105000,98812,1412,0.538836835230897,800,753,105000,111553.784860558,5.87914784444343,TRUE,NA
"Beta centre-high",1,201123,294,333,105000,104698,1373,0.369249598300201,333,317,105000,110299.684542587,8.38808310929113,TRUE,NA
"Beta centre-high",1,201123,294,800,105000,104698,1373,0.531406581161858,800,779,105000,107830.55198973,5.84133010267284,TRUE,NA
"Beta centre-high",1,201123,295,333,105000,105903,1431,0.355944697402516,333,302,105000,115778.145695364,8.4809657294975,TRUE,NA
"Beta centre-high",1,201123,295,800,105000,105903,1431,0.528980880974314,800,831,105000,101083.032490975,5.77216261357801,TRUE,NA
"Beta centre-high",1,201123,296,333,105000,107617,1442,0.363982961205051,333,358,105000,97667.5977653631,8.16989337857654,TRUE,NA
"Beta centre-high",1,201123,296,800,105000,107617,1442,0.518745596659971,800,812,105000,103448.275862069,5.79650220645042,TRUE,NA
"Beta centre-high",1,201123,297,333,105000,104880,1440,0.365696918646082,333,336,105000,104062.5,8.28106887336163,TRUE,NA
"Beta centre-high",1,201123,297,800,105000,104880,1440,0.525607502238515,800,819,105000,102564.102564103,5.7874155806747,TRUE,NA
"Beta centre-high",1,201123,298,333,105000,108134,1367,0.379149393994794,333,369,105000,94756.0975609756,8.11877256278091,TRUE,NA
"Beta centre-high",1,201123,298,800,105000,108134,1367,0.543202301673376,800,891,105000,94276.0942760943,5.70153588518935,TRUE,NA
"Beta centre-high",1,201123,299,333,105000,106054,1375,0.387144644563443,333,394,105000,88743.654822335,8.01217246340545,TRUE,NA
"Beta centre-high",1,201123,299,800,105000,106054,1375,0.540690251288194,800,848,105000,99056.6037735849,5.75122767099449,TRUE,NA
"Beta centre-high",1,201123,300,333,105000,106302,1407,0.376721353445172,333,342,105000,102236.842105263,8.24948259015833,TRUE,NA
"Beta centre-high",1,201123,300,800,105000,106302,1407,0.535884304899479,800,823,105000,102065.613608748,5.78228632810412,TRUE,NA
"Beta centre-high",1,201123,301,333,105000,105777,1439,0.356808913315526,333,353,105000,99050.9915014164,8.19407156555708,TRUE,NA
"Beta centre-high",1,201123,301,800,105000,105777,1439,0.518130449748946,800,842,105000,99762.4703087886,5.75852858410845,TRUE,NA
"Beta centre-high",1,201123,302,333,105000,108839,1369,0.38480335711485,333,414,105000,84456.5217391304,7.93528741101636,TRUE,NA
"Beta centre-high",1,201123,302,800,105000,108839,1369,0.533974277197435,800,873,105000,96219.9312714777,5.72179347899057,TRUE,NA
"Beta centre-high",1,201123,303,333,105000,105558,1437,0.357249062845857,333,290,105000,120568.965517241,8.56136411701685,TRUE,NA
"Beta centre-high",1,201123,303,800,105000,105558,1437,0.527049804647604,800,772,105000,108808.29015544,5.85128488189318,TRUE,NA
"Beta centre-high",1,201123,304,333,105000,103870,1373,0.37926448085655,333,378,105000,92500,8.07893702033136,TRUE,NA
"Beta centre-high",1,201123,304,800,105000,103870,1373,0.542438472817339,800,826,105000,101694.915254237,5.77846903804895,TRUE,NA
"Beta centre-high",1,201123,305,333,105000,102755,1423,0.374076887467222,333,307,105000,113892.508143322,8.44911159979167,TRUE,NA
"Beta centre-high",1,201123,305,800,105000,102755,1423,0.533610019382376,800,784,105000,107142.857142857,5.83431820646083,TRUE,NA
"Beta centre-high",1,201123,306,333,105000,105259,1420,0.367336685382177,333,324,105000,107916.666666667,8.34735853155465,TRUE,NA
"Beta centre-high",1,201123,306,800,105000,105259,1420,0.527558722586315,800,800,105000,105000,5.81241489343492,TRUE,NA
"Beta centre-high",1,201123,307,333,105000,104856,1423,0.364582287113709,333,318,105000,109952.830188679,8.38216784632455,TRUE,NA
"Beta centre-high",1,201123,307,800,105000,104856,1423,0.514700871266038,800,779,105000,107830.55198973,5.84133010267284,TRUE,NA
"Beta centre-high",1,201123,308,333,105000,100239,1362,0.366132540122939,333,297,105000,117727.272727273,8.51376712116838,TRUE,NA
"Beta centre-high",1,201123,308,800,105000,100239,1362,0.544430032168488,800,773,105000,108667.529107374,5.8498527760487,TRUE,NA
"Beta centre-high",1,201123,309,333,105000,106276,1437,0.36422988513409,333,337,105000,103753.709198813,8.27573485727431,TRUE,NA
"Beta centre-high",1,201123,309,800,105000,106276,1437,0.514965905466803,800,792,105000,106060.606060606,5.82326622435268,TRUE,NA
"Beta centre-high",1,201123,310,333,105000,107943,1380,0.381182154394303,333,395,105000,88518.9873417722,8.00816162547039,TRUE,NA
"Beta centre-high",1,201123,310,800,105000,107943,1380,0.535905077264394,800,850,105000,98823.5294117647,5.74881490185386,TRUE,NA
"Beta centre-high",1,201123,311,333,105000,102393,1467,0.372544450097078,333,335,105000,104373.134328358,8.28643126998051,TRUE,NA
"Beta centre-high",1,201123,311,800,105000,102393,1467,0.517128895145971,800,762,105000,110236.220472441,5.86579291089248,TRUE,NA
"Beta centre-high",1,201123,312,333,105000,100466,1389,0.37297412256393,333,327,105000,106926.605504587,8.33038034418632,TRUE,NA
"Beta centre-high",1,201123,312,800,105000,100466,1389,0.529716102094243,800,788,105000,106598.984771574,5.82876678409535,TRUE,NA
"Beta centre-high",1,201123,313,333,105000,105397,1437,0.366112992405166,333,311,105000,112427.652733119,8.4242826258066,TRUE,NA
"Beta centre-high",1,201123,313,800,105000,105397,1437,0.519269721085497,800,770,105000,109090.909090909,5.8541591950029,TRUE,NA
"Beta centre-high",1,201123,314,333,105000,108863,1408,0.384899782127085,333,384,105000,91054.6875,8.0533138266257,TRUE,NA
"Beta centre-high",1,201123,314,800,105000,108863,1408,0.538893497868404,800,866,105000,96997.6905311778,5.72987879490296,TRUE,NA
"Beta centre-high",1,201123,315,333,105000,104396,1464,0.357496947873594,333,277,105000,126227.436823105,8.65536134173179,TRUE,NA
"Beta centre-high",1,201123,315,800,105000,104396,1464,0.50547730939729,800,710,105000,118309.85915493,5.94715679427385,TRUE,NA
"Beta centre-high",1,201123,316,333,105000,107893,1380,0.375810742781211,333,346,105000,101054.913294798,8.22896901364322,TRUE,NA
"Beta centre-high",1,201123,316,800,105000,107893,1380,0.544050148366172,800,876,105000,95890.4109589041,5.71836445214707,TRUE,NA
"Beta centre-high",1,201123,317,333,105000,105621,1384,0.372199958453883,333,353,105000,99050.9915014164,8.19407156555708,TRUE,NA
"Beta centre-high",1,201123,317,800,105000,105621,1384,0.535496478220891,800,851,105000,98707.4030552291,5.74761239207401,TRUE,NA
"Beta centre-high",1,201123,318,333,105000,98252,1412,0.36877220377656,333,308,105000,113522.727272727,8.4428507857824,TRUE,NA
"Beta centre-high",1,201123,318,800,105000,98252,1412,0.532003503097946,800,743,105000,113055.181695828,5.89432923200836,TRUE,NA
"Beta centre-high",1,201123,319,333,105000,108138,1457,0.367244619589407,333,367,105000,95272.4795640327,8.12786277730646,TRUE,NA
"Beta centre-high",1,201123,319,800,105000,108138,1457,0.520672987382358,800,872,105000,96330.2752293578,5.72294127190564,TRUE,NA
"Beta centre-high",1,201123,320,333,105000,108051,1454,0.364623175537293,333,341,105000,102536.656891496,8.25467807488184,TRUE,NA
"Beta centre-high",1,201123,320,800,105000,108051,1454,0.524701242322719,800,829,105000,101326.899879373,5.77467688009813,TRUE,NA
"Beta centre-high",1,201123,321,333,105000,111201,1414,0.374574913631814,333,374,105000,93489.3048128342,8.09642914116418,TRUE,NA
"Beta centre-high",1,201123,321,800,105000,111201,1414,0.532416763444886,800,858,105000,97902.0979020979,5.73926637719802,TRUE,NA
"Beta centre-high",1,201123,322,333,105000,104044,1404,0.374670842532727,333,330,105000,105954.545454545,8.31367711824824,TRUE,NA
"Beta centre-high",1,201123,322,800,105000,104044,1404,0.538471346539116,800,829,105000,101326.899879373,5.77467688009813,TRUE,NA
"Beta centre-high",1,201123,323,333,105000,105990,1402,0.374571555652453,333,349,105000,100186.246418338,8.21385975363555,TRUE,NA
"Beta centre-high",1,201123,323,800,105000,105990,1402,0.529530598309721,800,825,105000,101818.181818182,5.77973866317813,TRUE,NA
"Beta centre-high",1,201123,324,333,105000,108112,1431,0.372761181672463,333,368,105000,95013.5869565217,8.12330659072599,TRUE,NA
"Beta centre-high",1,201123,324,800,105000,108112,1431,0.525712548608534,800,781,105000,107554.417413572,5.83851558228319,TRUE,NA
"Beta centre-high",1,201123,325,333,105000,112198,1417,0.364009757981466,333,338,105000,103446.74556213,8.2704289937114,TRUE,NA
"Beta centre-high",1,201123,325,800,105000,112198,1417,0.525423984581572,800,872,105000,96330.2752293578,5.72294127190564,TRUE,NA
"Beta centre-high",1,201123,326,333,105000,102743,1419,0.369179004816236,333,284,105000,123116.197183099,8.60380523542275,TRUE,NA
"Beta centre-high",1,201123,326,800,105000,102743,1419,0.52902653682884,800,761,105000,110381.077529566,5.86726268043536,TRUE,NA
"Beta centre-high",1,201123,327,333,105000,105145,1411,0.367364626123944,333,334,105000,104685.628742515,8.29182227763796,TRUE,NA
"Beta centre-high",1,201123,327,800,105000,105145,1411,0.530698998630595,800,823,105000,102065.613608748,5.78228632810412,TRUE,NA
"Beta centre-high",1,201123,328,333,105000,99426,1448,0.361493258258131,333,309,105000,113155.339805825,8.43662589370772,TRUE,NA
"Beta centre-high",1,201123,328,800,105000,99426,1448,0.514699137426915,800,710,105000,118309.85915493,5.94715679427385,TRUE,NA
"Beta centre-high",1,201123,329,333,105000,101549,1450,0.368771709102689,333,314,105000,111353.503184713,8.40602942425351,TRUE,NA
"Beta centre-high",1,201123,329,800,105000,101549,1450,0.520059810798424,800,767,105000,109517.601043025,5.85849609894922,TRUE,NA
"Beta centre-high",1,201123,330,333,105000,101497,1357,0.378101322729291,333,309,105000,113155.339805825,8.43662589370772,TRUE,NA
"Beta centre-high",1,201123,330,800,105000,101497,1357,0.546264977665054,800,753,105000,111553.784860558,5.87914784444343,TRUE,NA
"Beta centre-high",1,201123,331,333,105000,106057,1462,0.367668326480663,333,342,105000,102236.842105263,8.24948259015833,TRUE,NA
"Beta centre-high",1,201123,331,800,105000,106057,1462,0.521439144753691,800,799,105000,105131.414267835,5.81376052560807,TRUE,NA
"Beta centre-high",1,201123,332,333,105000,113070,1399,0.373381905347802,333,368,105000,95013.5869565217,8.12330659072599,TRUE,NA
"Beta centre-high",1,201123,332,800,105000,113070,1399,0.536928868180273,800,902,105000,93126.3858093126,5.68952031321909,TRUE,NA
"Beta centre-high",1,201123,333,333,105000,102687,1446,0.371922738668754,333,327,105000,106926.605504587,8.33038034418632,TRUE,NA
"Beta centre-high",1,201123,333,800,105000,102687,1446,0.52355094723512,800,736,105000,114130.434782609,5.90517767854306,TRUE,NA
"Beta centre-high",1,201123,334,333,105000,103664,1450,0.361370456565079,333,273,105000,128076.923076923,8.68586400731042,TRUE,NA
"Beta centre-high",1,201123,334,800,105000,103664,1450,0.52220104469559,800,745,105000,112751.677852349,5.89126350500216,TRUE,NA
"Beta centre-high",1,201123,335,333,105000,103573,1458,0.352616253282522,333,296,105000,118125,8.52044486557115,TRUE,NA
"Beta centre-high",1,201123,335,800,105000,103573,1458,0.512966564045211,800,762,105000,110236.220472441,5.86579291089248,TRUE,NA
"Beta centre-high",1,201123,336,333,105000,102273,1389,0.360465434973451,333,313,105000,111709.265175719,8.4120793334699,TRUE,NA
"Beta centre-high",1,201123,336,800,105000,102273,1389,0.519534963842178,800,754,105000,111405.835543767,5.87764973122081,TRUE,NA
"Beta centre-high",1,201123,337,333,105000,102874,1348,0.373330878391403,333,317,105000,110299.684542587,8.38808310929113,TRUE,NA
"Beta centre-high",1,201123,337,800,105000,102874,1348,0.539171768952544,800,830,105000,101204.819277108,5.77341836908676,TRUE,NA
"Beta centre-high",1,201123,338,333,105000,97242,1440,0.366864196865405,333,297,105000,117727.272727273,8.51376712116838,TRUE,NA
"Beta centre-high",1,201123,338,800,105000,97242,1440,0.519438089500574,800,710,105000,118309.85915493,5.94715679427385,TRUE,NA
"Beta centre-high",1,201123,339,333,105000,109145,1402,0.364735007369153,333,360,105000,97125,8.1603905973447,TRUE,NA
"Beta centre-high",1,201123,339,800,105000,109145,1402,0.535690689322106,800,855,105000,98245.6140350877,5.74282799029995,TRUE,NA
"Beta centre-high",1,201123,340,333,105000,102267,1473,0.37872503659734,333,338,105000,103446.74556213,8.2704289937114,TRUE,NA
"Beta centre-high",1,201123,340,800,105000,102267,1473,0.528584203526166,800,777,105000,108108.108108108,5.84415774628277,TRUE,NA
"Beta centre-high",1,201123,341,333,105000,101681,1464,0.377508573063112,333,333,105000,105000,8.29724212937552,TRUE,NA
"Beta centre-high",1,201123,341,800,105000,101681,1464,0.526145724278339,800,756,105000,111111.111111111,5.87466425601815,TRUE,NA
"Beta centre-high",1,201123,342,333,105000,107035,1425,0.356308257988543,333,316,105000,110648.734177215,8.39403160249634,TRUE,NA
"Beta centre-high",1,201123,342,800,105000,107035,1425,0.514693312062035,800,765,105000,109803.921568627,5.86140446635963,TRUE,NA
"Beta centre-high",1,201123,343,333,105000,106912,1412,0.373856614003741,333,377,105000,92745.3580901857,8.08327878168544,TRUE,NA
"Beta centre-high",1,201123,343,800,105000,106912,1412,0.538173543717906,800,857,105000,98016.3360560093,5.7404510562031,TRUE,NA
"Beta centre-high",1,201123,344,333,105000,100129,1401,0.384484749361601,333,342,105000,102236.842105263,8.24948259015833,TRUE,NA
"Beta centre-high",1,201123,344,800,105000,100129,1401,0.549941967064878,800,812,105000,103448.275862069,5.79650220645042,TRUE,NA
"Beta centre-high",1,201123,345,333,105000,104079,1442,0.372696701159065,333,347,105000,100763.688760807,8.2239066584859,TRUE,NA
"Beta centre-high",1,201123,345,800,105000,104079,1442,0.526771811338146,800,813,105000,103321.033210332,5.79519541470812,TRUE,NA
"Beta centre-high",1,201123,346,333,105000,104751,1459,0.35881041315568,333,307,105000,113892.508143322,8.44911159979167,TRUE,NA
"Beta centre-high",1,201123,346,800,105000,104751,1459,0.509862705720583,800,769,105000,109232.769830949,5.85560142630756,TRUE,NA
"Beta centre-high",1,201123,347,333,105000,108951,1365,0.371818330890196,333,343,105000,101938.775510204,8.24431415424542,TRUE,NA
"Beta centre-high",1,201123,347,800,105000,108951,1365,0.537441014859864,800,854,105000,98360.6557377049,5.7440202617122,TRUE,NA
"Beta centre-high",1,201123,348,333,105000,111371,1455,0.361946689707527,333,344,105000,101642.441860465,8.2391725534373,TRUE,NA
"Beta centre-high",1,201123,348,800,105000,111371,1455,0.522922483072655,800,832,105000,100961.538461538,5.7709096044432,TRUE,NA
"Beta centre-high",1,201123,349,333,105000,100504,1400,0.375943741943442,333,339,105000,103141.592920354,8.2651510571314,TRUE,NA
"Beta centre-high",1,201123,349,800,105000,100504,1400,0.527919407163923,800,767,105000,109517.601043025,5.85849609894922,TRUE,NA
"Beta centre-high",1,201123,350,333,105000,105232,1385,0.374241792583625,333,349,105000,100186.246418338,8.21385975363555,TRUE,NA
"Beta centre-high",1,201123,350,800,105000,105232,1385,0.534241988712598,800,772,105000,108808.29015544,5.85128488189318,TRUE,NA
"Beta centre-high",1,201123,351,333,105000,106296,1385,0.373505153746322,333,333,105000,105000,8.29724212937552,TRUE,NA
"Beta centre-high",1,201123,351,800,105000,106296,1385,0.543077077878298,800,854,105000,98360.6557377049,5.7440202617122,TRUE,NA
"Beta centre-high",1,201123,352,333,105000,109157,1432,0.365464023220076,333,344,105000,101642.441860465,8.2391725534373,TRUE,NA
"Beta centre-high",1,201123,352,800,105000,109157,1432,0.524919358544144,800,839,105000,100119.189511323,5.7622146806349,TRUE,NA
"Beta centre-high",1,201123,353,333,105000,109579,1437,0.372824002167818,333,353,105000,99050.9915014164,8.19407156555708,TRUE,NA
"Beta centre-high",1,201123,353,800,105000,109579,1437,0.536285249486294,800,891,105000,94276.0942760943,5.70153588518935,TRUE,NA
"Beta centre-high",1,201123,354,333,105000,103519,1378,0.379621941208597,333,358,105000,97667.5977653631,8.16989337857654,TRUE,NA
"Beta centre-high",1,201123,354,800,105000,103519,1378,0.542273435533081,800,822,105000,102189.781021898,5.78356438669775,TRUE,NA
"Beta centre-high",1,201123,355,333,105000,106114,1386,0.370467894139923,333,347,105000,100763.688760807,8.2239066584859,TRUE,NA
"Beta centre-high",1,201123,355,800,105000,106114,1386,0.536045783884908,800,800,105000,105000,5.81241489343492,TRUE,NA
"Beta centre-high",1,201123,356,333,105000,106801,1416,0.379869897730122,333,356,105000,98216.2921348315,8.17949170571763,TRUE,NA
"Beta centre-high",1,201123,356,800,105000,106801,1416,0.537905047809994,800,864,105000,97222.2222222222,5.73221082720255,TRUE,NA
"Beta centre-high",1,201123,357,333,105000,105418,1392,0.37281892657003,333,339,105000,103141.592920354,8.2651510571314,TRUE,NA
"Beta centre-high",1,201123,357,800,105000,105418,1392,0.542127392372896,800,836,105000,100478.468899522,5.76592485048689,TRUE,NA
"Beta centre-high",1,201123,358,333,105000,103955,1409,0.371454222776874,333,331,105000,105634.441087613,8.30816931014239,TRUE,NA
"Beta centre-high",1,201123,358,800,105000,103955,1409,0.528144439295315,800,791,105000,106194.690265487,5.82463663459186,TRUE,NA
"Beta centre-high",1,201123,359,333,105000,107768,1459,0.36802521233976,333,337,105000,103753.709198813,8.27573485727431,TRUE,NA
"Beta centre-high",1,201123,359,800,105000,107768,1459,0.524513028400471,800,813,105000,103321.033210332,5.79519541470812,TRUE,NA
"Beta centre-high",1,201123,360,333,105000,107882,1471,0.36802637335647,333,386,105000,90582.9015544041,8.04493211125796,TRUE,NA
"Beta centre-high",1,201123,360,800,105000,107882,1471,0.527509322792075,800,839,105000,100119.189511323,5.7622146806349,TRUE,NA
"Beta centre-high",1,201123,361,333,105000,102923,1434,0.374622976073392,333,350,105000,99900,8.20887480078011,TRUE,NA
"Beta centre-high",1,201123,361,800,105000,102923,1434,0.532450000817106,800,781,105000,107554.417413572,5.83851558228319,TRUE,NA
"Beta centre-high",1,201123,362,333,105000,103060,1456,0.375485021945574,333,311,105000,112427.652733119,8.4242826258066,TRUE,NA
"Beta centre-high",1,201123,362,800,105000,103060,1456,0.52951722902443,800,761,105000,110381.077529566,5.86726268043536,TRUE,NA
"Beta centre-high",1,201123,363,333,105000,108085,1422,0.380772686816606,333,364,105000,96057.6923076923,8.14166594721139,TRUE,NA
"Beta centre-high",1,201123,363,800,105000,108085,1422,0.525676088572624,800,806,105000,104218.362282878,5.8044047743281,TRUE,NA
"Beta centre-high",1,201123,364,333,105000,108113,1405,0.377360937855041,333,371,105000,94245.2830188679,8.10977033096673,TRUE,NA
"Beta centre-high",1,201123,364,800,105000,108113,1405,0.532211573993523,800,864,105000,97222.2222222222,5.73221082720255,TRUE,NA
"Beta centre-high",1,201123,365,333,105000,107466,1470,0.371169475046508,333,320,105000,109265.625,8.37043588610856,TRUE,NA
"Beta centre-high",1,201123,365,800,105000,107466,1470,0.522060874873458,800,782,105000,107416.879795396,5.83711321447428,TRUE,NA
"Beta centre-high",1,201123,366,333,105000,107693,1421,0.377057049782499,333,353,105000,99050.9915014164,8.19407156555708,TRUE,NA
"Beta centre-high",1,201123,366,800,105000,107693,1421,0.531548341197948,800,793,105000,105926.860025221,5.82189894902144,TRUE,NA
"Beta centre-high",1,201123,367,333,105000,104492,1476,0.365974602513346,333,316,105000,110648.734177215,8.39403160249634,TRUE,NA
"Beta centre-high",1,201123,367,800,105000,104492,1476,0.519820151993776,800,762,105000,110236.220472441,5.86579291089248,TRUE,NA
"Beta centre-high",1,201123,368,333,105000,110348,1453,0.37157454008378,333,353,105000,99050.9915014164,8.19407156555708,TRUE,NA
"Beta centre-high",1,201123,368,800,105000,110348,1453,0.525532630286952,800,814,105000,103194.103194103,5.79389154009948,TRUE,NA
"Beta centre-high",1,201123,369,333,105000,107921,1399,0.361997334398117,333,321,105000,108925.23364486,8.36461863437491,TRUE,NA
"Beta centre-high",1,201123,369,800,105000,107921,1399,0.521568208235911,800,802,105000,104738.154613466,5.80973276696946,TRUE,NA
"Beta centre-high",1,201123,370,333,105000,102230,1432,0.365638401746193,333,310,105000,112790.322580645,8.43043661025828,TRUE,NA
"Beta centre-high",1,201123,370,800,105000,102230,1432,0.521951456414077,800,748,105000,112299.465240642,5.88669269205071,TRUE,NA
"Beta centre-high",1,201123,371,333,105000,101817,1360,0.360945764277257,333,273,105000,128076.923076923,8.68586400731042,TRUE,NA
"Beta centre-high",1,201123,371,800,105000,101817,1360,0.546169702952396,800,792,105000,106060.606060606,5.82326622435268,TRUE,NA
"Beta centre-high",1,201123,372,333,105000,104230,1383,0.381497802711967,333,340,105000,102838.235294118,8.25990082442498,TRUE,NA
"Beta centre-high",1,201123,372,800,105000,104230,1383,0.541227233896962,800,796,105000,105527.638190955,5.81781582415392,TRUE,NA
"Beta centre-high",1,201123,373,333,105000,107583,1398,0.369106165175308,333,364,105000,96057.6923076923,8.14166594721139,TRUE,NA
"Beta centre-high",1,201123,373,800,105000,107583,1398,0.53279925200098,800,836,105000,100478.468899522,5.76592485048689,TRUE,NA
"Beta centre-high",1,201123,374,333,105000,102978,1443,0.361020270932828,333,318,105000,109952.830188679,8.38216784632455,TRUE,NA
"Beta centre-high",1,201123,374,800,105000,102978,1443,0.518787111474484,800,748,105000,112299.465240642,5.88669269205071,TRUE,NA
"Beta centre-high",1,201123,375,333,105000,108457,1502,0.362163926053037,333,311,105000,112427.652733119,8.4242826258066,TRUE,NA
"Beta centre-high",1,201123,375,800,105000,108457,1502,0.513514443948537,800,775,105000,108387.096774194,5.846998606112,TRUE,NA
"Beta centre-high",1,201123,376,333,105000,99874,1439,0.363175082528852,333,326,105000,107254.601226994,8.33600885011652,TRUE,NA
"Beta centre-high",1,201123,376,800,105000,99874,1439,0.524682513745534,800,757,105000,110964.332892999,5.87317686806237,TRUE,NA
"Beta centre-high",1,201123,377,333,105000,103402,1380,0.383950023584036,333,344,105000,101642.441860465,8.2391725534373,TRUE,NA
"Beta centre-high",1,201123,377,800,105000,103402,1380,0.539136791580574,800,810,105000,103703.703703704,5.79912458098373,TRUE,NA
"Beta centre-high",1,201123,378,333,105000,108278,1407,0.377384328066133,333,378,105000,92500,8.07893702033136,TRUE,NA
"Beta centre-high",1,201123,378,800,105000,108278,1407,0.534211406138454,800,850,105000,98823.5294117647,5.74881490185386,TRUE,NA
"Beta centre-high",1,201123,379,333,105000,108276,1355,0.376424715389274,333,333,105000,105000,8.29724212937552,TRUE,NA
"Beta centre-high",1,201123,379,800,105000,108276,1355,0.54190894700488,800,802,105000,104738.154613466,5.80973276696946,TRUE,NA
"Beta centre-high",1,201123,380,333,105000,105216,1429,0.368151070995098,333,323,105000,108250.773993808,8.35308022500895,TRUE,NA
"Beta centre-high",1,201123,380,800,105000,105216,1429,0.528717300413407,800,779,105000,107830.55198973,5.84133010267284,TRUE,NA
"Beta centre-high",1,201123,381,333,105000,102346,1388,0.372854370048234,333,326,105000,107254.601226994,8.33600885011652,TRUE,NA
"Beta centre-high",1,201123,381,800,105000,102346,1388,0.544377111067358,800,816,105000,102941.176470588,5.7912925029054,TRUE,NA
"Beta centre-high",1,201123,382,333,105000,108708,1447,0.364019324480738,333,324,105000,107916.666666667,8.34735853155465,TRUE,NA
"Beta centre-high",1,201123,382,800,105000,108708,1447,0.524339357503334,800,792,105000,106060.606060606,5.82326622435268,TRUE,NA
"Beta centre-high",1,201123,383,333,105000,109040,1398,0.377772338924058,333,363,105000,96322.3140495868,8.14631243507424,TRUE,NA
"Beta centre-high",1,201123,383,800,105000,109040,1398,0.523163897370216,800,827,105000,101571.946795647,5.77720220534795,TRUE,NA
"Beta centre-high",1,201123,384,333,105000,102855,1446,0.372035223870961,333,339,105000,103141.592920354,8.2651510571314,TRUE,NA
"Beta centre-high",1,201123,384,800,105000,102855,1446,0.528281715058159,800,806,105000,104218.362282878,5.8044047743281,TRUE,NA
"Beta centre-high",1,201123,385,333,105000,102302,1405,0.369010988963028,333,306,105000,114264.705882353,8.45540865278229,TRUE,NA
"Beta centre-high",1,201123,385,800,105000,102302,1405,0.534588461153227,800,769,105000,109232.769830949,5.85560142630756,TRUE,NA
"Beta centre-high",1,201123,386,333,105000,104794,1390,0.379993233021192,333,385,105000,90818.1818181818,8.04911317459756,TRUE,NA
"Beta centre-high",1,201123,386,800,105000,104794,1390,0.536956614619407,800,872,105000,96330.2752293578,5.72294127190564,TRUE,NA
"Beta centre-high",1,201123,387,333,105000,107575,1429,0.362889956647649,333,326,105000,107254.601226994,8.33600885011652,TRUE,NA
"Beta centre-high",1,201123,387,800,105000,107575,1429,0.518004639806976,800,803,105000,104607.721046077,5.80839625180282,TRUE,NA
"Beta centre-high",1,201123,388,333,105000,107521,1371,0.377916617783758,333,357,105000,97941.1764705882,8.17468050783924,TRUE,NA
"Beta centre-high",1,201123,388,800,105000,107521,1371,0.532643958532609,800,815,105000,103067.484662577,5.79259057276887,TRUE,NA
"Beta centre-high",1,201123,389,333,105000,104851,1459,0.363800963314181,333,329,105000,106276.595744681,8.31921472866097,TRUE,NA
"Beta centre-high",1,201123,389,800,105000,104851,1459,0.521417790850297,800,786,105000,106870.229007634,5.83153609299099,TRUE,NA
"Beta centre-high",1,201123,390,333,105000,101943,1422,0.377410744299809,333,334,105000,104685.628742515,8.29182227763796,TRUE,NA
"Beta centre-high",1,201123,390,800,105000,101943,1422,0.528058528328327,800,762,105000,110236.220472441,5.86579291089248,TRUE,NA
"Beta centre-high",1,201123,391,333,105000,100931,1425,0.36564954187094,333,279,105000,125322.580645161,8.64039876569734,TRUE,NA
"Beta centre-high",1,201123,391,800,105000,100931,1425,0.526799188149771,800,742,105000,113207.547169811,5.89586769205442,TRUE,NA
"Beta centre-high",1,201123,392,333,105000,101053,1377,0.366053034215818,333,305,105000,114639.344262295,8.46174226559494,TRUE,NA
"Beta centre-high",1,201123,392,800,105000,101053,1377,0.5382308466164,800,777,105000,108108.108108108,5.84415774628277,TRUE,NA
"Beta centre-high",1,201123,393,333,105000,104964,1450,0.370958022123818,333,364,105000,96057.6923076923,8.14166594721139,TRUE,NA
"Beta centre-high",1,201123,393,800,105000,104964,1450,0.521202729382606,800,802,105000,104738.154613466,5.80973276696946,TRUE,NA
"Beta centre-high",1,201123,394,333,105000,101091,1467,0.362506731042591,333,298,105000,117332.214765101,8.50712900474184,TRUE,NA
"Beta centre-high",1,201123,394,800,105000,101091,1467,0.520331538627198,800,738,105000,113821.138211382,5.90205916564541,TRUE,NA
"Beta centre-high",1,201123,395,333,105000,101986,1336,0.373783872889858,333,372,105000,93991.935483871,8.1053018052113,TRUE,NA
"Beta centre-high",1,201123,395,800,105000,101986,1336,0.541385805043104,800,863,105000,97334.8783314021,5.73338053935609,TRUE,NA
"Beta centre-high",1,201123,396,333,105000,108043,1429,0.366495601781993,333,333,105000,105000,8.29724212937552,TRUE,NA
"Beta centre-high",1,201123,396,800,105000,108043,1429,0.526131559672278,800,810,105000,103703.703703704,5.79912458098373,TRUE,NA
"Beta centre-high",1,201123,397,333,105000,103582,1441,0.367354967324436,333,331,105000,105634.441087613,8.30816931014239,TRUE,NA
"Beta centre-high",1,201123,397,800,105000,103582,1441,0.531857683775683,800,782,105000,107416.879795396,5.83711321447428,TRUE,NA
"Beta centre-high",1,201123,398,333,105000,105362,1412,0.363558971102916,333,287,105000,121829.268292683,8.58238909036213,TRUE,NA
"Beta centre-high",1,201123,398,800,105000,105362,1412,0.51561880864075,800,768,105000,109375,5.8570470569014,TRUE,NA
"Beta centre-high",1,201123,399,333,105000,111745,1418,0.368164206477455,333,356,105000,98216.2921348315,8.17949170571763,TRUE,NA
"Beta centre-high",1,201123,399,800,105000,111745,1418,0.534209786347623,800,871,105000,96440.8725602755,5.72409146944733,TRUE,NA
"Beta centre-high",1,201123,400,333,105000,106922,1409,0.374113029651151,333,367,105000,95272.4795640327,8.12786277730646,TRUE,NA
"Beta centre-high",1,201123,400,800,105000,106922,1409,0.529897615253333,800,782,105000,107416.879795396,5.83711321447428,TRUE,NA
