"scenario","ratio_value","setting_seed","repetition","x_stop","n_target_total","n_marker_actual","n_target_band","x_end","x_count","n_count","c_true","c_hat","sigma_L","valid","invalid_reason"
"Beta centre-high",10,204123,1,333,1050000,106225,14143,0.18519830752603,333,40,1050000,874125,16.9945343249956,TRUE,NA
"Beta centre-high",10,204123,1,800,1050000,106225,14143,0.236889667500942,800,88,1050000,954545.454545455,11.6155297136974,TRUE,NA
"Beta centre-high",10,204123,2,333,1050000,99247,14342,0.176689937446854,333,30,1050000,1165500,19.2911256866153,TRUE,NA
"Beta centre-high",10,204123,2,800,1050000,99247,14342,0.231181448523987,800,64,1050000,1312500,13.3241947934359,TRUE,NA
"Beta centre-high",10,204123,3,333,1050000,108388,14257,0.184170723876657,333,41,1050000,852804.87804878,16.8141796097176,TRUE,NA
"Beta centre-high",10,204123,3,800,1050000,108388,14257,0.23540212747588,800,80,1050000,1050000,12.0947991671389,TRUE,NA
"Beta centre-high",10,204123,4,333,1050000,105058,14114,0.174238211555471,333,25,1050000,1398600,20.9478924219945,TRUE,NA
"Beta centre-high",10,204123,4,800,1050000,105058,14114,0.226908790508643,800,80,1050000,1050000,12.0947991671389,TRUE,NA
"Beta centre-high",10,204123,5,333,1050000,102239,14506,0.176714596767782,333,30,1050000,1165500,19.2911256866153,TRUE,NA
"Beta centre-high",10,204123,5,800,1050000,102239,14506,0.230699203047714,800,69,1050000,1217391.30434783,12.8923117835906,TRUE,NA
"Beta centre-high",10,204123,6,333,1050000,99767,14173,0.180994304097175,333,28,1050000,1248750,19.8986696556908,TRUE,NA
"Beta centre-high",10,204123,6,800,1050000,99767,14173,0.237285382408027,800,73,1050000,1150684.93150685,12.580559139533,TRUE,NA
"Beta centre-high",10,204123,7,333,1050000,108770,13987,0.183331601549682,333,32,1050000,1092656.25,18.7433774150619,TRUE,NA
"Beta centre-high",10,204123,7,800,1050000,108770,13987,0.233198407293208,800,77,1050000,1090909.09090909,12.2944823707041,TRUE,NA
"Beta centre-high",10,204123,8,333,1050000,108825,14297,0.181050238324909,333,42,1050000,832500,16.6405959934941,TRUE,NA
"Beta centre-high",10,204123,8,800,1050000,108825,14297,0.234933610202505,800,91,1050000,923076.923076923,11.4531339284728,TRUE,NA
"Beta centre-high",10,204123,9,333,1050000,107832,14173,0.182848192443729,333,31,1050000,1127903.22580645,19.0103877415676,TRUE,NA
"Beta centre-high",10,204123,9,800,1050000,107832,14173,0.231749370866405,800,65,1050000,1292307.69230769,13.2336812996074,TRUE,NA
"Beta centre-high",10,204123,10,333,1050000,104572,14246,0.185392580924494,333,49,1050000,713571.428571429,15.5851156420642,TRUE,NA
"Beta centre-high",10,204123,10,800,1050000,104572,14246,0.240424007036721,800,95,1050000,884210.526315789,11.249325525922,TRUE,NA
"Beta centre-high",10,204123,11,333,1050000,107137,14191,0.178945567448812,333,26,1050000,1344807.69230769,20.5774046356395,TRUE,NA
"Beta centre-high",10,204123,11,800,1050000,107137,14191,0.231402135461935,800,78,1050000,1076923.07692308,12.226581496827,TRUE,NA
"Beta centre-high",10,204123,12,333,1050000,100139,14094,0.185842689065708,333,28,1050000,1248750,19.8986696556908,TRUE,NA
"Beta centre-high",10,204123,12,800,1050000,100139,14094,0.235592577941206,800,69,1050000,1217391.30434783,12.8923117835906,TRUE,NA
"Beta centre-high",10,204123,13,333,1050000,104003,14106,0.176431832344918,333,26,1050000,1344807.69230769,20.5774046356395,TRUE,NA
"Beta centre-high",10,204123,13,800,1050000,104003,14106,0.231742378470911,800,73,1050000,1150684.93150685,12.580559139533,TRUE,NA
"Beta centre-high",10,204123,14,333,1050000,106968,14223,0.181184302503738,333,41,1050000,852804.87804878,16.8141796097176,TRUE,NA
"Beta centre-high",10,204123,14,800,1050000,106968,14223,0.231789758614001,800,90,1050000,933333.333333333,11.5063147012645,TRUE,NA
"Beta centre-high",10,204123,15,333,1050000,105855,14163,0.182514258102035,333,32,1050000,1092656.25,18.7433774150619,TRUE,NA
"Beta centre-high",10,204123,15,800,1050000,105855,14163,0.232433367045701,800,74,1050000,1135135.13513514,12.5067702476922,TRUE,NA
"Beta centre-high",10,204123,16,333,1050000,104950,14080,0.184134654784538,333,43,1050000,813139.534883721,16.4733826659353,TRUE,NA
"Beta centre-high",10,204123,16,800,1050000,104950,14080,0.233243558048828,800,82,1050000,1024390.24390244,11.9680986963519,TRUE,NA
"Beta centre-high",10,204123,17,333,1050000,102525,14228,0.181181213013322,333,29,1050000,1205689.65517241,19.5867757206323,TRUE,NA
"Beta centre-high",10,204123,17,800,1050000,102525,14228,0.234191033979447,800,66,1050000,1272727.27272727,13.1453154548902,TRUE,NA
"Beta centre-high",10,204123,18,333,1050000,99709,14358,0.177853400807463,333,37,1050000,945000,17.5807982524607,TRUE,NA
"Beta centre-high",10,204123,18,800,1050000,99709,14358,0.231156246458208,800,80,1050000,1050000,12.0947991671389,TRUE,NA
"Beta centre-high",10,204123,19,333,1050000,101462,14433,0.18164670007026,333,24,1050000,1456875,21.341997647599,TRUE,NA
"Beta centre-high",10,204123,19,800,1050000,101462,14433,0.231933635300374,800,62,1050000,1354838.70967742,13.5120127839663,TRUE,NA
"Beta centre-high",10,204123,20,333,1050000,108186,14104,0.180166839142164,333,25,1050000,1398600,20.9478924219945,TRUE,NA
"Beta centre-high",10,204123,20,800,1050000,108186,14104,0.235328657456309,800,78,1050000,1076923.07692308,12.226581496827,TRUE,NA
"Beta centre-high",10,204123,21,333,1050000,99879,14407,0.182911748793773,333,31,1050000,1127903.22580645,19.0103877415676,TRUE,NA
"Beta centre-high",10,204123,21,800,1050000,99879,14407,0.23668657423128,800,71,1050000,1183098.5915493,12.7329979704687,TRUE,NA
"Beta centre-high",10,204123,22,333,1050000,109060,14122,0.17814718905455,333,28,1050000,1248750,19.8986696556908,TRUE,NA
"Beta centre-high",10,204123,22,800,1050000,109060,14122,0.232294566853894,800,79,1050000,1063291.13924051,12.1600347604124,TRUE,NA
"Beta centre-high",10,204123,23,333,1050000,107147,14224,0.179604543366375,333,33,1050000,1059545.45454545,18.489037291156,TRUE,NA
"Beta centre-high",10,204123,23,800,1050000,107147,14224,0.232836753862201,800,92,1050000,913043.47826087,11.4008692242012,TRUE,NA
"Beta centre-high",10,204123,24,333,1050000,103324,14444,0.177754857326558,333,31,1050000,1127903.22580645,19.0103877415676,TRUE,NA
"Beta centre-high",10,204123,24,800,1050000,103324,14444,0.233377265825302,800,86,1050000,976744.186046512,11.7287355098862,TRUE,NA
"Beta centre-high",10,204123,25,333,1050000,105768,14244,0.179293845928935,333,24,1050000,1456875,21.341997647599,TRUE,NA
"Beta centre-high",10,204123,25,800,1050000,105768,14244,0.233772936154411,800,74,1050000,1135135.13513514,12.5067702476922,TRUE,NA
"Beta centre-high",10,204123,26,333,1050000,105787,14143,0.179691802505229,333,41,1050000,852804.87804878,16.8141796097176,TRUE,NA
"Beta centre-high",10,204123,26,800,1050000,105787,14143,0.23259348991331,800,86,1050000,976744.186046512,11.7287355098862,TRUE,NA
"Beta centre-high",10,204123,27,333,1050000,104429,14258,0.183719255941124,333,27,1050000,1295000,20.2283110341379,TRUE,NA
"Beta centre-high",10,204123,27,800,1050000,104429,14258,0.235284865539208,800,63,1050000,1333333.33333333,13.4169417388458,TRUE,NA
"Beta centre-high",10,204123,28,333,1050000,101817,14173,0.181676362983987,333,32,1050000,1092656.25,18.7433774150619,TRUE,NA
"Beta centre-high",10,204123,28,800,1050000,101817,14173,0.236021190249668,800,82,1050000,1024390.24390244,11.9680986963519,TRUE,NA
"Beta centre-high",10,204123,29,333,1050000,108281,14221,0.182617865905071,333,32,1050000,1092656.25,18.7433774150619,TRUE,NA
"Beta centre-high",10,204123,29,800,1050000,108281,14221,0.236702586154596,800,83,1050000,1012048.19277108,11.9065567904524,TRUE,NA
"Beta centre-high",10,204123,30,333,1050000,98752,14286,0.183272732895535,333,34,1050000,1028382.35294118,18.2464200319481,TRUE,NA
"Beta centre-high",10,204123,30,800,1050000,98752,14286,0.236062395124818,800,82,1050000,1024390.24390244,11.9680986963519,TRUE,NA
"Beta centre-high",10,204123,31,333,1050000,107209,14080,0.179082100664534,333,26,1050000,1344807.69230769,20.5774046356395,TRUE,NA
"Beta centre-high",10,204123,31,800,1050000,107209,14080,0.234271066703247,800,73,1050000,1150684.93150685,12.580559139533,TRUE,NA
"Beta centre-high",10,204123,32,333,1050000,101991,14200,0.179322570821104,333,46,1050000,760108.695652174,16.0064206264636,TRUE,NA
"Beta centre-high",10,204123,32,800,1050000,101991,14200,0.232883831421603,800,83,1050000,1012048.19277108,11.9065567904524,TRUE,NA
"Beta centre-high",10,204123,33,333,1050000,105708,14119,0.185852326304733,333,27,1050000,1295000,20.2283110341379,TRUE,NA
"Beta centre-high",10,204123,33,800,1050000,105708,14119,0.236711534560238,800,64,1050000,1312500,13.3241947934359,TRUE,NA
"Beta centre-high",10,204123,34,333,1050000,101648,14409,0.178611080152188,333,32,1050000,1092656.25,18.7433774150619,TRUE,NA
"Beta centre-high",10,204123,34,800,1050000,101648,14409,0.231169587054768,800,73,1050000,1150684.93150685,12.580559139533,TRUE,NA
"Beta centre-high",10,204123,35,333,1050000,104701,14269,0.179080139117874,333,36,1050000,971250,17.793031633233,TRUE,NA
"Beta centre-high",10,204123,35,800,1050000,104701,14269,0.233829660775852,800,76,1050000,1105263.15789474,12.3637823606631,TRUE,NA
"Beta centre-high",10,204123,36,333,1050000,103311,14134,0.182348995075298,333,26,1050000,1344807.69230769,20.5774046356395,TRUE,NA
"Beta centre-high",10,204123,36,800,1050000,103311,14134,0.23635806515435,800,76,1050000,1105263.15789474,12.3637823606631,TRUE,NA
"Beta centre-high",10,204123,37,333,1050000,111582,14339,0.182128678257336,333,35,1050000,999000,18.0146740919102,TRUE,NA
"Beta centre-high",10,204123,37,800,1050000,111582,14339,0.23432321287327,800,69,1050000,1217391.30434783,12.8923117835906,TRUE,NA
"Beta centre-high",10,204123,38,333,1050000,105798,14256,0.177285775717757,333,34,1050000,1028382.35294118,18.2464200319481,TRUE,NA
"Beta centre-high",10,204123,38,800,1050000,105798,14256,0.23470850005395,800,93,1050000,903225.806451613,11.3494955224386,TRUE,NA
"Beta centre-high",10,204123,39,333,1050000,104944,14223,0.181685778990035,333,28,1050000,1248750,19.8986696556908,TRUE,NA
"Beta centre-high",10,204123,39,800,1050000,104944,14223,0.233360171165492,800,83,1050000,1012048.19277108,11.9065567904524,TRUE,NA
"Beta centre-high",10,204123,40,333,1050000,105532,14353,0.18493614587557,333,33,1050000,1059545.45454545,18.489037291156,TRUE,NA
"Beta centre-high",10,204123,40,800,1050000,105532,14353,0.235936316194059,800,80,1050000,1050000,12.0947991671389,TRUE,NA
"Beta centre-high",10,204123,41,333,1050000,102931,13985,0.180867692608607,333,27,1050000,1295000,20.2283110341379,TRUE,NA
"Beta centre-high",10,204123,41,800,1050000,102931,13985,0.233141207779982,800,64,1050000,1312500,13.3241947934359,TRUE,NA
"Beta centre-high",10,204123,42,333,1050000,109087,14090,0.182782024252991,333,43,1050000,813139.534883721,16.4733826659353,TRUE,NA
"Beta centre-high",10,204123,42,800,1050000,109087,14090,0.235183261587959,800,94,1050000,893617.021276596,11.2989886988539,TRUE,NA
"Beta centre-high",10,204123,43,333,1050000,107654,14081,0.184898574559155,333,40,1050000,874125,16.9945343249956,TRUE,NA
"Beta centre-high",10,204123,43,800,1050000,107654,14081,0.235702764664609,800,93,1050000,903225.806451613,11.3494955224386,TRUE,NA
"Beta centre-high",10,204123,44,333,1050000,107673,14188,0.186610883004467,333,34,1050000,1028382.35294118,18.2464200319481,TRUE,NA
"Beta centre-high",10,204123,44,800,1050000,107673,14188,0.236778757315394,800,87,1050000,965517.24137931,11.671619237666,TRUE,NA
"Beta centre-high",10,204123,45,333,1050000,104607,14199,0.18273522916342,333,35,1050000,999000,18.0146740919102,TRUE,NA
"Beta centre-high",10,204123,45,800,1050000,104607,14199,0.233913645945666,800,77,1050000,1090909.09090909,12.2944823707041,TRUE,NA
"Beta centre-high",10,204123,46,333,1050000,105905,14267,0.183631228007438,333,32,1050000,1092656.25,18.7433774150619,TRUE,NA
"Beta centre-high",10,204123,46,800,1050000,105905,14267,0.232299687963493,800,84,1050000,1e+06,11.8461717842113,TRUE,NA
"Beta centre-high",10,204123,47,333,1050000,101594,14144,0.181850167389635,333,30,1050000,1165500,19.2911256866153,TRUE,NA
"Beta centre-high",10,204123,47,800,1050000,101594,14144,0.233618610514965,800,73,1050000,1150684.93150685,12.580559139533,TRUE,NA
"Beta centre-high",10,204123,48,333,1050000,104168,14087,0.187463685566497,333,41,1050000,852804.87804878,16.8141796097176,TRUE,NA
"Beta centre-high",10,204123,48,800,1050000,104168,14087,0.240166472069855,800,100,1050000,840000,11.0129091022047,TRUE,NA
"Beta centre-high",10,204123,49,333,1050000,109777,14144,0.181806106524423,333,24,1050000,1456875,21.341997647599,TRUE,NA
"Beta centre-high",10,204123,49,800,1050000,109777,14144,0.230722337770759,800,63,1050000,1333333.33333333,13.4169417388458,TRUE,NA
"Beta centre-high",10,204123,50,333,1050000,106182,14291,0.175548540842651,333,28,1050000,1248750,19.8986696556908,TRUE,NA
"Beta centre-high",10,204123,50,800,1050000,106182,14291,0.231566025551097,800,75,1050000,1120000,12.4345285486325,TRUE,NA
"Beta centre-high",10,204123,51,333,1050000,101809,14361,0.17545255048742,333,30,1050000,1165500,19.2911256866153,TRUE,NA
"Beta centre-high",10,204123,51,800,1050000,101809,14361,0.226235981888058,800,66,1050000,1272727.27272727,13.1453154548902,TRUE,NA
"Beta centre-high",10,204123,52,333,1050000,107981,14169,0.179837220490748,333,32,1050000,1092656.25,18.7433774150619,TRUE,NA
"Beta centre-high",10,204123,52,800,1050000,107981,14169,0.232356225540982,800,89,1050000,943820.224719101,11.5604375979122,TRUE,NA
"Beta centre-high",10,204123,53,333,1050000,104163,14244,0.186515071353826,333,33,1050000,1059545.45454545,18.489037291156,TRUE,NA
"Beta centre-high",10,204123,53,800,1050000,104163,14244,0.235962955807582,800,92,1050000,913043.47826087,11.4008692242012,TRUE,NA
"Beta centre-high",10,204123,54,333,1050000,105641,13917,0.184870608292113,333,34,1050000,1028382.35294118,18.2464200319481,TRUE,NA
"Beta centre-high",10,204123,54,800,1050000,105641,13917,0.239740235794901,800,96,1050000,875000,11.2004836306336,TRUE,NA
"Beta centre-high",10,204123,55,333,1050000,107297,14387,0.18079962099665,333,33,1050000,1059545.45454545,18.489037291156,TRUE,NA
"Beta centre-high",10,204123,55,800,1050000,107297,14387,0.232003631627264,800,74,1050000,1135135.13513514,12.5067702476922,TRUE,NA
"Beta centre-high",10,204123,56,333,1050000,102456,14238,0.177498263241492,333,24,1050000,1456875,21.341997647599,TRUE,NA
"Beta centre-high",10,204123,56,800,1050000,102456,14238,0.227965660109968,800,66,1050000,1272727.27272727,13.1453154548902,TRUE,NA
"Beta centre-high",10,204123,57,333,1050000,112031,14464,0.181818068649129,333,38,1050000,920131.578947368,17.3773442061869,TRUE,NA
"Beta centre-high",10,204123,57,800,1050000,112031,14464,0.234983990552168,800,95,1050000,884210.526315789,11.249325525922,TRUE,NA
"Beta centre-high",10,204123,58,333,1050000,103301,14020,0.186080187601416,333,32,1050000,1092656.25,18.7433774150619,TRUE,NA
"Beta centre-high",10,204123,58,800,1050000,103301,14020,0.241484988888796,800,93,1050000,903225.806451613,11.3494955224386,TRUE,NA
"Beta centre-high",10,204123,59,333,1050000,104223,14201,0.182708686426406,333,31,1050000,1127903.22580645,19.0103877415676,TRUE,NA
"Beta centre-high",10,204123,59,800,1050000,104223,14201,0.236939541066266,800,77,1050000,1090909.09090909,12.2944823707041,TRUE,NA
"Beta centre-high",10,204123,60,333,1050000,104365,14403,0.181204428139109,333,40,1050000,874125,16.9945343249956,TRUE,NA
"Beta centre-high",10,204123,60,800,1050000,104365,14403,0.23623849210331,800,88,1050000,954545.454545455,11.6155297136974,TRUE,NA
"Beta centre-high",10,204123,61,333,1050000,105277,14167,0.179315397799726,333,24,1050000,1456875,21.341997647599,TRUE,NA
"Beta centre-high",10,204123,61,800,1050000,105277,14167,0.235907938005289,800,77,1050000,1090909.09090909,12.2944823707041,TRUE,NA
"Beta centre-high",10,204123,62,333,1050000,100775,14263,0.183221083343295,333,31,1050000,1127903.22580645,19.0103877415676,TRUE,NA
"Beta centre-high",10,204123,62,800,1050000,100775,14263,0.236211562862305,800,69,1050000,1217391.30434783,12.8923117835906,TRUE,NA
"Beta centre-high",10,204123,63,333,1050000,101884,14237,0.178866220784307,333,38,1050000,920131.578947368,17.3773442061869,TRUE,NA
"Beta centre-high",10,204123,63,800,1050000,101884,14237,0.230327298319551,800,82,1050000,1024390.24390244,11.9680986963519,TRUE,NA
"Beta centre-high",10,204123,64,333,1050000,103348,14276,0.179009058653776,333,39,1050000,896538.461538462,17.1820968840741,TRUE,NA
"Beta centre-high",10,204123,64,800,1050000,103348,14276,0.236132963749731,800,85,1050000,988235.294117647,11.7869090824081,TRUE,NA
"Beta centre-high",10,204123,65,333,1050000,109116,14037,0.182260487494193,333,38,1050000,920131.578947368,17.3773442061869,TRUE,NA
"Beta centre-high",10,204123,65,800,1050000,109116,14037,0.233051636614289,800,80,1050000,1050000,12.0947991671389,TRUE,NA
"Beta centre-high",10,204123,66,333,1050000,104748,14218,0.180505171738973,333,39,1050000,896538.461538462,17.1820968840741,TRUE,NA
"Beta centre-high",10,204123,66,800,1050000,104748,14218,0.232450368784861,800,91,1050000,923076.923076923,11.4531339284728,TRUE,NA
"Beta centre-high",10,204123,67,333,1050000,103550,14369,0.179184068944163,333,39,1050000,896538.461538462,17.1820968840741,TRUE,NA
"Beta centre-high",10,204123,67,800,1050000,103550,14369,0.229843872530062,800,85,1050000,988235.294117647,11.7869090824081,TRUE,NA
"Beta centre-high",10,204123,68,333,1050000,104006,14284,0.181077938984616,333,30,1050000,1165500,19.2911256866153,TRUE,NA
"Beta centre-high",10,204123,68,800,1050000,104006,14284,0.232330753910505,800,72,1050000,1166666.66666667,12.6559494223987,TRUE,NA
"Beta centre-high",10,204123,69,333,1050000,106593,14365,0.179381451339201,333,45,1050000,777000,16.1566215263488,TRUE,NA
"Beta centre-high",10,204123,69,800,1050000,106593,14365,0.230658635702125,800,91,1050000,923076.923076923,11.4531339284728,TRUE,NA
"Beta centre-high",10,204123,70,333,1050000,106350,14191,0.180985453310909,333,37,1050000,945000,17.5807982524607,TRUE,NA
"Beta centre-high",10,204123,70,800,1050000,106350,14191,0.236622809565194,800,86,1050000,976744.186046512,11.7287355098862,TRUE,NA
"Beta centre-high",10,204123,71,333,1050000,104034,14428,0.183599724148149,333,27,1050000,1295000,20.2283110341379,TRUE,NA
"Beta centre-high",10,204123,71,800,1050000,104034,14428,0.233724121147663,800,61,1050000,1377049.18032787,13.6095037794525,TRUE,NA
"Beta centre-high",10,204123,72,333,1050000,99242,13998,0.183822663541039,333,35,1050000,999000,18.0146740919102,TRUE,NA
"Beta centre-high",10,204123,72,800,1050000,99242,13998,0.238435767494852,800,79,1050000,1063291.13924051,12.1600347604124,TRUE,NA
"Beta centre-high",10,204123,73,333,1050000,101264,14251,0.182592999003653,333,40,1050000,874125,16.9945343249956,TRUE,NA
"Beta centre-high",10,204123,73,800,1050000,101264,14251,0.234603067202811,800,84,1050000,1e+06,11.8461717842113,TRUE,NA
"Beta centre-high",10,204123,74,333,1050000,104146,14166,0.175715996758689,333,41,1050000,852804.87804878,16.8141796097176,TRUE,NA
"Beta centre-high",10,204123,74,800,1050000,104146,14166,0.23153091847524,800,77,1050000,1090909.09090909,12.2944823707041,TRUE,NA
"Beta centre-high",10,204123,75,333,1050000,102581,14259,0.180386934171278,333,34,1050000,1028382.35294118,18.2464200319481,TRUE,NA
"Beta centre-high",10,204123,75,800,1050000,102581,14259,0.235356554844106,800,77,1050000,1090909.09090909,12.2944823707041,TRUE,NA
"Beta centre-high",10,204123,76,333,1050000,106079,14088,0.176383410102759,333,31,1050000,1127903.22580645,19.0103877415676,TRUE,NA
"Beta centre-high",10,204123,76,800,1050000,106079,14088,0.231151165065076,800,82,1050000,1024390.24390244,11.9680986963519,TRUE,NA
"Beta centre-high",10,204123,77,333,1050000,102704,13930,0.186026853248776,333,38,1050000,920131.578947368,17.3773442061869,TRUE,NA
"Beta centre-high",10,204123,77,800,1050000,102704,13930,0.238368764689309,800,84,1050000,1e+06,11.8461717842113,TRUE,NA
"Beta centre-high",10,204123,78,333,1050000,107225,14217,0.180580587227135,333,41,1050000,852804.87804878,16.8141796097176,TRUE,NA
"Beta centre-high",10,204123,78,800,1050000,107225,14217,0.235965616595085,800,85,1050000,988235.294117647,11.7869090824081,TRUE,NA
"Beta centre-high",10,204123,79,333,1050000,103599,14090,0.182228603033758,333,38,1050000,920131.578947368,17.3773442061869,TRUE,NA
"Beta centre-high",10,204123,79,800,1050000,103599,14090,0.235755109875757,800,82,1050000,1024390.24390244,11.9680986963519,TRUE,NA
"Beta centre-high",10,204123,80,333,1050000,102771,14218,0.181880123092178,333,22,1050000,1589318.18181818,22.211700778394,TRUE,NA
"Beta centre-high",10,204123,80,800,1050000,102771,14218,0.231997406796593,800,59,1050000,1423728.81355932,13.812157409947,TRUE,NA
"Beta centre-high",10,204123,81,333,1050000,109806,14010,0.177528162038036,333,33,1050000,1059545.45454545,18.489037291156,TRUE,NA
"Beta centre-high",10,204123,81,800,1050000,109806,14010,0.229470129939262,800,78,1050000,1076923.07692308,12.226581496827,TRUE,NA
"Beta centre-high",10,204123,82,333,1050000,103696,14097,0.181521931092803,333,30,1050000,1165500,19.2911256866153,TRUE,NA
"Beta centre-high",10,204123,82,800,1050000,103696,14097,0.23328477898107,800,79,1050000,1063291.13924051,12.1600347604124,TRUE,NA
"Beta centre-high",10,204123,83,333,1050000,104766,14355,0.179804191089919,333,33,1050000,1059545.45454545,18.489037291156,TRUE,NA
"Beta centre-high",10,204123,83,800,1050000,104766,14355,0.234123983156863,800,92,1050000,913043.47826087,11.4008692242012,TRUE,NA
"Beta centre-high",10,204123,84,333,1050000,105355,14237,0.179856863410677,333,28,1050000,1248750,19.8986696556908,TRUE,NA
"Beta centre-high",10,204123,84,800,1050000,105355,14237,0.23281547832812,800,72,1050000,1166666.66666667,12.6559494223987,TRUE,NA
"Beta centre-high",10,204123,85,333,1050000,103693,14130,0.180254135167566,333,28,1050000,1248750,19.8986696556908,TRUE,NA
"Beta centre-high",10,204123,85,800,1050000,103693,14130,0.233374977180318,800,74,1050000,1135135.13513514,12.5067702476922,TRUE,NA
"Beta centre-high",10,204123,86,333,1050000,100454,14298,0.180671222450121,333,30,1050000,1165500,19.2911256866153,TRUE,NA
"Beta centre-high",10,204123,86,800,1050000,100454,14298,0.233674942692123,800,78,1050000,1076923.07692308,12.226581496827,TRUE,NA
"Beta centre-high",10,204123,87,333,1050000,105232,14267,0.179937711596022,333,30,1050000,1165500,19.2911256866153,TRUE,NA
"Beta centre-high",10,204123,87,800,1050000,105232,14267,0.234390948060197,800,99,1050000,848484.848484849,11.0586738763527,TRUE,NA
"Beta centre-high",10,204123,88,333,1050000,101813,14322,0.182045259819627,333,37,1050000,945000,17.5807982524607,TRUE,NA
"Beta centre-high",10,204123,88,800,1050000,101813,14322,0.234239649907389,800,82,1050000,1024390.24390244,11.9680986963519,TRUE,NA
"Beta centre-high",10,204123,89,333,1050000,105579,14079,0.184434751047765,333,48,1050000,728437.5,15.7209265075818,TRUE,NA
"Beta centre-high",10,204123,89,800,1050000,105579,14079,0.236600191230533,800,96,1050000,875000,11.2004836306336,TRUE,NA
"Beta centre-high",10,204123,90,333,1050000,108077,14193,0.179198493919065,333,24,1050000,1456875,21.341997647599,TRUE,NA
"Beta centre-high",10,204123,90,800,1050000,108077,14193,0.23320347506163,800,83,1050000,1012048.19277108,11.9065567904524,TRUE,NA
"Beta centre-high",10,204123,91,333,1050000,108415,14100,0.188340109957021,333,35,1050000,999000,18.0146740919102,TRUE,NA
"Beta centre-high",10,204123,91,800,1050000,108415,14100,0.239651072695424,800,95,1050000,884210.526315789,11.249325525922,TRUE,NA
"Beta centre-high",10,204123,92,333,1050000,97482,14158,0.1804438567582,333,38,1050000,920131.578947368,17.3773442061869,TRUE,NA
"Beta centre-high",10,204123,92,800,1050000,97482,14158,0.23357937066084,800,85,1050000,988235.294117647,11.7869090824081,TRUE,NA
"Beta centre-high",10,204123,93,333,1050000,105589,14374,0.184191975571847,333,22,1050000,1589318.18181818,22.211700778394,TRUE,NA
"Beta centre-high",10,204123,93,800,1050000,105589,14374,0.234394376083866,800,70,1050000,1200000,12.8117645057411,TRUE,NA
"Beta centre-high",10,204123,94,333,1050000,100348,14157,0.180388242240278,333,34,1050000,1028382.35294118,18.2464200319481,TRUE,NA
"Beta centre-high",10,204123,94,800,1050000,100348,14157,0.23353775787675,800,86,1050000,976744.186046512,11.7287355098862,TRUE,NA
"Beta centre-high",10,204123,95,333,1050000,105628,14048,0.176013164240597,333,31,1050000,1127903.22580645,19.0103877415676,TRUE,NA
"Beta centre-high",10,204123,95,800,1050000,105628,14048,0.231064271823164,800,84,1050000,1e+06,11.8461717842113,TRUE,NA
"Beta centre-high",10,204123,96,333,1050000,105454,14115,0.182309872144962,333,34,1050000,1028382.35294118,18.2464200319481,TRUE,NA
"Beta centre-high",10,204123,96,800,1050000,105454,14115,0.229408939366382,800,67,1050000,1253731.34328358,13.0590159750537,TRUE,NA
"Beta centre-high",10,204123,97,333,1050000,104543,14225,0.18274970238381,333,26,1050000,1344807.69230769,20.5774046356395,TRUE,NA
"Beta centre-high",10,204123,97,800,1050000,104543,14225,0.23688086234874,800,72,1050000,1166666.66666667,12.6559494223987,TRUE,NA
"Beta centre-high",10,204123,98,333,1050000,104017,14167,0.181631253004467,333,34,1050000,1028382.35294118,18.2464200319481,TRUE,NA
"Beta centre-high",10,204123,98,800,1050000,104017,14167,0.23430970255479,800,80,1050000,1050000,12.0947991671389,TRUE,NA
"Beta centre-high",10,204123,99,333,1050000,106933,14155,0.178332132103487,333,19,1050000,1840263.15789474,23.7724627751762,TRUE,NA
"Beta centre-high",10,204123,99,800,1050000,106933,14155,0.235996396993211,800,67,1050000,1253731.34328358,13.0590159750537,TRUE,NA
"Beta centre-high",10,204123,100,333,1050000,103751,14041,0.182538724562232,333,38,1050000,920131.578947368,17.3773442061869,TRUE,NA
"Beta centre-high",10,204123,100,800,1050000,103751,14041,0.233529090335106,800,80,1050000,1050000,12.0947991671389,TRUE,NA
"Beta centre-high",10,204123,101,333,1050000,104663,14404,0.183626409646792,333,28,1050000,1248750,19.8986696556908,TRUE,NA
"Beta centre-high",10,204123,101,800,1050000,104663,14404,0.231389147180045,800,57,1050000,1473684.21052632,14.0257892250187,TRUE,NA
"Beta centre-high",10,204123,102,333,1050000,102974,14411,0.179569552942758,333,22,1050000,1589318.18181818,22.211700778394,TRUE,NA
"Beta centre-high",10,204123,102,800,1050000,102974,14411,0.23533036449047,800,77,1050000,1090909.09090909,12.2944823707041,TRUE,NA
"Beta centre-high",10,204123,103,333,1050000,98455,14219,0.180545059158745,333,27,1050000,1295000,20.2283110341379,TRUE,NA
"Beta centre-high",10,204123,103,800,1050000,98455,14219,0.232525530040156,800,63,1050000,1333333.33333333,13.4169417388458,TRUE,NA
"Beta centre-high",10,204123,104,333,1050000,103369,14454,0.181612632263099,333,30,1050000,1165500,19.2911256866153,TRUE,NA
"Beta centre-high",10,204123,104,800,1050000,103369,14454,0.23409364911505,800,76,1050000,1105263.15789474,12.3637823606631,TRUE,NA
"Beta centre-high",10,204123,105,333,1050000,106584,14140,0.180694702736348,333,36,1050000,971250,17.793031633233,TRUE,NA
"Beta centre-high",10,204123,105,800,1050000,106584,14140,0.234098824904186,800,84,1050000,1e+06,11.8461717842113,TRUE,NA
"Beta centre-high",10,204123,106,333,1050000,103398,14273,0.17761879080961,333,32,1050000,1092656.25,18.7433774150619,TRUE,NA
"Beta centre-high",10,204123,106,800,1050000,103398,14273,0.232188270461466,800,61,1050000,1377049.18032787,13.6095037794525,TRUE,NA
"Beta centre-high",10,204123,107,333,1050000,107130,14377,0.182835186974316,333,31,1050000,1127903.22580645,19.0103877415676,TRUE,NA
"Beta centre-high",10,204123,107,800,1050000,107130,14377,0.232613078304643,800,70,1050000,1200000,12.8117645057411,TRUE,NA
"Beta centre-high",10,204123,108,333,1050000,101115,14064,0.178822112889077,333,31,1050000,1127903.22580645,19.0103877415676,TRUE,NA
"Beta centre-high",10,204123,108,800,1050000,101115,14064,0.229869452746825,800,93,1050000,903225.806451613,11.3494955224386,TRUE,NA
"Beta centre-high",10,204123,109,333,1050000,107791,13991,0.181502283018617,333,39,1050000,896538.461538462,17.1820968840741,TRUE,NA
"Beta centre-high",10,204123,109,800,1050000,107791,13991,0.237064180694732,800,81,1050000,1037037.03703704,12.030833596093,TRUE,NA
"Beta centre-high",10,204123,110,333,1050000,107947,14052,0.186215020590125,333,54,1050000,647500,14.96660890478,TRUE,NA
"Beta centre-high",10,204123,110,800,1050000,107947,14052,0.237761452844394,800,106,1050000,792452.830188679,10.7528502981737,TRUE,NA
"Beta centre-high",10,204123,111,333,1050000,103227,14124,0.17846280675348,333,33,1050000,1059545.45454545,18.489037291156,TRUE,NA
"Beta centre-high",10,204123,111,800,1050000,103227,14124,0.233552818324081,800,86,1050000,976744.186046512,11.7287355098862,TRUE,NA
"Beta centre-high",10,204123,112,333,1050000,105741,14165,0.178202022510694,333,30,1050000,1165500,19.2911256866153,TRUE,NA
"Beta centre-high",10,204123,112,800,1050000,105741,14165,0.229826908667965,800,79,1050000,1063291.13924051,12.1600347604124,TRUE,NA
"Beta centre-high",10,204123,113,333,1050000,105916,14288,0.181901814335011,333,47,1050000,743936.170212766,15.8612784595146,TRUE,NA
"Beta centre-high",10,204123,113,800,1050000,105916,14288,0.236486723930062,800,91,1050000,923076.923076923,11.4531339284728,TRUE,NA
"Beta centre-high",10,204123,114,333,1050000,102220,14325,0.182398860791787,333,36,1050000,971250,17.793031633233,TRUE,NA
"Beta centre-high",10,204123,114,800,1050000,102220,14325,0.234554616359129,800,81,1050000,1037037.03703704,12.030833596093,TRUE,NA
"Beta centre-high",10,204123,115,333,1050000,99522,14072,0.177901137385773,333,21,1050000,1665000,22.6937143965885,TRUE,NA
"Beta centre-high",10,204123,115,800,1050000,99522,14072,0.232758953624135,800,68,1050000,1235294.11764706,12.9747057933055,TRUE,NA
"Beta centre-high",10,204123,116,333,1050000,108382,14180,0.180031601141386,333,32,1050000,1092656.25,18.7433774150619,TRUE,NA
"Beta centre-high",10,204123,116,800,1050000,108382,14180,0.230466113196807,800,68,1050000,1235294.11764706,12.9747057933055,TRUE,NA
"Beta centre-high",10,204123,117,333,1050000,102995,14262,0.180803933679196,333,44,1050000,794659.090909091,16.312171044842,TRUE,NA
"Beta centre-high",10,204123,117,800,1050000,102995,14262,0.233409526599184,800,102,1050000,823529.411764706,10.923524274688,TRUE,NA
"Beta centre-high",10,204123,118,333,1050000,107549,14093,0.182353678233458,333,28,1050000,1248750,19.8986696556908,TRUE,NA
"Beta centre-high",10,204123,118,800,1050000,107549,14093,0.234013637240963,800,76,1050000,1105263.15789474,12.3637823606631,TRUE,NA
"Beta centre-high",10,204123,119,333,1050000,107137,14017,0.179603136312221,333,31,1050000,1127903.22580645,19.0103877415676,TRUE,NA
"Beta centre-high",10,204123,119,800,1050000,107137,14017,0.234670860362685,800,75,1050000,1120000,12.4345285486325,TRUE,NA
"Beta centre-high",10,204123,120,333,1050000,105445,14075,0.179771821816907,333,38,1050000,920131.578947368,17.3773442061869,TRUE,NA
"Beta centre-high",10,204123,120,800,1050000,105445,14075,0.232193221454911,800,98,1050000,857142.857142857,11.1051782164878,TRUE,NA
"Beta centre-high",10,204123,121,333,1050000,103926,14149,0.180963822264982,333,30,1050000,1165500,19.2911256866153,TRUE,NA
"Beta centre-high",10,204123,121,800,1050000,103926,14149,0.234612382043594,800,80,1050000,1050000,12.0947991671389,TRUE,NA
"Beta centre-high",10,204123,122,333,1050000,104212,14261,0.178980355628213,333,37,1050000,945000,17.5807982524607,TRUE,NA
"Beta centre-high",10,204123,122,800,1050000,104212,14261,0.231732151896373,800,79,1050000,1063291.13924051,12.1600347604124,TRUE,NA
"Beta centre-high",10,204123,123,333,1050000,105562,14440,0.180780877136861,333,41,1050000,852804.87804878,16.8141796097176,TRUE,NA
"Beta centre-high",10,204123,123,800,1050000,105562,14440,0.230010160185212,800,86,1050000,976744.186046512,11.7287355098862,TRUE,NA
"Beta centre-high",10,204123,124,333,1050000,104207,14298,0.17752943645464,333,39,1050000,896538.461538462,17.1820968840741,TRUE,NA
"Beta centre-high",10,204123,124,800,1050000,104207,14298,0.230120532490187,800,85,1050000,988235.294117647,11.7869090824081,TRUE,NA
"Beta centre-high",10,204123,125,333,1050000,107547,14307,0.186826490042319,333,41,1050000,852804.87804878,16.8141796097176,TRUE,NA
"Beta centre-high",10,204123,125,800,1050000,107547,14307,0.238907359923632,800,91,1050000,923076.923076923,11.4531339284728,TRUE,NA
"Beta centre-high",10,204123,126,333,1050000,105175,14222,0.180376128899263,333,32,1050000,1092656.25,18.7433774150619,TRUE,NA
"Beta centre-high",10,204123,126,800,1050000,105175,14222,0.236397815569204,800,75,1050000,1120000,12.4345285486325,TRUE,NA
"Beta centre-high",10,204123,127,333,1050000,103054,14238,0.180722388159966,333,38,1050000,920131.578947368,17.3773442061869,TRUE,NA
"Beta centre-high",10,204123,127,800,1050000,103054,14238,0.23268436410882,800,71,1050000,1183098.5915493,12.7329979704687,TRUE,NA
"Beta centre-high",10,204123,128,333,1050000,100896,14230,0.180314924464002,333,40,1050000,874125,16.9945343249956,TRUE,NA
"Beta centre-high",10,204123,128,800,1050000,100896,14230,0.228860841286355,800,83,1050000,1012048.19277108,11.9065567904524,TRUE,NA
"Beta centre-high",10,204123,129,333,1050000,100091,14228,0.180968700848727,333,33,1050000,1059545.45454545,18.489037291156,TRUE,NA
"Beta centre-high",10,204123,129,800,1050000,100091,14228,0.235605163620827,800,82,1050000,1024390.24390244,11.9680986963519,TRUE,NA
"Beta centre-high",10,204123,130,333,1050000,104692,14247,0.17346824206018,333,28,1050000,1248750,19.8986696556908,TRUE,NA
"Beta centre-high",10,204123,130,800,1050000,104692,14247,0.230835899808816,800,77,1050000,1090909.09090909,12.2944823707041,TRUE,NA
"Beta centre-high",10,204123,131,333,1050000,109210,14430,0.178219338256695,333,40,1050000,874125,16.9945343249956,TRUE,NA
"Beta centre-high",10,204123,131,800,1050000,109210,14430,0.232259660806081,800,84,1050000,1e+06,11.8461717842113,TRUE,NA
"Beta centre-high",10,204123,132,333,1050000,108563,14240,0.182113808095461,333,31,1050000,1127903.22580645,19.0103877415676,TRUE,NA
"Beta centre-high",10,204123,132,800,1050000,108563,14240,0.230277777445364,800,71,1050000,1183098.5915493,12.7329979704687,TRUE,NA
"Beta centre-high",10,204123,133,333,1050000,105509,14270,0.18456593058636,333,38,1050000,920131.578947368,17.3773442061869,TRUE,NA
"Beta centre-high",10,204123,133,800,1050000,105509,14270,0.234902538659518,800,82,1050000,1024390.24390244,11.9680986963519,TRUE,NA
"Beta centre-high",10,204123,134,333,1050000,105278,14235,0.180226506032263,333,40,1050000,874125,16.9945343249956,TRUE,NA
"Beta centre-high",10,204123,134,800,1050000,105278,14235,0.231567549065692,800,85,1050000,988235.294117647,11.7869090824081,TRUE,NA
"Beta centre-high",10,204123,135,333,1050000,103154,14171,0.185253570121643,333,38,1050000,920131.578947368,17.3773442061869,TRUE,NA
"Beta centre-high",10,204123,135,800,1050000,103154,14171,0.239748511705754,800,90,1050000,933333.333333333,11.5063147012645,TRUE,NA
"Beta centre-high",10,204123,136,333,1050000,104112,14036,0.182316821281965,333,33,1050000,1059545.45454545,18.489037291156,TRUE,NA
"Beta centre-high",10,204123,136,800,1050000,104112,14036,0.233508591471027,800,70,1050000,1200000,12.8117645057411,TRUE,NA
"Beta centre-high",10,204123,137,333,1050000,99078,14043,0.182966558446178,333,32,1050000,1092656.25,18.7433774150619,TRUE,NA
"Beta centre-high",10,204123,137,800,1050000,99078,14043,0.23325437559275,800,70,1050000,1200000,12.8117645057411,TRUE,NA
"Beta centre-high",10,204123,138,333,1050000,107486,14350,0.173426337302826,333,32,1050000,1092656.25,18.7433774150619,TRUE,NA
"Beta centre-high",10,204123,138,800,1050000,107486,14350,0.225774498123439,800,68,1050000,1235294.11764706,12.9747057933055,TRUE,NA
"Beta centre-high",10,204123,139,333,1050000,99027,13885,0.180437484321397,333,30,1050000,1165500,19.2911256866153,TRUE,NA
"Beta centre-high",10,204123,139,800,1050000,99027,13885,0.233436695172814,800,68,1050000,1235294.11764706,12.9747057933055,TRUE,NA
"Beta centre-high",10,204123,140,333,1050000,106876,14331,0.181288329539056,333,36,1050000,971250,17.793031633233,TRUE,NA
"Beta centre-high",10,204123,140,800,1050000,106876,14331,0.23593635686013,800,85,1050000,988235.294117647,11.7869090824081,TRUE,NA
"Beta centre-high",10,204123,141,333,1050000,104086,14051,0.177229073474246,333,25,1050000,1398600,20.9478924219945,TRUE,NA
"Beta centre-high",10,204123,141,800,1050000,104086,14051,0.234018605036878,800,78,1050000,1076923.07692308,12.226581496827,TRUE,NA
"Beta centre-high",10,204123,142,333,1050000,104550,14210,0.177520781034149,333,34,1050000,1028382.35294118,18.2464200319481,TRUE,NA
"Beta centre-high",10,204123,142,800,1050000,104550,14210,0.229526028775221,800,76,1050000,1105263.15789474,12.3637823606631,TRUE,NA
"Beta centre-high",10,204123,143,333,1050000,108078,14378,0.182241471400174,333,41,1050000,852804.87804878,16.8141796097176,TRUE,NA
"Beta centre-high",10,204123,143,800,1050000,108078,14378,0.235694062954917,800,90,1050000,933333.333333333,11.5063147012645,TRUE,NA
"Beta centre-high",10,204123,144,333,1050000,103374,14199,0.177336177463227,333,32,1050000,1092656.25,18.7433774150619,TRUE,NA
"Beta centre-high",10,204123,144,800,1050000,103374,14199,0.230929319097142,800,88,1050000,954545.454545455,11.6155297136974,TRUE,NA
"Beta centre-high",10,204123,145,333,1050000,108560,14179,0.179426671005853,333,38,1050000,920131.578947368,17.3773442061869,TRUE,NA
"Beta centre-high",10,204123,145,800,1050000,108560,14179,0.232361447275706,800,82,1050000,1024390.24390244,11.9680986963519,TRUE,NA
"Beta centre-high",10,204123,146,333,1050000,104076,14225,0.181455753426357,333,41,1050000,852804.87804878,16.8141796097176,TRUE,NA
"Beta centre-high",10,204123,146,800,1050000,104076,14225,0.23555226302695,800,90,1050000,933333.333333333,11.5063147012645,TRUE,NA
"Beta centre-high",10,204123,147,333,1050000,107349,14324,0.177751149080574,333,33,1050000,1059545.45454545,18.489037291156,TRUE,NA
"Beta centre-high",10,204123,147,800,1050000,107349,14324,0.231706546759262,800,86,1050000,976744.186046512,11.7287355098862,TRUE,NA
"Beta centre-high",10,204123,148,333,1050000,101342,14230,0.179012358042306,333,28,1050000,1248750,19.8986696556908,TRUE,NA
"Beta centre-high",10,204123,148,800,1050000,101342,14230,0.232288685275529,800,88,1050000,954545.454545455,11.6155297136974,TRUE,NA
"Beta centre-high",10,204123,149,333,1050000,107063,14262,0.180696159174908,333,51,1050000,685588.235294118,15.3262072378003,TRUE,NA
"Beta centre-high",10,204123,149,800,1050000,107063,14262,0.230051044344042,800,79,1050000,1063291.13924051,12.1600347604124,TRUE,NA
"Beta centre-high",10,204123,150,333,1050000,108076,14173,0.177650964591801,333,41,1050000,852804.87804878,16.8141796097176,TRUE,NA
"Beta centre-high",10,204123,150,800,1050000,108076,14173,0.230335890861384,800,88,1050000,954545.454545455,11.6155297136974,TRUE,NA
"Beta centre-high",10,204123,151,333,1050000,102237,14332,0.182410065222222,333,30,1050000,1165500,19.2911256866153,TRUE,NA
"Beta centre-high",10,204123,151,800,1050000,102237,14332,0.233989738980688,800,66,1050000,1272727.27272727,13.1453154548902,TRUE,NA
"Beta centre-high",10,204123,152,333,1050000,105246,14272,0.176820315979495,333,31,1050000,1127903.22580645,19.0103877415676,TRUE,NA
"Beta centre-high",10,204123,152,800,1050000,105246,14272,0.231466472784251,800,72,1050000,1166666.66666667,12.6559494223987,TRUE,NA
"Beta centre-high",10,204123,153,333,1050000,105158,13962,0.17742880476766,333,32,1050000,1092656.25,18.7433774150619,TRUE,NA
"Beta centre-high",10,204123,153,800,1050000,105158,13962,0.231212578718808,800,80,1050000,1050000,12.0947991671389,TRUE,NA
"Beta centre-high",10,204123,154,333,1050000,108471,14264,0.178419337566873,333,35,1050000,999000,18.0146740919102,TRUE,NA
"Beta centre-high",10,204123,154,800,1050000,108471,14264,0.23169992996927,800,85,1050000,988235.294117647,11.7869090824081,TRUE,NA
"Beta centre-high",10,204123,155,333,1050000,109262,14382,0.175243625200651,333,20,1050000,1748250,23.2123716350453,TRUE,NA
"Beta centre-high",10,204123,155,800,1050000,109262,14382,0.229950096239546,800,63,1050000,1333333.33333333,13.4169417388458,TRUE,NA
"Beta centre-high",10,204123,156,333,1050000,107790,14161,0.179653205137523,333,41,1050000,852804.87804878,16.8141796097176,TRUE,NA
"Beta centre-high",10,204123,156,800,1050000,107790,14161,0.231490269584719,800,81,1050000,1037037.03703704,12.030833596093,TRUE,NA
"Beta centre-high",10,204123,157,333,1050000,101120,14317,0.183686604013193,333,22,1050000,1589318.18181818,22.211700778394,TRUE,NA
"Beta centre-high",10,204123,157,800,1050000,101120,14317,0.234871075885537,800,69,1050000,1217391.30434783,12.8923117835906,TRUE,NA
"Beta centre-high",10,204123,158,333,1050000,105973,14159,0.181882079281344,333,29,1050000,1205689.65517241,19.5867757206323,TRUE,NA
"Beta centre-high",10,204123,158,800,1050000,105973,14159,0.236010577970574,800,92,1050000,913043.47826087,11.4008692242012,TRUE,NA
"Beta centre-high",10,204123,159,333,1050000,106191,14388,0.180414934967936,333,36,1050000,971250,17.793031633233,TRUE,NA
"Beta centre-high",10,204123,159,800,1050000,106191,14388,0.233218815457212,800,78,1050000,1076923.07692308,12.226581496827,TRUE,NA
"Beta centre-high",10,204123,160,333,1050000,106677,14178,0.180231268194888,333,35,1050000,999000,18.0146740919102,TRUE,NA
"Beta centre-high",10,204123,160,800,1050000,106677,14178,0.233918892042133,800,76,1050000,1105263.15789474,12.3637823606631,TRUE,NA
"Beta centre-high",10,204123,161,333,1050000,106320,14301,0.187023314185271,333,46,1050000,760108.695652174,16.0064206264636,TRUE,NA
"Beta centre-high",10,204123,161,800,1050000,106320,14301,0.237712176625237,800,97,1050000,865979.381443299,11.1524414546134,TRUE,NA
"Beta centre-high",10,204123,162,333,1050000,105364,14395,0.182502744446375,333,42,1050000,832500,16.6405959934941,TRUE,NA
"Beta centre-high",10,204123,162,800,1050000,105364,14395,0.234650504835682,800,96,1050000,875000,11.2004836306336,TRUE,NA
"Beta centre-high",10,204123,163,333,1050000,103766,14281,0.181741664849388,333,24,1050000,1456875,21.341997647599,TRUE,NA
"Beta centre-high",10,204123,163,800,1050000,103766,14281,0.230138407325331,800,69,1050000,1217391.30434783,12.8923117835906,TRUE,NA
"Beta centre-high",10,204123,164,333,1050000,105471,14311,0.180288025986619,333,32,1050000,1092656.25,18.7433774150619,TRUE,NA
"Beta centre-high",10,204123,164,800,1050000,105471,14311,0.232464216183603,800,78,1050000,1076923.07692308,12.226581496827,TRUE,NA
"Beta centre-high",10,204123,165,333,1050000,108171,14293,0.178979383934632,333,41,1050000,852804.87804878,16.8141796097176,TRUE,NA
"Beta centre-high",10,204123,165,800,1050000,108171,14293,0.235134549113609,800,89,1050000,943820.224719101,11.5604375979122,TRUE,NA
"Beta centre-high",10,204123,166,333,1050000,106929,14011,0.177128041554681,333,29,1050000,1205689.65517241,19.5867757206323,TRUE,NA
"Beta centre-high",10,204123,166,800,1050000,106929,14011,0.229600704143685,800,74,1050000,1135135.13513514,12.5067702476922,TRUE,NA
"Beta centre-high",10,204123,167,333,1050000,105352,14171,0.175885049453778,333,40,1050000,874125,16.9945343249956,TRUE,NA
"Beta centre-high",10,204123,167,800,1050000,105352,14171,0.2306009663086,800,81,1050000,1037037.03703704,12.030833596093,TRUE,NA
"Beta centre-high",10,204123,168,333,1050000,103996,14358,0.182954789072174,333,36,1050000,971250,17.793031633233,TRUE,NA
"Beta centre-high",10,204123,168,800,1050000,103996,14358,0.234654714141394,800,67,1050000,1253731.34328358,13.0590159750537,TRUE,NA
"Beta centre-high",10,204123,169,333,1050000,97015,14266,0.178039517153292,333,36,1050000,971250,17.793031633233,TRUE,NA
"Beta centre-high",10,204123,169,800,1050000,97015,14266,0.230478454042612,800,82,1050000,1024390.24390244,11.9680986963519,TRUE,NA
"Beta centre-high",10,204123,170,333,1050000,105301,14213,0.179593419739539,333,41,1050000,852804.87804878,16.8141796097176,TRUE,NA
"Beta centre-high",10,204123,170,800,1050000,105301,14213,0.231789391622476,800,92,1050000,913043.47826087,11.4008692242012,TRUE,NA
"Beta centre-high",10,204123,171,333,1050000,102931,14341,0.177424557212757,333,28,1050000,1248750,19.8986696556908,TRUE,NA
"Beta centre-high",10,204123,171,800,1050000,102931,14341,0.233417509080804,800,72,1050000,1166666.66666667,12.6559494223987,TRUE,NA
"Beta centre-high",10,204123,172,333,1050000,105382,14134,0.177023607137458,333,31,1050000,1127903.22580645,19.0103877415676,TRUE,NA
"Beta centre-high",10,204123,172,800,1050000,105382,14134,0.230616308292977,800,84,1050000,1e+06,11.8461717842113,TRUE,NA
"Beta centre-high",10,204123,173,333,1050000,97198,14235,0.180723053114981,333,24,1050000,1456875,21.341997647599,TRUE,NA
"Beta centre-high",10,204123,173,800,1050000,97198,14235,0.232276426982957,800,57,1050000,1473684.21052632,14.0257892250187,TRUE,NA
"Beta centre-high",10,204123,174,333,1050000,103382,14097,0.180047421814811,333,30,1050000,1165500,19.2911256866153,TRUE,NA
"Beta centre-high",10,204123,174,800,1050000,103382,14097,0.232700491630579,800,73,1050000,1150684.93150685,12.580559139533,TRUE,NA
"Beta centre-high",10,204123,175,333,1050000,101124,14067,0.178589957939663,333,33,1050000,1059545.45454545,18.489037291156,TRUE,NA
"Beta centre-high",10,204123,175,800,1050000,101124,14067,0.231895188024608,800,81,1050000,1037037.03703704,12.030833596093,TRUE,NA
"Beta centre-high",10,204123,176,333,1050000,102175,13969,0.180749297140834,333,36,1050000,971250,17.793031633233,TRUE,NA
"Beta centre-high",10,204123,176,800,1050000,102175,13969,0.23254943386392,800,82,1050000,1024390.24390244,11.9680986963519,TRUE,NA
"Beta centre-high",10,204123,177,333,1050000,107682,13964,0.182569325003583,333,34,1050000,1028382.35294118,18.2464200319481,TRUE,NA
"Beta centre-high",10,204123,177,800,1050000,107682,13964,0.234835191098139,800,93,1050000,903225.806451613,11.3494955224386,TRUE,NA
"Beta centre-high",10,204123,178,333,1050000,100945,14174,0.181134262080389,333,27,1050000,1295000,20.2283110341379,TRUE,NA
"Beta centre-high",10,204123,178,800,1050000,100945,14174,0.233513479899936,800,63,1050000,1333333.33333333,13.4169417388458,TRUE,NA
"Beta centre-high",10,204123,179,333,1050000,101093,14375,0.183910205615511,333,29,1050000,1205689.65517241,19.5867757206323,TRUE,NA
"Beta centre-high",10,204123,179,800,1050000,101093,14375,0.232312933184508,800,73,1050000,1150684.93150685,12.580559139533,TRUE,NA
"Beta centre-high",10,204123,180,333,1050000,107706,14153,0.180983022141599,333,37,1050000,945000,17.5807982524607,TRUE,NA
"Beta centre-high",10,204123,180,800,1050000,107706,14153,0.234758775363172,800,95,1050000,884210.526315789,11.249325525922,TRUE,NA
"Beta centre-high",10,204123,181,333,1050000,103881,14315,0.179076420382926,333,37,1050000,945000,17.5807982524607,TRUE,NA
"Beta centre-high",10,204123,181,800,1050000,103881,14315,0.231876849400455,800,92,1050000,913043.47826087,11.4008692242012,TRUE,NA
"Beta centre-high",10,204123,182,333,1050000,109709,14328,0.177698104974464,333,34,1050000,1028382.35294118,18.2464200319481,TRUE,NA
"Beta centre-high",10,204123,182,800,1050000,109709,14328,0.234198705292432,800,85,1050000,988235.294117647,11.7869090824081,TRUE,NA
"Beta centre-high",10,204123,183,333,1050000,106198,14161,0.183037540829817,333,37,1050000,945000,17.5807982524607,TRUE,NA
"Beta centre-high",10,204123,183,800,1050000,106198,14161,0.233338048393224,800,72,1050000,1166666.66666667,12.6559494223987,TRUE,NA
"Beta centre-high",10,204123,184,333,1050000,108166,14203,0.181394458642017,333,40,1050000,874125,16.9945343249956,TRUE,NA
"Beta centre-high",10,204123,184,800,1050000,108166,14203,0.232061542422048,800,91,1050000,923076.923076923,11.4531339284728,TRUE,NA
"Beta centre-high",10,204123,185,333,1050000,102467,14142,0.180910674372046,333,48,1050000,728437.5,15.7209265075818,TRUE,NA
"Beta centre-high",10,204123,185,800,1050000,102467,14142,0.234698312641083,800,102,1050000,823529.411764706,10.923524274688,TRUE,NA
"Beta centre-high",10,204123,186,333,1050000,105362,14382,0.182073271321264,333,36,1050000,971250,17.793031633233,TRUE,NA
"Beta centre-high",10,204123,186,800,1050000,105362,14382,0.233772160185252,800,82,1050000,1024390.24390244,11.9680986963519,TRUE,NA
"Beta centre-high",10,204123,187,333,1050000,109635,14097,0.181289814425864,333,35,1050000,999000,18.0146740919102,TRUE,NA
"Beta centre-high",10,204123,187,800,1050000,109635,14097,0.235526861569546,800,82,1050000,1024390.24390244,11.9680986963519,TRUE,NA
"Beta centre-high",10,204123,188,333,1050000,105473,14232,0.18699508388004,333,38,1050000,920131.578947368,17.3773442061869,TRUE,NA
"Beta centre-high",10,204123,188,800,1050000,105473,14232,0.237671572465886,800,80,1050000,1050000,12.0947991671389,TRUE,NA
"Beta centre-high",10,204123,189,333,1050000,103774,14354,0.179089172633178,333,30,1050000,1165500,19.2911256866153,TRUE,NA
"Beta centre-high",10,204123,189,800,1050000,103774,14354,0.231712826201792,800,71,1050000,1183098.5915493,12.7329979704687,TRUE,NA
"Beta centre-high",10,204123,190,333,1050000,105871,14163,0.179252968569421,333,20,1050000,1748250,23.2123716350453,TRUE,NA
"Beta centre-high",10,204123,190,800,1050000,105871,14163,0.233922554339074,800,69,1050000,1217391.30434783,12.8923117835906,TRUE,NA
"Beta centre-high",10,204123,191,333,1050000,111445,14386,0.179635692990839,333,37,1050000,945000,17.5807982524607,TRUE,NA
"Beta centre-high",10,204123,191,800,1050000,111445,14386,0.232111281500589,800,81,1050000,1037037.03703704,12.030833596093,TRUE,NA
"Beta centre-high",10,204123,192,333,1050000,110473,14383,0.174993094839483,333,32,1050000,1092656.25,18.7433774150619,TRUE,NA
"Beta centre-high",10,204123,192,800,1050000,110473,14383,0.230265411200631,800,79,1050000,1063291.13924051,12.1600347604124,TRUE,NA
"Beta centre-high",10,204123,193,333,1050000,104359,14248,0.179134887463639,333,37,1050000,945000,17.5807982524607,TRUE,NA
"Beta centre-high",10,204123,193,800,1050000,104359,14248,0.233355672518933,800,82,1050000,1024390.24390244,11.9680986963519,TRUE,NA
"Beta centre-high",10,204123,194,333,1050000,105872,14246,0.182610237062556,333,24,1050000,1456875,21.341997647599,TRUE,NA
"Beta centre-high",10,204123,194,800,1050000,105872,14246,0.237376052338639,800,71,1050000,1183098.5915493,12.7329979704687,TRUE,NA
"Beta centre-high",10,204123,195,333,1050000,102331,14086,0.184718426343995,333,32,1050000,1092656.25,18.7433774150619,TRUE,NA
"Beta centre-high",10,204123,195,800,1050000,102331,14086,0.232435669069525,800,72,1050000,1166666.66666667,12.6559494223987,TRUE,NA
"Beta centre-high",10,204123,196,333,1050000,106358,13997,0.183917538220051,333,34,1050000,1028382.35294118,18.2464200319481,TRUE,NA
"Beta centre-high",10,204123,196,800,1050000,106358,13997,0.237633794498467,800,79,1050000,1063291.13924051,12.1600347604124,TRUE,NA
"Beta centre-high",10,204123,197,333,1050000,105239,14226,0.179894854659168,333,38,1050000,920131.578947368,17.3773442061869,TRUE,NA
"Beta centre-high",10,204123,197,800,1050000,105239,14226,0.229243970213982,800,85,1050000,988235.294117647,11.7869090824081,TRUE,NA
"Beta centre-high",10,204123,198,333,1050000,105695,14172,0.180573917898232,333,31,1050000,1127903.22580645,19.0103877415676,TRUE,NA
"Beta centre-high",10,204123,198,800,1050000,105695,14172,0.23387346506227,800,82,1050000,1024390.24390244,11.9680986963519,TRUE,NA
"Beta centre-high",10,204123,199,333,1050000,104279,14243,0.182447906112771,333,36,1050000,971250,17.793031633233,TRUE,NA
"Beta centre-high",10,204123,199,800,1050000,104279,14243,0.234441164688225,800,81,1050000,1037037.03703704,12.030833596093,TRUE,NA
"Beta centre-high",10,204123,200,333,1050000,103070,14229,0.180845694204768,333,35,1050000,999000,18.0146740919102,TRUE,NA
"Beta centre-high",10,204123,200,800,1050000,103070,14229,0.236007949338273,800,76,1050000,1105263.15789474,12.3637823606631,TRUE,NA
"Beta centre-high",10,204123,201,333,1050000,105214,14287,0.181277016059399,333,26,1050000,1344807.69230769,20.5774046356395,TRUE,NA
"Beta centre-high",10,204123,201,800,1050000,105214,14287,0.230906305086386,800,63,1050000,1333333.33333333,13.4169417388458,TRUE,NA
"Beta centre-high",10,204123,202,333,1050000,107969,14164,0.179401878385643,333,35,1050000,999000,18.0146740919102,TRUE,NA
"Beta centre-high",10,204123,202,800,1050000,107969,14164,0.230449000968258,800,82,1050000,1024390.24390244,11.9680986963519,TRUE,NA
"Beta centre-high",10,204123,203,333,1050000,104864,14328,0.183413951418751,333,46,1050000,760108.695652174,16.0064206264636,TRUE,NA
"Beta centre-high",10,204123,203,800,1050000,104864,14328,0.231016670229221,800,94,1050000,893617.021276596,11.2989886988539,TRUE,NA
"Beta centre-high",10,204123,204,333,1050000,100243,14267,0.1831922950325,333,30,1050000,1165500,19.2911256866153,TRUE,NA
"Beta centre-high",10,204123,204,800,1050000,100243,14267,0.236261981222783,800,85,1050000,988235.294117647,11.7869090824081,TRUE,NA
"Beta centre-high",10,204123,205,333,1050000,103838,14237,0.182837615018308,333,40,1050000,874125,16.9945343249956,TRUE,NA
"Beta centre-high",10,204123,205,800,1050000,103838,14237,0.237641152692821,800,86,1050000,976744.186046512,11.7287355098862,TRUE,NA
"Beta centre-high",10,204123,206,333,1050000,106133,14093,0.180003871671181,333,43,1050000,813139.534883721,16.4733826659353,TRUE,NA
"Beta centre-high",10,204123,206,800,1050000,106133,14093,0.232829366234695,800,101,1050000,831683.168316832,10.9678652382094,TRUE,NA
"Beta centre-high",10,204123,207,333,1050000,107264,14071,0.182393200540785,333,33,1050000,1059545.45454545,18.489037291156,TRUE,NA
"Beta centre-high",10,204123,207,800,1050000,107264,14071,0.235234389238658,800,78,1050000,1076923.07692308,12.226581496827,TRUE,NA
"Beta centre-high",10,204123,208,333,1050000,107880,14305,0.183902055799688,333,33,1050000,1059545.45454545,18.489037291156,TRUE,NA
"Beta centre-high",10,204123,208,800,1050000,107880,14305,0.235464700270608,800,86,1050000,976744.186046512,11.7287355098862,TRUE,NA
"Beta centre-high",10,204123,209,333,1050000,104165,14088,0.181725388822103,333,34,1050000,1028382.35294118,18.2464200319481,TRUE,NA
"Beta centre-high",10,204123,209,800,1050000,104165,14088,0.23361463924672,800,85,1050000,988235.294117647,11.7869090824081,TRUE,NA
"Beta centre-high",10,204123,210,333,1050000,102071,14296,0.180408140474734,333,40,1050000,874125,16.9945343249956,TRUE,NA
"Beta centre-high",10,204123,210,800,1050000,102071,14296,0.2357554366293,800,88,1050000,954545.454545455,11.6155297136974,TRUE,NA
"Beta centre-high",10,204123,211,333,1050000,110199,14243,0.180608667772444,333,34,1050000,1028382.35294118,18.2464200319481,TRUE,NA
"Beta centre-high",10,204123,211,800,1050000,110199,14243,0.234374378284003,800,85,1050000,988235.294117647,11.7869090824081,TRUE,NA
"Beta centre-high",10,204123,212,333,1050000,99847,14147,0.182107332145147,333,27,1050000,1295000,20.2283110341379,TRUE,NA
"Beta centre-high",10,204123,212,800,1050000,99847,14147,0.235475125500705,800,68,1050000,1235294.11764706,12.9747057933055,TRUE,NA
"Beta centre-high",10,204123,213,333,1050000,108721,14206,0.178825902481792,333,43,1050000,813139.534883721,16.4733826659353,TRUE,NA
"Beta centre-high",10,204123,213,800,1050000,108721,14206,0.231349810328334,800,87,1050000,965517.24137931,11.671619237666,TRUE,NA
"Beta centre-high",10,204123,214,333,1050000,106477,14244,0.182508700167506,333,37,1050000,945000,17.5807982524607,TRUE,NA
"Beta centre-high",10,204123,214,800,1050000,106477,14244,0.236755763913975,800,79,1050000,1063291.13924051,12.1600347604124,TRUE,NA
"Beta centre-high",10,204123,215,333,1050000,102568,14303,0.184144392989384,333,28,1050000,1248750,19.8986696556908,TRUE,NA
"Beta centre-high",10,204123,215,800,1050000,102568,14303,0.234287358545501,800,78,1050000,1076923.07692308,12.226581496827,TRUE,NA
"Beta centre-high",10,204123,216,333,1050000,107599,14427,0.175315380667503,333,29,1050000,1205689.65517241,19.5867757206323,TRUE,NA
"Beta centre-high",10,204123,216,800,1050000,107599,14427,0.228625776261417,800,68,1050000,1235294.11764706,12.9747057933055,TRUE,NA
"Beta centre-high",10,204123,217,333,1050000,103968,14429,0.178097466774467,333,35,1050000,999000,18.0146740919102,TRUE,NA
"Beta centre-high",10,204123,217,800,1050000,103968,14429,0.23279523036429,800,85,1050000,988235.294117647,11.7869090824081,TRUE,NA
"Beta centre-high",10,204123,218,333,1050000,108104,14163,0.180374683985532,333,37,1050000,945000,17.5807982524607,TRUE,NA
"Beta centre-high",10,204123,218,800,1050000,108104,14163,0.232217382930116,800,86,1050000,976744.186046512,11.7287355098862,TRUE,NA
"Beta centre-high",10,204123,219,333,1050000,102664,13897,0.18135622363295,333,34,1050000,1028382.35294118,18.2464200319481,TRUE,NA
"Beta centre-high",10,204123,219,800,1050000,102664,13897,0.234490990589312,800,80,1050000,1050000,12.0947991671389,TRUE,NA
"Beta centre-high",10,204123,220,333,1050000,106184,14191,0.181529266158553,333,37,1050000,945000,17.5807982524607,TRUE,NA
"Beta centre-high",10,204123,220,800,1050000,106184,14191,0.234339513786691,800,81,1050000,1037037.03703704,12.030833596093,TRUE,NA
"Beta centre-high",10,204123,221,333,1050000,97531,14309,0.181574477923816,333,29,1050000,1205689.65517241,19.5867757206323,TRUE,NA
"Beta centre-high",10,204123,221,800,1050000,97531,14309,0.232338426325329,800,86,1050000,976744.186046512,11.7287355098862,TRUE,NA
"Beta centre-high",10,204123,222,333,1050000,107356,14113,0.18026050400345,333,35,1050000,999000,18.0146740919102,TRUE,NA
"Beta centre-high",10,204123,222,800,1050000,107356,14113,0.233484134733383,800,91,1050000,923076.923076923,11.4531339284728,TRUE,NA
"Beta centre-high",10,204123,223,333,1050000,103949,14266,0.18874023761648,333,47,1050000,743936.170212766,15.8612784595146,TRUE,NA
"Beta centre-high",10,204123,223,800,1050000,103949,14266,0.240350210005744,800,102,1050000,823529.411764706,10.923524274688,TRUE,NA
"Beta centre-high",10,204123,224,333,1050000,106160,14207,0.178342098164167,333,30,1050000,1165500,19.2911256866153,TRUE,NA
"Beta centre-high",10,204123,224,800,1050000,106160,14207,0.2310439061304,800,71,1050000,1183098.5915493,12.7329979704687,TRUE,NA
"Beta centre-high",10,204123,225,333,1050000,103849,14048,0.174682637637484,333,21,1050000,1665000,22.6937143965885,TRUE,NA
"Beta centre-high",10,204123,225,800,1050000,103849,14048,0.229263399448993,800,63,1050000,1333333.33333333,13.4169417388458,TRUE,NA
"Beta centre-high",10,204123,226,333,1050000,105429,14413,0.17891635582919,333,31,1050000,1127903.22580645,19.0103877415676,TRUE,NA
"Beta centre-high",10,204123,226,800,1050000,105429,14413,0.2307383238467,800,76,1050000,1105263.15789474,12.3637823606631,TRUE,NA
"Beta centre-high",10,204123,227,333,1050000,101973,14262,0.178984158590402,333,31,1050000,1127903.22580645,19.0103877415676,TRUE,NA
"Beta centre-high",10,204123,227,800,1050000,101973,14262,0.233482810313789,800,75,1050000,1120000,12.4345285486325,TRUE,NA
"Beta centre-high",10,204123,228,333,1050000,106489,14256,0.177023218314371,333,31,1050000,1127903.22580645,19.0103877415676,TRUE,NA
"Beta centre-high",10,204123,228,800,1050000,106489,14256,0.234724311169948,800,86,1050000,976744.186046512,11.7287355098862,TRUE,NA
"Beta centre-high",10,204123,229,333,1050000,100781,14065,0.181612374648501,333,21,1050000,1665000,22.6937143965885,TRUE,NA
"Beta centre-high",10,204123,229,800,1050000,100781,14065,0.234389846075038,800,65,1050000,1292307.69230769,13.2336812996074,TRUE,NA
"Beta centre-high",10,204123,230,333,1050000,101485,14222,0.178073759793816,333,31,1050000,1127903.22580645,19.0103877415676,TRUE,NA
"Beta centre-high",10,204123,230,800,1050000,101485,14222,0.229625209587904,800,67,1050000,1253731.34328358,13.0590159750537,TRUE,NA
"Beta centre-high",10,204123,231,333,1050000,102583,14334,0.173699356804378,333,32,1050000,1092656.25,18.7433774150619,TRUE,NA
"Beta centre-high",10,204123,231,800,1050000,102583,14334,0.225929749330327,800,71,1050000,1183098.5915493,12.7329979704687,TRUE,NA
"Beta centre-high",10,204123,232,333,1050000,100674,14426,0.181338746198678,333,24,1050000,1456875,21.341997647599,TRUE,NA
"Beta centre-high",10,204123,232,800,1050000,100674,14426,0.235465262797491,800,70,1050000,1200000,12.8117645057411,TRUE,NA
"Beta centre-high",10,204123,233,333,1050000,100533,14357,0.18492678761924,333,27,1050000,1295000,20.2283110341379,TRUE,NA
"Beta centre-high",10,204123,233,800,1050000,100533,14357,0.237658708736973,800,71,1050000,1183098.5915493,12.7329979704687,TRUE,NA
"Beta centre-high",10,204123,234,333,1050000,106511,14296,0.182725271925148,333,39,1050000,896538.461538462,17.1820968840741,TRUE,NA
"Beta centre-high",10,204123,234,800,1050000,106511,14296,0.236751426045494,800,99,1050000,848484.848484849,11.0586738763527,TRUE,NA
"Beta centre-high",10,204123,235,333,1050000,105232,13875,0.181800104953799,333,30,1050000,1165500,19.2911256866153,TRUE,NA
"Beta centre-high",10,204123,235,800,1050000,105232,13875,0.236124891456507,800,75,1050000,1120000,12.4345285486325,TRUE,NA
"Beta centre-high",10,204123,236,333,1050000,106640,14292,0.178959288327636,333,26,1050000,1344807.69230769,20.5774046356395,TRUE,NA
"Beta centre-high",10,204123,236,800,1050000,106640,14292,0.233085165904376,800,78,1050000,1076923.07692308,12.226581496827,TRUE,NA
"Beta centre-high",10,204123,237,333,1050000,104579,14431,0.176770214747341,333,27,1050000,1295000,20.2283110341379,TRUE,NA
"Beta centre-high",10,204123,237,800,1050000,104579,14431,0.235602935841526,800,86,1050000,976744.186046512,11.7287355098862,TRUE,NA
"Beta centre-high",10,204123,238,333,1050000,104124,14119,0.181489196802056,333,39,1050000,896538.461538462,17.1820968840741,TRUE,NA
"Beta centre-high",10,204123,238,800,1050000,104124,14119,0.232509982562687,800,87,1050000,965517.24137931,11.671619237666,TRUE,NA
"Beta centre-high",10,204123,239,333,1050000,102625,14266,0.180672124225099,333,28,1050000,1248750,19.8986696556908,TRUE,NA
"Beta centre-high",10,204123,239,800,1050000,102625,14266,0.232799107479195,800,64,1050000,1312500,13.3241947934359,TRUE,NA
"Beta centre-high",10,204123,240,333,1050000,100745,14044,0.176806711793999,333,36,1050000,971250,17.793031633233,TRUE,NA
"Beta centre-high",10,204123,240,800,1050000,100745,14044,0.231070136668334,800,65,1050000,1292307.69230769,13.2336812996074,TRUE,NA
"Beta centre-high",10,204123,241,333,1050000,102123,14004,0.181108818885441,333,31,1050000,1127903.22580645,19.0103877415676,TRUE,NA
"Beta centre-high",10,204123,241,800,1050000,102123,14004,0.232580708854562,800,82,1050000,1024390.24390244,11.9680986963519,TRUE,NA
"Beta centre-high",10,204123,242,333,1050000,105094,14183,0.182536678254642,333,47,1050000,743936.170212766,15.8612784595146,TRUE,NA
"Beta centre-high",10,204123,242,800,1050000,105094,14183,0.23337257123654,800,99,1050000,848484.848484849,11.0586738763527,TRUE,NA
"Beta centre-high",10,204123,243,333,1050000,107847,14045,0.181269463479823,333,33,1050000,1059545.45454545,18.489037291156,TRUE,NA
"Beta centre-high",10,204123,243,800,1050000,107847,14045,0.238642239049942,800,89,1050000,943820.224719101,11.5604375979122,TRUE,NA
"Beta centre-high",10,204123,244,333,1050000,105455,14176,0.181632818951,333,47,1050000,743936.170212766,15.8612784595146,TRUE,NA
"Beta centre-high",10,204123,244,800,1050000,105455,14176,0.236508843287515,800,98,1050000,857142.857142857,11.1051782164878,TRUE,NA
"Beta centre-high",10,204123,245,333,1050000,106799,14214,0.177003619486429,333,36,1050000,971250,17.793031633233,TRUE,NA
"Beta centre-high",10,204123,245,800,1050000,106799,14214,0.231913533724323,800,89,1050000,943820.224719101,11.5604375979122,TRUE,NA
"Beta centre-high",10,204123,246,333,1050000,99956,14285,0.181780111054118,333,35,1050000,999000,18.0146740919102,TRUE,NA
"Beta centre-high",10,204123,246,800,1050000,99956,14285,0.228264484365395,800,75,1050000,1120000,12.4345285486325,TRUE,NA
"Beta centre-high",10,204123,247,333,1050000,98542,14142,0.181194505823484,333,25,1050000,1398600,20.9478924219945,TRUE,NA
"Beta centre-high",10,204123,247,800,1050000,98542,14142,0.233657337098171,800,72,1050000,1166666.66666667,12.6559494223987,TRUE,NA
"Beta centre-high",10,204123,248,333,1050000,101962,14458,0.178975873924846,333,43,1050000,813139.534883721,16.4733826659353,TRUE,NA
"Beta centre-high",10,204123,248,800,1050000,101962,14458,0.230650241571722,800,82,1050000,1024390.24390244,11.9680986963519,TRUE,NA
"Beta centre-high",10,204123,249,333,1050000,104687,14132,0.178675281800565,333,30,1050000,1165500,19.2911256866153,TRUE,NA
"Beta centre-high",10,204123,249,800,1050000,104687,14132,0.232253620103786,800,79,1050000,1063291.13924051,12.1600347604124,TRUE,NA
"Beta centre-high",10,204123,250,333,1050000,107211,14194,0.176663171314715,333,35,1050000,999000,18.0146740919102,TRUE,NA
"Beta centre-high",10,204123,250,800,1050000,107211,14194,0.231555318733491,800,83,1050000,1012048.19277108,11.9065567904524,TRUE,NA
"Beta centre-high",10,204123,251,333,1050000,110308,14093,0.180402328214725,333,28,1050000,1248750,19.8986696556908,TRUE,NA
"Beta centre-high",10,204123,251,800,1050000,110308,14093,0.232685943435103,800,76,1050000,1105263.15789474,12.3637823606631,TRUE,NA
"Beta centre-high",10,204123,252,333,1050000,104989,14372,0.184769734947353,333,48,1050000,728437.5,15.7209265075818,TRUE,NA
"Beta centre-high",10,204123,252,800,1050000,104989,14372,0.233751735496894,800,98,1050000,857142.857142857,11.1051782164878,TRUE,NA
"Beta centre-high",10,204123,253,333,1050000,104134,14243,0.178679542284323,333,29,1050000,1205689.65517241,19.5867757206323,TRUE,NA
"Beta centre-high",10,204123,253,800,1050000,104134,14243,0.233204239578125,800,82,1050000,1024390.24390244,11.9680986963519,TRUE,NA
"Beta centre-high",10,204123,254,333,1050000,107134,14390,0.180678225650385,333,42,1050000,832500,16.6405959934941,TRUE,NA
"Beta centre-high",10,204123,254,800,1050000,107134,14390,0.232585642173314,800,90,1050000,933333.333333333,11.5063147012645,TRUE,NA
"Beta centre-high",10,204123,255,333,1050000,108056,14367,0.178743413484537,333,23,1050000,1520217.39130435,21.7622794214923,TRUE,NA
"Beta centre-high",10,204123,255,800,1050000,108056,14367,0.232266639498265,800,66,1050000,1272727.27272727,13.1453154548902,TRUE,NA
"Beta centre-high",10,204123,256,333,1050000,102496,14097,0.17881469077562,333,28,1050000,1248750,19.8986696556908,TRUE,NA
"Beta centre-high",10,204123,256,800,1050000,102496,14097,0.230662519886359,800,65,1050000,1292307.69230769,13.2336812996074,TRUE,NA
"Beta centre-high",10,204123,257,333,1050000,103412,14128,0.182668198104551,333,33,1050000,1059545.45454545,18.489037291156,TRUE,NA
"Beta centre-high",10,204123,257,800,1050000,103412,14128,0.233548478724337,800,65,1050000,1292307.69230769,13.2336812996074,TRUE,NA
"Beta centre-high",10,204123,258,333,1050000,107353,14111,0.181529551811077,333,31,1050000,1127903.22580645,19.0103877415676,TRUE,NA
"Beta centre-high",10,204123,258,800,1050000,107353,14111,0.232998155741301,800,90,1050000,933333.333333333,11.5063147012645,TRUE,NA
"Beta centre-high",10,204123,259,333,1050000,102253,14273,0.175238412593861,333,25,1050000,1398600,20.9478924219945,TRUE,NA
"Beta centre-high",10,204123,259,800,1050000,102253,14273,0.229842162587708,800,72,1050000,1166666.66666667,12.6559494223987,TRUE,NA
"Beta centre-high",10,204123,260,333,1050000,105206,14295,0.177988119778613,333,34,1050000,1028382.35294118,18.2464200319481,TRUE,NA
"Beta centre-high",10,204123,260,800,1050000,105206,14295,0.234058262467217,800,90,1050000,933333.333333333,11.5063147012645,TRUE,NA
"Beta centre-high",10,204123,261,333,1050000,103660,14254,0.183571413157943,333,20,1050000,1748250,23.2123716350453,TRUE,NA
"Beta centre-high",10,204123,261,800,1050000,103660,14254,0.232261250326616,800,64,1050000,1312500,13.3241947934359,TRUE,NA
"Beta centre-high",10,204123,262,333,1050000,105272,14143,0.183700098193075,333,36,1050000,971250,17.793031633233,TRUE,NA
"Beta centre-high",10,204123,262,800,1050000,105272,14143,0.23346183104198,800,87,1050000,965517.24137931,11.671619237666,TRUE,NA
"Beta centre-high",10,204123,263,333,1050000,101990,14070,0.181368999634649,333,35,1050000,999000,18.0146740919102,TRUE,NA
"Beta centre-high",10,204123,263,800,1050000,101990,14070,0.235159996730355,800,71,1050000,1183098.5915493,12.7329979704687,TRUE,NA
"Beta centre-high",10,204123,264,333,1050000,108064,14226,0.181060647910139,333,31,1050000,1127903.22580645,19.0103877415676,TRUE,NA
"Beta centre-high",10,204123,264,800,1050000,108064,14226,0.236923893345802,800,88,1050000,954545.454545455,11.6155297136974,TRUE,NA
"Beta centre-high",10,204123,265,333,1050000,103405,14181,0.186027806101488,333,39,1050000,896538.461538462,17.1820968840741,TRUE,NA
"Beta centre-high",10,204123,265,800,1050000,103405,14181,0.23472650812085,800,90,1050000,933333.333333333,11.5063147012645,TRUE,NA
"Beta centre-high",10,204123,266,333,1050000,107277,14105,0.183524312896136,333,30,1050000,1165500,19.2911256866153,TRUE,NA
"Beta centre-high",10,204123,266,800,1050000,107277,14105,0.233282976588132,800,77,1050000,1090909.09090909,12.2944823707041,TRUE,NA
"Beta centre-high",10,204123,267,333,1050000,104022,14354,0.174989835831957,333,20,1050000,1748250,23.2123716350453,TRUE,NA
"Beta centre-high",10,204123,267,800,1050000,104022,14354,0.22952489061833,800,71,1050000,1183098.5915493,12.7329979704687,TRUE,NA
"Beta centre-high",10,204123,268,333,1050000,106489,14223,0.182246579585561,333,48,1050000,728437.5,15.7209265075818,TRUE,NA
"Beta centre-high",10,204123,268,800,1050000,106489,14223,0.236144908448295,800,105,1050000,8e+05,10.7945477965276,TRUE,NA
"Beta centre-high",10,204123,269,333,1050000,107635,14238,0.179048184067508,333,25,1050000,1398600,20.9478924219945,TRUE,NA
"Beta centre-high",10,204123,269,800,1050000,107635,14238,0.234985733146476,800,76,1050000,1105263.15789474,12.3637823606631,TRUE,NA
"Beta centre-high",10,204123,270,333,1050000,100794,14118,0.181932668772111,333,26,1050000,1344807.69230769,20.5774046356395,TRUE,NA
"Beta centre-high",10,204123,270,800,1050000,100794,14118,0.235244674070878,800,65,1050000,1292307.69230769,13.2336812996074,TRUE,NA
"Beta centre-high",10,204123,271,333,1050000,106794,14201,0.179185005133382,333,30,1050000,1165500,19.2911256866153,TRUE,NA
"Beta centre-high",10,204123,271,800,1050000,106794,14201,0.232699662158257,800,89,1050000,943820.224719101,11.5604375979122,TRUE,NA
"Beta centre-high",10,204123,272,333,1050000,108216,14215,0.184262884037485,333,35,1050000,999000,18.0146740919102,TRUE,NA
"Beta centre-high",10,204123,272,800,1050000,108216,14215,0.233916480415667,800,93,1050000,903225.806451613,11.3494955224386,TRUE,NA
"Beta centre-high",10,204123,273,333,1050000,109021,14304,0.187274987960119,333,43,1050000,813139.534883721,16.4733826659353,TRUE,NA
"Beta centre-high",10,204123,273,800,1050000,109021,14304,0.239096262476795,800,90,1050000,933333.333333333,11.5063147012645,TRUE,NA
"Beta centre-high",10,204123,274,333,1050000,105383,14348,0.186315255253488,333,43,1050000,813139.534883721,16.4733826659353,TRUE,NA
"Beta centre-high",10,204123,274,800,1050000,105383,14348,0.236042680815845,800,90,1050000,933333.333333333,11.5063147012645,TRUE,NA
"Beta centre-high",10,204123,275,333,1050000,103997,14373,0.176546672438239,333,28,1050000,1248750,19.8986696556908,TRUE,NA
"Beta centre-high",10,204123,275,800,1050000,103997,14373,0.23347103485553,800,76,1050000,1105263.15789474,12.3637823606631,TRUE,NA
"Beta centre-high",10,204123,276,333,1050000,102864,14261,0.181605113259586,333,35,1050000,999000,18.0146740919102,TRUE,NA
"Beta centre-high",10,204123,276,800,1050000,102864,14261,0.237589554918521,800,76,1050000,1105263.15789474,12.3637823606631,TRUE,NA
"Beta centre-high",10,204123,277,333,1050000,107925,14155,0.177056719227653,333,25,1050000,1398600,20.9478924219945,TRUE,NA
"Beta centre-high",10,204123,277,800,1050000,107925,14155,0.232230912098186,800,73,1050000,1150684.93150685,12.580559139533,TRUE,NA
"Beta centre-high",10,204123,278,333,1050000,103127,14195,0.178973251425739,333,21,1050000,1665000,22.6937143965885,TRUE,NA
"Beta centre-high",10,204123,278,800,1050000,103127,14195,0.232892067048302,800,70,1050000,1200000,12.8117645057411,TRUE,NA
"Beta centre-high",10,204123,279,333,1050000,103955,14226,0.178152661320294,333,32,1050000,1092656.25,18.7433774150619,TRUE,NA
"Beta centre-high",10,204123,279,800,1050000,103955,14226,0.230898560402111,800,72,1050000,1166666.66666667,12.6559494223987,TRUE,NA
"Beta centre-high",10,204123,280,333,1050000,101210,14214,0.183571100447849,333,32,1050000,1092656.25,18.7433774150619,TRUE,NA
"Beta centre-high",10,204123,280,800,1050000,101210,14214,0.234742959147783,800,77,1050000,1090909.09090909,12.2944823707041,TRUE,NA
"Beta centre-high",10,204123,281,333,1050000,105315,14216,0.181313487266886,333,30,1050000,1165500,19.2911256866153,TRUE,NA
"Beta centre-high",10,204123,281,800,1050000,105315,14216,0.231739314201368,800,69,1050000,1217391.30434783,12.8923117835906,TRUE,NA
"Beta centre-high",10,204123,282,333,1050000,101765,14172,0.181041143561199,333,28,1050000,1248750,19.8986696556908,TRUE,NA
"Beta centre-high",10,204123,282,800,1050000,101765,14172,0.234657591620949,800,92,1050000,913043.47826087,11.4008692242012,TRUE,NA
"Beta centre-high",10,204123,283,333,1050000,109384,14318,0.184010093886641,333,37,1050000,945000,17.5807982524607,TRUE,NA
"Beta centre-high",10,204123,283,800,1050000,109384,14318,0.234540729534647,800,92,1050000,913043.47826087,11.4008692242012,TRUE,NA
"Beta centre-high",10,204123,284,333,1050000,110613,14092,0.18053539493384,333,33,1050000,1059545.45454545,18.489037291156,TRUE,NA
"Beta centre-high",10,204123,284,800,1050000,110613,14092,0.231635436221548,800,74,1050000,1135135.13513514,12.5067702476922,TRUE,NA
"Beta centre-high",10,204123,285,333,1050000,101596,14193,0.179948738868913,333,38,1050000,920131.578947368,17.3773442061869,TRUE,NA
"Beta centre-high",10,204123,285,800,1050000,101596,14193,0.23159009226456,800,84,1050000,1e+06,11.8461717842113,TRUE,NA
"Beta centre-high",10,204123,286,333,1050000,107479,14152,0.17921584301008,333,36,1050000,971250,17.793031633233,TRUE,NA
"Beta centre-high",10,204123,286,800,1050000,107479,14152,0.232683447229912,800,87,1050000,965517.24137931,11.671619237666,TRUE,NA
"Beta centre-high",10,204123,287,333,1050000,104984,13904,0.180308082743969,333,26,1050000,1344807.69230769,20.5774046356395,TRUE,NA
"Beta centre-high",10,204123,287,800,1050000,104984,13904,0.233336967806128,800,81,1050000,1037037.03703704,12.030833596093,TRUE,NA
"Beta centre-high",10,204123,288,333,1050000,103938,14013,0.182714297738501,333,29,1050000,1205689.65517241,19.5867757206323,TRUE,NA
"Beta centre-high",10,204123,288,800,1050000,103938,14013,0.235701828507727,800,76,1050000,1105263.15789474,12.3637823606631,TRUE,NA
"Beta centre-high",10,204123,289,333,1050000,105467,14245,0.178854777045023,333,35,1050000,999000,18.0146740919102,TRUE,NA
"Beta centre-high",10,204123,289,800,1050000,105467,14245,0.232113860332813,800,101,1050000,831683.168316832,10.9678652382094,TRUE,NA
"Beta centre-high",10,204123,290,333,1050000,110301,14378,0.179493023833361,333,34,1050000,1028382.35294118,18.2464200319481,TRUE,NA
"Beta centre-high",10,204123,290,800,1050000,110301,14378,0.233343354597121,800,76,1050000,1105263.15789474,12.3637823606631,TRUE,NA
"Beta centre-high",10,204123,291,333,1050000,102071,14229,0.179324842119918,333,30,1050000,1165500,19.2911256866153,TRUE,NA
"Beta centre-high",10,204123,291,800,1050000,102071,14229,0.231229110132794,800,78,1050000,1076923.07692308,12.226581496827,TRUE,NA
"Beta centre-high",10,204123,292,333,1050000,102340,14393,0.18383191543169,333,25,1050000,1398600,20.9478924219945,TRUE,NA
"Beta centre-high",10,204123,292,800,1050000,102340,14393,0.234855210176844,800,71,1050000,1183098.5915493,12.7329979704687,TRUE,NA
"Beta centre-high",10,204123,293,333,1050000,100849,14209,0.181876855247036,333,25,1050000,1398600,20.9478924219945,TRUE,NA
"Beta centre-high",10,204123,293,800,1050000,100849,14209,0.236220751359044,800,69,1050000,1217391.30434783,12.8923117835906,TRUE,NA
"Beta centre-high",10,204123,294,333,1050000,111219,14233,0.18090174613688,333,34,1050000,1028382.35294118,18.2464200319481,TRUE,NA
"Beta centre-high",10,204123,294,800,1050000,111219,14233,0.229370860676286,800,77,1050000,1090909.09090909,12.2944823707041,TRUE,NA
"Beta centre-high",10,204123,295,333,1050000,107194,14333,0.182440225548643,333,38,1050000,920131.578947368,17.3773442061869,TRUE,NA
"Beta centre-high",10,204123,295,800,1050000,107194,14333,0.234166849946039,800,85,1050000,988235.294117647,11.7869090824081,TRUE,NA
"Beta centre-high",10,204123,296,333,1050000,105381,14184,0.173674527191126,333,29,1050000,1205689.65517241,19.5867757206323,TRUE,NA
"Beta centre-high",10,204123,296,800,1050000,105381,14184,0.23253107989295,800,94,1050000,893617.021276596,11.2989886988539,TRUE,NA
"Beta centre-high",10,204123,297,333,1050000,104764,14091,0.180538070390799,333,31,1050000,1127903.22580645,19.0103877415676,TRUE,NA
"Beta centre-high",10,204123,297,800,1050000,104764,14091,0.231986738180531,800,71,1050000,1183098.5915493,12.7329979704687,TRUE,NA
"Beta centre-high",10,204123,298,333,1050000,103225,14255,0.184970693008263,333,36,1050000,971250,17.793031633233,TRUE,NA
"Beta centre-high",10,204123,298,800,1050000,103225,14255,0.234351179516024,800,81,1050000,1037037.03703704,12.030833596093,TRUE,NA
"Beta centre-high",10,204123,299,333,1050000,99796,14237,0.184482023905382,333,39,1050000,896538.461538462,17.1820968840741,TRUE,NA
"Beta centre-high",10,204123,299,800,1050000,99796,14237,0.234907221303554,800,81,1050000,1037037.03703704,12.030833596093,TRUE,NA
"Beta centre-high",10,204123,300,333,1050000,106212,14433,0.174169971031385,333,28,1050000,1248750,19.8986696556908,TRUE,NA
"Beta centre-high",10,204123,300,800,1050000,106212,14433,0.229608743879149,800,66,1050000,1272727.27272727,13.1453154548902,TRUE,NA
"Beta centre-high",10,204123,301,333,1050000,101834,14266,0.178900591162958,333,26,1050000,1344807.69230769,20.5774046356395,TRUE,NA
"Beta centre-high",10,204123,301,800,1050000,101834,14266,0.233595982173886,800,78,1050000,1076923.07692308,12.226581496827,TRUE,NA
"Beta centre-high",10,204123,302,333,1050000,110391,14111,0.181876785766777,333,47,1050000,743936.170212766,15.8612784595146,TRUE,NA
"Beta centre-high",10,204123,302,800,1050000,110391,14111,0.231933868725428,800,98,1050000,857142.857142857,11.1051782164878,TRUE,NA
"Beta centre-high",10,204123,303,333,1050000,102644,13999,0.18028135832305,333,41,1050000,852804.87804878,16.8141796097176,TRUE,NA
"Beta centre-high",10,204123,303,800,1050000,102644,13999,0.23653447418024,800,82,1050000,1024390.24390244,11.9680986963519,TRUE,NA
"Beta centre-high",10,204123,304,333,1050000,103635,14410,0.180508775368377,333,22,1050000,1589318.18181818,22.211700778394,TRUE,NA
"Beta centre-high",10,204123,304,800,1050000,103635,14410,0.233519441364932,800,65,1050000,1292307.69230769,13.2336812996074,TRUE,NA
"Beta centre-high",10,204123,305,333,1050000,110151,14273,0.180196641510665,333,33,1050000,1059545.45454545,18.489037291156,TRUE,NA
"Beta centre-high",10,204123,305,800,1050000,110151,14273,0.232961793638683,800,72,1050000,1166666.66666667,12.6559494223987,TRUE,NA
"Beta centre-high",10,204123,306,333,1050000,106855,14255,0.179681981255335,333,30,1050000,1165500,19.2911256866153,TRUE,NA
"Beta centre-high",10,204123,306,800,1050000,106855,14255,0.234846557157208,800,77,1050000,1090909.09090909,12.2944823707041,TRUE,NA
"Beta centre-high",10,204123,307,333,1050000,108606,14296,0.173925109908034,333,32,1050000,1092656.25,18.7433774150619,TRUE,NA
"Beta centre-high",10,204123,307,800,1050000,108606,14296,0.228101893889182,800,77,1050000,1090909.09090909,12.2944823707041,TRUE,NA
"Beta centre-high",10,204123,308,333,1050000,107295,14277,0.18078183069095,333,40,1050000,874125,16.9945343249956,TRUE,NA
"Beta centre-high",10,204123,308,800,1050000,107295,14277,0.236095222305205,800,88,1050000,954545.454545455,11.6155297136974,TRUE,NA
"Beta centre-high",10,204123,309,333,1050000,107101,14221,0.180056931354423,333,26,1050000,1344807.69230769,20.5774046356395,TRUE,NA
"Beta centre-high",10,204123,309,800,1050000,107101,14221,0.230868808517669,800,68,1050000,1235294.11764706,12.9747057933055,TRUE,NA
"Beta centre-high",10,204123,310,333,1050000,102959,14181,0.182727685582258,333,27,1050000,1295000,20.2283110341379,TRUE,NA
"Beta centre-high",10,204123,310,800,1050000,102959,14181,0.236403972637426,800,68,1050000,1235294.11764706,12.9747057933055,TRUE,NA
"Beta centre-high",10,204123,311,333,1050000,111870,14253,0.177579015444839,333,44,1050000,794659.090909091,16.312171044842,TRUE,NA
"Beta centre-high",10,204123,311,800,1050000,111870,14253,0.230846432687852,800,102,1050000,823529.411764706,10.923524274688,TRUE,NA
"Beta centre-high",10,204123,312,333,1050000,107804,14168,0.178441036963881,333,32,1050000,1092656.25,18.7433774150619,TRUE,NA
"Beta centre-high",10,204123,312,800,1050000,107804,14168,0.232572731023729,800,72,1050000,1166666.66666667,12.6559494223987,TRUE,NA
"Beta centre-high",10,204123,313,333,1050000,100819,14352,0.18117717599106,333,19,1050000,1840263.15789474,23.7724627751762,TRUE,NA
"Beta centre-high",10,204123,313,800,1050000,100819,14352,0.234031742971062,800,58,1050000,1448275.86206897,13.9175414494397,TRUE,NA
"Beta centre-high",10,204123,314,333,1050000,111899,14108,0.17975102751183,333,45,1050000,777000,16.1566215263488,TRUE,NA
"Beta centre-high",10,204123,314,800,1050000,111899,14108,0.235810024729344,800,93,1050000,903225.806451613,11.3494955224386,TRUE,NA
"Beta centre-high",10,204123,315,333,1050000,108131,14437,0.184081262930906,333,37,1050000,945000,17.5807982524607,TRUE,NA
"Beta centre-high",10,204123,315,800,1050000,108131,14437,0.236393308468937,800,74,1050000,1135135.13513514,12.5067702476922,TRUE,NA
"Beta centre-high",10,204123,316,333,1050000,106967,14025,0.178358927604973,333,37,1050000,945000,17.5807982524607,TRUE,NA
"Beta centre-high",10,204123,316,800,1050000,106967,14025,0.231881387325703,800,90,1050000,933333.333333333,11.5063147012645,TRUE,NA
"Beta centre-high",10,204123,317,333,1050000,105555,14504,0.179517617884594,333,28,1050000,1248750,19.8986696556908,TRUE,NA
"Beta centre-high",10,204123,317,800,1050000,105555,14504,0.234413548673712,800,77,1050000,1090909.09090909,12.2944823707041,TRUE,NA
"Beta centre-high",10,204123,318,333,1050000,102689,14055,0.178791724357791,333,36,1050000,971250,17.793031633233,TRUE,NA
"Beta centre-high",10,204123,318,800,1050000,102689,14055,0.232311150217898,800,77,1050000,1090909.09090909,12.2944823707041,TRUE,NA
"Beta centre-high",10,204123,319,333,1050000,111212,14174,0.182187811473994,333,35,1050000,999000,18.0146740919102,TRUE,NA
"Beta centre-high",10,204123,319,800,1050000,111212,14174,0.236229912181155,800,100,1050000,840000,11.0129091022047,TRUE,NA
"Beta centre-high",10,204123,320,333,1050000,106136,14415,0.18054477438818,333,35,1050000,999000,18.0146740919102,TRUE,NA
"Beta centre-high",10,204123,320,800,1050000,106136,14415,0.232096218536581,800,92,1050000,913043.47826087,11.4008692242012,TRUE,NA
"Beta centre-high",10,204123,321,333,1050000,104498,14291,0.176172678051575,333,29,1050000,1205689.65517241,19.5867757206323,TRUE,NA
"Beta centre-high",10,204123,321,800,1050000,104498,14291,0.228219049928212,800,84,1050000,1e+06,11.8461717842113,TRUE,NA
"Beta centre-high",10,204123,322,333,1050000,106791,13933,0.184235134511814,333,38,1050000,920131.578947368,17.3773442061869,TRUE,NA
"Beta centre-high",10,204123,322,800,1050000,106791,13933,0.236704380080423,800,73,1050000,1150684.93150685,12.580559139533,TRUE,NA
"Beta centre-high",10,204123,323,333,1050000,105161,14059,0.180082262330272,333,37,1050000,945000,17.5807982524607,TRUE,NA
"Beta centre-high",10,204123,323,800,1050000,105161,14059,0.233555252629472,800,87,1050000,965517.24137931,11.671619237666,TRUE,NA
"Beta centre-high",10,204123,324,333,1050000,103364,14121,0.176527261385377,333,29,1050000,1205689.65517241,19.5867757206323,TRUE,NA
"Beta centre-high",10,204123,324,800,1050000,103364,14121,0.227825696382068,800,77,1050000,1090909.09090909,12.2944823707041,TRUE,NA
"Beta centre-high",10,204123,325,333,1050000,108889,14139,0.182004735424339,333,48,1050000,728437.5,15.7209265075818,TRUE,NA
"Beta centre-high",10,204123,325,800,1050000,108889,14139,0.234516074471995,800,108,1050000,777777.777777778,10.6713054255802,TRUE,NA
"Beta centre-high",10,204123,326,333,1050000,109408,14289,0.174448807263681,333,27,1050000,1295000,20.2283110341379,TRUE,NA
"Beta centre-high",10,204123,326,800,1050000,109408,14289,0.230235541922326,800,83,1050000,1012048.19277108,11.9065567904524,TRUE,NA
"Beta centre-high",10,204123,327,333,1050000,103558,14119,0.182081106711122,333,30,1050000,1165500,19.2911256866153,TRUE,NA
"Beta centre-high",10,204123,327,800,1050000,103558,14119,0.236862399945316,800,70,1050000,1200000,12.8117645057411,TRUE,NA
"Beta centre-high",10,204123,328,333,1050000,101898,14089,0.182034337691555,333,32,1050000,1092656.25,18.7433774150619,TRUE,NA
"Beta centre-high",10,204123,328,800,1050000,101898,14089,0.234286496501723,800,76,1050000,1105263.15789474,12.3637823606631,TRUE,NA
"Beta centre-high",10,204123,329,333,1050000,106198,14624,0.176508754293513,333,34,1050000,1028382.35294118,18.2464200319481,TRUE,NA
"Beta centre-high",10,204123,329,800,1050000,106198,14624,0.230407687143033,800,71,1050000,1183098.5915493,12.7329979704687,TRUE,NA
"Beta centre-high",10,204123,330,333,1050000,102308,14113,0.181301124044419,333,35,1050000,999000,18.0146740919102,TRUE,NA
"Beta centre-high",10,204123,330,800,1050000,102308,14113,0.226358336111061,800,74,1050000,1135135.13513514,12.5067702476922,TRUE,NA
"Beta centre-high",10,204123,331,333,1050000,100603,14245,0.185191785743484,333,30,1050000,1165500,19.2911256866153,TRUE,NA
"Beta centre-high",10,204123,331,800,1050000,100603,14245,0.236110482910431,800,73,1050000,1150684.93150685,12.580559139533,TRUE,NA
"Beta centre-high",10,204123,332,333,1050000,106239,14334,0.187311652747745,333,31,1050000,1127903.22580645,19.0103877415676,TRUE,NA
"Beta centre-high",10,204123,332,800,1050000,106239,14334,0.238320310478248,800,71,1050000,1183098.5915493,12.7329979704687,TRUE,NA
"Beta centre-high",10,204123,333,333,1050000,104082,14318,0.180120522031044,333,36,1050000,971250,17.793031633233,TRUE,NA
"Beta centre-high",10,204123,333,800,1050000,104082,14318,0.23451752858951,800,88,1050000,954545.454545455,11.6155297136974,TRUE,NA
"Beta centre-high",10,204123,334,333,1050000,105190,14208,0.178755906569654,333,32,1050000,1092656.25,18.7433774150619,TRUE,NA
"Beta centre-high",10,204123,334,800,1050000,105190,14208,0.232529112701231,800,79,1050000,1063291.13924051,12.1600347604124,TRUE,NA
"Beta centre-high",10,204123,335,333,1050000,106887,14082,0.181249100718207,333,31,1050000,1127903.22580645,19.0103877415676,TRUE,NA
"Beta centre-high",10,204123,335,800,1050000,106887,14082,0.233115603635904,800,66,1050000,1272727.27272727,13.1453154548902,TRUE,NA
"Beta centre-high",10,204123,336,333,1050000,103646,14209,0.184586054969885,333,34,1050000,1028382.35294118,18.2464200319481,TRUE,NA
"Beta centre-high",10,204123,336,800,1050000,103646,14209,0.233797255875655,800,72,1050000,1166666.66666667,12.6559494223987,TRUE,NA
"Beta centre-high",10,204123,337,333,1050000,104166,14234,0.180695183542166,333,33,1050000,1059545.45454545,18.489037291156,TRUE,NA
"Beta centre-high",10,204123,337,800,1050000,104166,14234,0.235785544268789,800,77,1050000,1090909.09090909,12.2944823707041,TRUE,NA
"Beta centre-high",10,204123,338,333,1050000,108818,14354,0.174264150844403,333,31,1050000,1127903.22580645,19.0103877415676,TRUE,NA
"Beta centre-high",10,204123,338,800,1050000,108818,14354,0.233417976669279,800,80,1050000,1050000,12.0947991671389,TRUE,NA
"Beta centre-high",10,204123,339,333,1050000,106065,14211,0.176662621187718,333,37,1050000,945000,17.5807982524607,TRUE,NA
"Beta centre-high",10,204123,339,800,1050000,106065,14211,0.234218110174422,800,81,1050000,1037037.03703704,12.030833596093,TRUE,NA
"Beta centre-high",10,204123,340,333,1050000,107808,14213,0.178362712248533,333,30,1050000,1165500,19.2911256866153,TRUE,NA
"Beta centre-high",10,204123,340,800,1050000,107808,14213,0.231237081705204,800,89,1050000,943820.224719101,11.5604375979122,TRUE,NA
"Beta centre-high",10,204123,341,333,1050000,109552,14246,0.181162562295584,333,31,1050000,1127903.22580645,19.0103877415676,TRUE,NA
"Beta centre-high",10,204123,341,800,1050000,109552,14246,0.235065191458974,800,86,1050000,976744.186046512,11.7287355098862,TRUE,NA
"Beta centre-high",10,204123,342,333,1050000,100423,14293,0.187337204961258,333,37,1050000,945000,17.5807982524607,TRUE,NA
"Beta centre-high",10,204123,342,800,1050000,100423,14293,0.238470886974403,800,86,1050000,976744.186046512,11.7287355098862,TRUE,NA
"Beta centre-high",10,204123,343,333,1050000,107346,14312,0.182619898241385,333,29,1050000,1205689.65517241,19.5867757206323,TRUE,NA
"Beta centre-high",10,204123,343,800,1050000,107346,14312,0.234429859809093,800,74,1050000,1135135.13513514,12.5067702476922,TRUE,NA
"Beta centre-high",10,204123,344,333,1050000,108906,14287,0.175223311312946,333,32,1050000,1092656.25,18.7433774150619,TRUE,NA
"Beta centre-high",10,204123,344,800,1050000,108906,14287,0.232395930157642,800,76,1050000,1105263.15789474,12.3637823606631,TRUE,NA
"Beta centre-high",10,204123,345,333,1050000,106326,14077,0.183537594891475,333,46,1050000,760108.695652174,16.0064206264636,TRUE,NA
"Beta centre-high",10,204123,345,800,1050000,106326,14077,0.232687363737255,800,88,1050000,954545.454545455,11.6155297136974,TRUE,NA
"Beta centre-high",10,204123,346,333,1050000,105666,14327,0.182090278793128,333,27,1050000,1295000,20.2283110341379,TRUE,NA
"Beta centre-high",10,204123,346,800,1050000,105666,14327,0.233140527073786,800,69,1050000,1217391.30434783,12.8923117835906,TRUE,NA
"Beta centre-high",10,204123,347,333,1050000,102117,14007,0.182571537394586,333,41,1050000,852804.87804878,16.8141796097176,TRUE,NA
"Beta centre-high",10,204123,347,800,1050000,102117,14007,0.238044986225808,800,91,1050000,923076.923076923,11.4531339284728,TRUE,NA
"Beta centre-high",10,204123,348,333,1050000,100761,14456,0.183434372338377,333,34,1050000,1028382.35294118,18.2464200319481,TRUE,NA
"Beta centre-high",10,204123,348,800,1050000,100761,14456,0.234035552317475,800,71,1050000,1183098.5915493,12.7329979704687,TRUE,NA
"Beta centre-high",10,204123,349,333,1050000,103658,14234,0.178144380060819,333,34,1050000,1028382.35294118,18.2464200319481,TRUE,NA
"Beta centre-high",10,204123,349,800,1050000,103658,14234,0.232409331460745,800,74,1050000,1135135.13513514,12.5067702476922,TRUE,NA
"Beta centre-high",10,204123,350,333,1050000,106059,14206,0.18130742542599,333,43,1050000,813139.534883721,16.4733826659353,TRUE,NA
"Beta centre-high",10,204123,350,800,1050000,106059,14206,0.232114760777311,800,84,1050000,1e+06,11.8461717842113,TRUE,NA
"Beta centre-high",10,204123,351,333,1050000,103526,14199,0.179773462086201,333,37,1050000,945000,17.5807982524607,TRUE,NA
"Beta centre-high",10,204123,351,800,1050000,103526,14199,0.229935723359635,800,67,1050000,1253731.34328358,13.0590159750537,TRUE,NA
"Beta centre-high",10,204123,352,333,1050000,103604,14202,0.178886084314821,333,39,1050000,896538.461538462,17.1820968840741,TRUE,NA
"Beta centre-high",10,204123,352,800,1050000,103604,14202,0.237250894043037,800,84,1050000,1e+06,11.8461717842113,TRUE,NA
"Beta centre-high",10,204123,353,333,1050000,101881,14364,0.181328075747,333,29,1050000,1205689.65517241,19.5867757206323,TRUE,NA
"Beta centre-high",10,204123,353,800,1050000,101881,14364,0.237295002354635,800,72,1050000,1166666.66666667,12.6559494223987,TRUE,NA
"Beta centre-high",10,204123,354,333,1050000,103292,14318,0.176871829180245,333,33,1050000,1059545.45454545,18.489037291156,TRUE,NA
"Beta centre-high",10,204123,354,800,1050000,103292,14318,0.231117978483002,800,71,1050000,1183098.5915493,12.7329979704687,TRUE,NA
"Beta centre-high",10,204123,355,333,1050000,102651,14304,0.178082077981865,333,29,1050000,1205689.65517241,19.5867757206323,TRUE,NA
"Beta centre-high",10,204123,355,800,1050000,102651,14304,0.232488898607268,800,82,1050000,1024390.24390244,11.9680986963519,TRUE,NA
"Beta centre-high",10,204123,356,333,1050000,105807,14297,0.177774760130929,333,31,1050000,1127903.22580645,19.0103877415676,TRUE,NA
"Beta centre-high",10,204123,356,800,1050000,105807,14297,0.230855972667903,800,77,1050000,1090909.09090909,12.2944823707041,TRUE,NA
"Beta centre-high",10,204123,357,333,1050000,105545,14279,0.180673762913742,333,24,1050000,1456875,21.341997647599,TRUE,NA
"Beta centre-high",10,204123,357,800,1050000,105545,14279,0.235913946972313,800,94,1050000,893617.021276596,11.2989886988539,TRUE,NA
"Beta centre-high",10,204123,358,333,1050000,108348,14385,0.178223072304416,333,35,1050000,999000,18.0146740919102,TRUE,NA
"Beta centre-high",10,204123,358,800,1050000,108348,14385,0.230863794430028,800,85,1050000,988235.294117647,11.7869090824081,TRUE,NA
"Beta centre-high",10,204123,359,333,1050000,104227,14309,0.176963407673511,333,37,1050000,945000,17.5807982524607,TRUE,NA
"Beta centre-high",10,204123,359,800,1050000,104227,14309,0.229397507873573,800,73,1050000,1150684.93150685,12.580559139533,TRUE,NA
"Beta centre-high",10,204123,360,333,1050000,110081,14444,0.176836282890129,333,36,1050000,971250,17.793031633233,TRUE,NA
"Beta centre-high",10,204123,360,800,1050000,110081,14444,0.232700752759855,800,87,1050000,965517.24137931,11.671619237666,TRUE,NA
"Beta centre-high",10,204123,361,333,1050000,101656,14260,0.177624785145328,333,28,1050000,1248750,19.8986696556908,TRUE,NA
"Beta centre-high",10,204123,361,800,1050000,101656,14260,0.232755421422541,800,81,1050000,1037037.03703704,12.030833596093,TRUE,NA
"Beta centre-high",10,204123,362,333,1050000,101138,14223,0.177169662015486,333,28,1050000,1248750,19.8986696556908,TRUE,NA
"Beta centre-high",10,204123,362,800,1050000,101138,14223,0.233422243652266,800,73,1050000,1150684.93150685,12.580559139533,TRUE,NA
"Beta centre-high",10,204123,363,333,1050000,99350,14175,0.180487674231223,333,33,1050000,1059545.45454545,18.489037291156,TRUE,NA
"Beta centre-high",10,204123,363,800,1050000,99350,14175,0.234765485734345,800,90,1050000,933333.333333333,11.5063147012645,TRUE,NA
"Beta centre-high",10,204123,364,333,1050000,108664,14285,0.183215066930862,333,39,1050000,896538.461538462,17.1820968840741,TRUE,NA
"Beta centre-high",10,204123,364,800,1050000,108664,14285,0.233240940629975,800,92,1050000,913043.47826087,11.4008692242012,TRUE,NA
"Beta centre-high",10,204123,365,333,1050000,100860,14245,0.177667533762791,333,22,1050000,1589318.18181818,22.211700778394,TRUE,NA
"Beta centre-high",10,204123,365,800,1050000,100860,14245,0.228541530168141,800,77,1050000,1090909.09090909,12.2944823707041,TRUE,NA
"Beta centre-high",10,204123,366,333,1050000,102680,14298,0.182944036013476,333,35,1050000,999000,18.0146740919102,TRUE,NA
"Beta centre-high",10,204123,366,800,1050000,102680,14298,0.235126457942342,800,78,1050000,1076923.07692308,12.226581496827,TRUE,NA
"Beta centre-high",10,204123,367,333,1050000,106359,14124,0.181047509614976,333,32,1050000,1092656.25,18.7433774150619,TRUE,NA
"Beta centre-high",10,204123,367,800,1050000,106359,14124,0.233500898854842,800,70,1050000,1200000,12.8117645057411,TRUE,NA
"Beta centre-high",10,204123,368,333,1050000,104598,14288,0.181095548115504,333,29,1050000,1205689.65517241,19.5867757206323,TRUE,NA
"Beta centre-high",10,204123,368,800,1050000,104598,14288,0.234688340678076,800,76,1050000,1105263.15789474,12.3637823606631,TRUE,NA
"Beta centre-high",10,204123,369,333,1050000,112920,14147,0.179827600515892,333,36,1050000,971250,17.793031633233,TRUE,NA
"Beta centre-high",10,204123,369,800,1050000,112920,14147,0.235657230693152,800,81,1050000,1037037.03703704,12.030833596093,TRUE,NA
"Beta centre-high",10,204123,370,333,1050000,101714,14092,0.182761327458606,333,33,1050000,1059545.45454545,18.489037291156,TRUE,NA
"Beta centre-high",10,204123,370,800,1050000,101714,14092,0.234116057177771,800,90,1050000,933333.333333333,11.5063147012645,TRUE,NA
"Beta centre-high",10,204123,371,333,1050000,105900,14355,0.1795803862191,333,31,1050000,1127903.22580645,19.0103877415676,TRUE,NA
"Beta centre-high",10,204123,371,800,1050000,105900,14355,0.235780250240388,800,77,1050000,1090909.09090909,12.2944823707041,TRUE,NA
"Beta centre-high",10,204123,372,333,1050000,101554,14226,0.182553827588668,333,36,1050000,971250,17.793031633233,TRUE,NA
"Beta centre-high",10,204123,372,800,1050000,101554,14226,0.231447449105189,800,71,1050000,1183098.5915493,12.7329979704687,TRUE,NA
"Beta centre-high",10,204123,373,333,1050000,108252,14209,0.179633234391409,333,39,1050000,896538.461538462,17.1820968840741,TRUE,NA
"Beta centre-high",10,204123,373,800,1050000,108252,14209,0.235190473608823,800,87,1050000,965517.24137931,11.671619237666,TRUE,NA
"Beta centre-high",10,204123,374,333,1050000,102206,14093,0.178234517758255,333,43,1050000,813139.534883721,16.4733826659353,TRUE,NA
"Beta centre-high",10,204123,374,800,1050000,102206,14093,0.235161287380118,800,84,1050000,1e+06,11.8461717842113,TRUE,NA
"Beta centre-high",10,204123,375,333,1050000,108497,14311,0.182147305683634,333,28,1050000,1248750,19.8986696556908,TRUE,NA
"Beta centre-high",10,204123,375,800,1050000,108497,14311,0.232218984499424,800,66,1050000,1272727.27272727,13.1453154548902,TRUE,NA
"Beta centre-high",10,204123,376,333,1050000,107628,14206,0.180672320245339,333,37,1050000,945000,17.5807982524607,TRUE,NA
"Beta centre-high",10,204123,376,800,1050000,107628,14206,0.229620823317378,800,84,1050000,1e+06,11.8461717842113,TRUE,NA
"Beta centre-high",10,204123,377,333,1050000,99060,14109,0.180872122410558,333,24,1050000,1456875,21.341997647599,TRUE,NA
"Beta centre-high",10,204123,377,800,1050000,99060,14109,0.235160963126573,800,69,1050000,1217391.30434783,12.8923117835906,TRUE,NA
"Beta centre-high",10,204123,378,333,1050000,101402,14315,0.182499179560503,333,26,1050000,1344807.69230769,20.5774046356395,TRUE,NA
"Beta centre-high",10,204123,378,800,1050000,101402,14315,0.236232753843509,800,81,1050000,1037037.03703704,12.030833596093,TRUE,NA
"Beta centre-high",10,204123,379,333,1050000,104928,14025,0.179107308337474,333,42,1050000,832500,16.6405959934941,TRUE,NA
"Beta centre-high",10,204123,379,800,1050000,104928,14025,0.233240839112141,800,99,1050000,848484.848484849,11.0586738763527,TRUE,NA
"Beta centre-high",10,204123,380,333,1050000,110413,14285,0.180187742267182,333,42,1050000,832500,16.6405959934941,TRUE,NA
"Beta centre-high",10,204123,380,800,1050000,110413,14285,0.235359147539431,800,101,1050000,831683.168316832,10.9678652382094,TRUE,NA
"Beta centre-high",10,204123,381,333,1050000,102722,14152,0.184412569429112,333,43,1050000,813139.534883721,16.4733826659353,TRUE,NA
"Beta centre-high",10,204123,381,800,1050000,102722,14152,0.234842646169208,800,91,1050000,923076.923076923,11.4531339284728,TRUE,NA
"Beta centre-high",10,204123,382,333,1050000,104940,14248,0.182460557836432,333,22,1050000,1589318.18181818,22.211700778394,TRUE,NA
"Beta centre-high",10,204123,382,800,1050000,104940,14248,0.231008833742395,800,56,1050000,1500000,14.1370292305298,TRUE,NA
"Beta centre-high",10,204123,383,333,1050000,110191,13991,0.179457229807332,333,27,1050000,1295000,20.2283110341379,TRUE,NA
"Beta centre-high",10,204123,383,800,1050000,110191,13991,0.233840586959321,800,84,1050000,1e+06,11.8461717842113,TRUE,NA
"Beta centre-high",10,204123,384,333,1050000,104118,14019,0.181646829229368,333,39,1050000,896538.461538462,17.1820968840741,TRUE,NA
"Beta centre-high",10,204123,384,800,1050000,104118,14019,0.23419848772653,800,94,1050000,893617.021276596,11.2989886988539,TRUE,NA
"Beta centre-high",10,204123,385,333,1050000,106948,14318,0.185280685695611,333,38,1050000,920131.578947368,17.3773442061869,TRUE,NA
"Beta centre-high",10,204123,385,800,1050000,106948,14318,0.236004719379379,800,78,1050000,1076923.07692308,12.226581496827,TRUE,NA
"Beta centre-high",10,204123,386,333,1050000,102065,14280,0.182395980338362,333,30,1050000,1165500,19.2911256866153,TRUE,NA
"Beta centre-high",10,204123,386,800,1050000,102065,14280,0.237004230787526,800,84,1050000,1e+06,11.8461717842113,TRUE,NA
"Beta centre-high",10,204123,387,333,1050000,106458,14251,0.183082418251317,333,44,1050000,794659.090909091,16.312171044842,TRUE,NA
"Beta centre-high",10,204123,387,800,1050000,106458,14251,0.231673122061579,800,91,1050000,923076.923076923,11.4531339284728,TRUE,NA
"Beta centre-high",10,204123,388,333,1050000,102694,14192,0.181526759123542,333,27,1050000,1295000,20.2283110341379,TRUE,NA
"Beta centre-high",10,204123,388,800,1050000,102694,14192,0.236208314326023,800,65,1050000,1292307.69230769,13.2336812996074,TRUE,NA
"Beta centre-high",10,204123,389,333,1050000,105884,14389,0.184224988266308,333,45,1050000,777000,16.1566215263488,TRUE,NA
"Beta centre-high",10,204123,389,800,1050000,105884,14389,0.232112758640502,800,88,1050000,954545.454545455,11.6155297136974,TRUE,NA
"Beta centre-high",10,204123,390,333,1050000,102638,14247,0.184058022413033,333,47,1050000,743936.170212766,15.8612784595146,TRUE,NA
"Beta centre-high",10,204123,390,800,1050000,102638,14247,0.235257164085073,800,93,1050000,903225.806451613,11.3494955224386,TRUE,NA
"Beta centre-high",10,204123,391,333,1050000,106495,14227,0.178893410481832,333,31,1050000,1127903.22580645,19.0103877415676,TRUE,NA
"Beta centre-high",10,204123,391,800,1050000,106495,14227,0.232867527671068,800,88,1050000,954545.454545455,11.6155297136974,TRUE,NA
"Beta centre-high",10,204123,392,333,1050000,104017,14244,0.175989220114315,333,38,1050000,920131.578947368,17.3773442061869,TRUE,NA
"Beta centre-high",10,204123,392,800,1050000,104017,14244,0.23168421577601,800,77,1050000,1090909.09090909,12.2944823707041,TRUE,NA
"Beta centre-high",10,204123,393,333,1050000,106619,14105,0.184684699690578,333,44,1050000,794659.090909091,16.312171044842,TRUE,NA
"Beta centre-high",10,204123,393,800,1050000,106619,14105,0.23309453702827,800,89,1050000,943820.224719101,11.5604375979122,TRUE,NA
"Beta centre-high",10,204123,394,333,1050000,103668,14335,0.178226154120846,333,38,1050000,920131.578947368,17.3773442061869,TRUE,NA
"Beta centre-high",10,204123,394,800,1050000,103668,14335,0.233804580637897,800,78,1050000,1076923.07692308,12.226581496827,TRUE,NA
"Beta centre-high",10,204123,395,333,1050000,106052,14381,0.18205245822547,333,36,1050000,971250,17.793031633233,TRUE,NA
"Beta centre-high",10,204123,395,800,1050000,106052,14381,0.235226879479807,800,91,1050000,923076.923076923,11.4531339284728,TRUE,NA
"Beta centre-high",10,204123,396,333,1050000,104576,14101,0.179704097130289,333,34,1050000,1028382.35294118,18.2464200319481,TRUE,NA
"Beta centre-high",10,204123,396,800,1050000,104576,14101,0.234992894318885,800,78,1050000,1076923.07692308,12.226581496827,TRUE,NA
"Beta centre-high",10,204123,397,333,1050000,103378,14115,0.181500322108279,333,35,1050000,999000,18.0146740919102,TRUE,NA
"Beta centre-high",10,204123,397,800,1050000,103378,14115,0.2334959003716,800,91,1050000,923076.923076923,11.4531339284728,TRUE,NA
"Beta centre-high",10,204123,398,333,1050000,105205,14100,0.177045966623233,333,23,1050000,1520217.39130435,21.7622794214923,TRUE,NA
"Beta centre-high",10,204123,398,800,1050000,105205,14100,0.229690052987055,800,81,1050000,1037037.03703704,12.030833596093,TRUE,NA
"Beta centre-high",10,204123,399,333,1050000,102243,14160,0.1806684851299,333,28,1050000,1248750,19.8986696556908,TRUE,NA
"Beta centre-high",10,204123,399,800,1050000,102243,14160,0.233404482848101,800,75,1050000,1120000,12.4345285486325,TRUE,NA
"Beta centre-high",10,204123,400,333,1050000,102211,14166,0.180602105599807,333,27,1050000,1295000,20.2283110341379,TRUE,NA
"Beta centre-high",10,204123,400,800,1050000,102211,14166,0.23412626210995,800,71,1050000,1183098.5915493,12.7329979704687,TRUE,NA
