"scenario","ratio_value","setting_seed","repetition","x_stop","n_target_total","n_marker_actual","n_target_band","x_end","x_count","n_count","c_true","c_hat","sigma_L","valid","invalid_reason"
"Beta left-high",10,404123,1,333,1050000,106638,52341,0.00838841525995357,333,35,1050000,999000,18.0146740919102,TRUE,NA
"Beta left-high",10,404123,1,800,1050000,106638,52341,0.0149854962535949,800,85,1050000,988235.294117647,11.7869090824081,TRUE,NA
"Beta left-high",10,404123,2,333,1050000,109479,52512,0.00806064226294625,333,37,1050000,945000,17.5807982524607,TRUE,NA
"Beta left-high",10,404123,2,800,1050000,109479,52512,0.0152843402875005,800,81,1050000,1037037.03703704,12.030833596093,TRUE,NA
"Beta left-high",10,404123,3,333,1050000,105782,52238,0.00808063880891037,333,31,1050000,1127903.22580645,19.0103877415676,TRUE,NA
"Beta left-high",10,404123,3,800,1050000,105782,52238,0.0146577368831306,800,82,1050000,1024390.24390244,11.9680986963519,TRUE,NA
"Beta left-high",10,404123,4,333,1050000,98052,52787,0.00747109645151685,333,20,1050000,1748250,23.2123716350453,TRUE,NA
"Beta left-high",10,404123,4,800,1050000,98052,52787,0.0138374194501591,800,67,1050000,1253731.34328358,13.0590159750537,TRUE,NA
"Beta left-high",10,404123,5,333,1050000,99040,52625,0.00794597429816312,333,31,1050000,1127903.22580645,19.0103877415676,TRUE,NA
"Beta left-high",10,404123,5,800,1050000,99040,52625,0.0146424674156122,800,79,1050000,1063291.13924051,12.1600347604124,TRUE,NA
"Beta left-high",10,404123,6,333,1050000,105449,52934,0.00772136164679038,333,38,1050000,920131.578947368,17.3773442061869,TRUE,NA
"Beta left-high",10,404123,6,800,1050000,105449,52934,0.0144617276241133,800,82,1050000,1024390.24390244,11.9680986963519,TRUE,NA
"Beta left-high",10,404123,7,333,1050000,106720,52585,0.00844812861145158,333,27,1050000,1295000,20.2283110341379,TRUE,NA
"Beta left-high",10,404123,7,800,1050000,106720,52585,0.0145503199579552,800,65,1050000,1292307.69230769,13.2336812996074,TRUE,NA
"Beta left-high",10,404123,8,333,1050000,102736,52368,0.00790058246296081,333,33,1050000,1059545.45454545,18.489037291156,TRUE,NA
"Beta left-high",10,404123,8,800,1050000,102736,52368,0.0145722405488163,800,83,1050000,1012048.19277108,11.9065567904524,TRUE,NA
"Beta left-high",10,404123,9,333,1050000,104704,52413,0.00804302980379001,333,33,1050000,1059545.45454545,18.489037291156,TRUE,NA
"Beta left-high",10,404123,9,800,1050000,104704,52413,0.0143961557564331,800,82,1050000,1024390.24390244,11.9680986963519,TRUE,NA
"Beta left-high",10,404123,10,333,1050000,109576,52481,0.00765195063277635,333,33,1050000,1059545.45454545,18.489037291156,TRUE,NA
"Beta left-high",10,404123,10,800,1050000,109576,52481,0.0139482604774933,800,79,1050000,1063291.13924051,12.1600347604124,TRUE,NA
"Beta left-high",10,404123,11,333,1050000,107088,52639,0.0082506282733658,333,33,1050000,1059545.45454545,18.489037291156,TRUE,NA
"Beta left-high",10,404123,11,800,1050000,107088,52639,0.0148214830400529,800,72,1050000,1166666.66666667,12.6559494223987,TRUE,NA
"Beta left-high",10,404123,12,333,1050000,109110,52136,0.00824684386094761,333,27,1050000,1295000,20.2283110341379,TRUE,NA
"Beta left-high",10,404123,12,800,1050000,109110,52136,0.0146469669770154,800,75,1050000,1120000,12.4345285486325,TRUE,NA
"Beta left-high",10,404123,13,333,1050000,104240,52360,0.0080160789585785,333,35,1050000,999000,18.0146740919102,TRUE,NA
"Beta left-high",10,404123,13,800,1050000,104240,52360,0.0139481210241847,800,68,1050000,1235294.11764706,12.9747057933055,TRUE,NA
"Beta left-high",10,404123,14,333,1050000,107870,52181,0.00811888639282411,333,41,1050000,852804.87804878,16.8141796097176,TRUE,NA
"Beta left-high",10,404123,14,800,1050000,107870,52181,0.0147022961245746,800,93,1050000,903225.806451613,11.3494955224386,TRUE,NA
"Beta left-high",10,404123,15,333,1050000,101186,52479,0.00766687366436384,333,25,1050000,1398600,20.9478924219945,TRUE,NA
"Beta left-high",10,404123,15,800,1050000,101186,52479,0.0146079264279455,800,71,1050000,1183098.5915493,12.7329979704687,TRUE,NA
"Beta left-high",10,404123,16,333,1050000,101828,52660,0.00747325977659634,333,30,1050000,1165500,19.2911256866153,TRUE,NA
"Beta left-high",10,404123,16,800,1050000,101828,52660,0.0145282450183605,800,62,1050000,1354838.70967742,13.5120127839663,TRUE,NA
"Beta left-high",10,404123,17,333,1050000,108390,51940,0.00822106363236562,333,32,1050000,1092656.25,18.7433774150619,TRUE,NA
"Beta left-high",10,404123,17,800,1050000,108390,51940,0.015168384454745,800,82,1050000,1024390.24390244,11.9680986963519,TRUE,NA
"Beta left-high",10,404123,18,333,1050000,101128,52860,0.00814308683254177,333,39,1050000,896538.461538462,17.1820968840741,TRUE,NA
"Beta left-high",10,404123,18,800,1050000,101128,52860,0.014765752986004,800,80,1050000,1050000,12.0947991671389,TRUE,NA
"Beta left-high",10,404123,19,333,1050000,109525,52614,0.00845451715979428,333,32,1050000,1092656.25,18.7433774150619,TRUE,NA
"Beta left-high",10,404123,19,800,1050000,109525,52614,0.0151611098835525,800,74,1050000,1135135.13513514,12.5067702476922,TRUE,NA
"Beta left-high",10,404123,20,333,1050000,103267,52187,0.00805942921450162,333,40,1050000,874125,16.9945343249956,TRUE,NA
"Beta left-high",10,404123,20,800,1050000,103267,52187,0.0148283046969494,800,83,1050000,1012048.19277108,11.9065567904524,TRUE,NA
"Beta left-high",10,404123,21,333,1050000,108537,52583,0.0081155210949434,333,35,1050000,999000,18.0146740919102,TRUE,NA
"Beta left-high",10,404123,21,800,1050000,108537,52583,0.0143184252324314,800,72,1050000,1166666.66666667,12.6559494223987,TRUE,NA
"Beta left-high",10,404123,22,333,1050000,109492,52278,0.00795098375799819,333,39,1050000,896538.461538462,17.1820968840741,TRUE,NA
"Beta left-high",10,404123,22,800,1050000,109492,52278,0.014367048515398,800,83,1050000,1012048.19277108,11.9065567904524,TRUE,NA
"Beta left-high",10,404123,23,333,1050000,105855,52179,0.00767278956696747,333,30,1050000,1165500,19.2911256866153,TRUE,NA
"Beta left-high",10,404123,23,800,1050000,105855,52179,0.0144890901138704,800,70,1050000,1200000,12.8117645057411,TRUE,NA
"Beta left-high",10,404123,24,333,1050000,103288,52603,0.00796705919494907,333,28,1050000,1248750,19.8986696556908,TRUE,NA
"Beta left-high",10,404123,24,800,1050000,103288,52603,0.0142597762086719,800,74,1050000,1135135.13513514,12.5067702476922,TRUE,NA
"Beta left-high",10,404123,25,333,1050000,106404,52505,0.0075794838410748,333,29,1050000,1205689.65517241,19.5867757206323,TRUE,NA
"Beta left-high",10,404123,25,800,1050000,106404,52505,0.0141211371857646,800,69,1050000,1217391.30434783,12.8923117835906,TRUE,NA
"Beta left-high",10,404123,26,333,1050000,105656,52635,0.00782122143547241,333,31,1050000,1127903.22580645,19.0103877415676,TRUE,NA
"Beta left-high",10,404123,26,800,1050000,105656,52635,0.0145938595271982,800,81,1050000,1037037.03703704,12.030833596093,TRUE,NA
"Beta left-high",10,404123,27,333,1050000,107757,52533,0.00811304736948659,333,31,1050000,1127903.22580645,19.0103877415676,TRUE,NA
"Beta left-high",10,404123,27,800,1050000,107757,52533,0.0144987354463872,800,68,1050000,1235294.11764706,12.9747057933055,TRUE,NA
"Beta left-high",10,404123,28,333,1050000,99325,52719,0.00748816682249875,333,28,1050000,1248750,19.8986696556908,TRUE,NA
"Beta left-high",10,404123,28,800,1050000,99325,52719,0.0141388001507589,800,68,1050000,1235294.11764706,12.9747057933055,TRUE,NA
"Beta left-high",10,404123,29,333,1050000,101531,52416,0.00821967095253681,333,23,1050000,1520217.39130435,21.7622794214923,TRUE,NA
"Beta left-high",10,404123,29,800,1050000,101531,52416,0.0154561911672773,800,79,1050000,1063291.13924051,12.1600347604124,TRUE,NA
"Beta left-high",10,404123,30,333,1050000,105734,52773,0.00762043532160221,333,41,1050000,852804.87804878,16.8141796097176,TRUE,NA
"Beta left-high",10,404123,30,800,1050000,105734,52773,0.0145655536141334,800,96,1050000,875000,11.2004836306336,TRUE,NA
"Beta left-high",10,404123,31,333,1050000,106198,52203,0.007329533542477,333,36,1050000,971250,17.793031633233,TRUE,NA
"Beta left-high",10,404123,31,800,1050000,106198,52203,0.0137258622313269,800,76,1050000,1105263.15789474,12.3637823606631,TRUE,NA
"Beta left-high",10,404123,32,333,1050000,106693,52642,0.00796955627953576,333,36,1050000,971250,17.793031633233,TRUE,NA
"Beta left-high",10,404123,32,800,1050000,106693,52642,0.0146687781800136,800,91,1050000,923076.923076923,11.4531339284728,TRUE,NA
"Beta left-high",10,404123,33,333,1050000,107610,52617,0.00800485365902282,333,21,1050000,1665000,22.6937143965885,TRUE,NA
"Beta left-high",10,404123,33,800,1050000,107610,52617,0.015034592705271,800,69,1050000,1217391.30434783,12.8923117835906,TRUE,NA
"Beta left-high",10,404123,34,333,1050000,104035,52149,0.00794845122522062,333,26,1050000,1344807.69230769,20.5774046356395,TRUE,NA
"Beta left-high",10,404123,34,800,1050000,104035,52149,0.014858830340483,800,70,1050000,1200000,12.8117645057411,TRUE,NA
"Beta left-high",10,404123,35,333,1050000,106027,52950,0.00806845896125085,333,42,1050000,832500,16.6405959934941,TRUE,NA
"Beta left-high",10,404123,35,800,1050000,106027,52950,0.0140854983719318,800,88,1050000,954545.454545455,11.6155297136974,TRUE,NA
"Beta left-high",10,404123,36,333,1050000,108832,52414,0.00842294443381099,333,27,1050000,1295000,20.2283110341379,TRUE,NA
"Beta left-high",10,404123,36,800,1050000,108832,52414,0.0149760732470003,800,71,1050000,1183098.5915493,12.7329979704687,TRUE,NA
"Beta left-high",10,404123,37,333,1050000,105084,52239,0.00877218026324659,333,40,1050000,874125,16.9945343249956,TRUE,NA
"Beta left-high",10,404123,37,800,1050000,105084,52239,0.0147519190370096,800,82,1050000,1024390.24390244,11.9680986963519,TRUE,NA
"Beta left-high",10,404123,38,333,1050000,102126,52988,0.00760948573916755,333,25,1050000,1398600,20.9478924219945,TRUE,NA
"Beta left-high",10,404123,38,800,1050000,102126,52988,0.0143062631354184,800,69,1050000,1217391.30434783,12.8923117835906,TRUE,NA
"Beta left-high",10,404123,39,333,1050000,105621,52380,0.00778991336123692,333,31,1050000,1127903.22580645,19.0103877415676,TRUE,NA
"Beta left-high",10,404123,39,800,1050000,105621,52380,0.0147500601087057,800,79,1050000,1063291.13924051,12.1600347604124,TRUE,NA
"Beta left-high",10,404123,40,333,1050000,109275,52965,0.00809544969272276,333,24,1050000,1456875,21.341997647599,TRUE,NA
"Beta left-high",10,404123,40,800,1050000,109275,52965,0.0150982002075493,800,86,1050000,976744.186046512,11.7287355098862,TRUE,NA
"Beta left-high",10,404123,41,333,1050000,104255,52507,0.0075953092397638,333,33,1050000,1059545.45454545,18.489037291156,TRUE,NA
"Beta left-high",10,404123,41,800,1050000,104255,52507,0.0143402393002718,800,76,1050000,1105263.15789474,12.3637823606631,TRUE,NA
"Beta left-high",10,404123,42,333,1050000,103257,52632,0.00818526926696077,333,31,1050000,1127903.22580645,19.0103877415676,TRUE,NA
"Beta left-high",10,404123,42,800,1050000,103257,52632,0.0148326961140736,800,68,1050000,1235294.11764706,12.9747057933055,TRUE,NA
"Beta left-high",10,404123,43,333,1050000,101406,52163,0.00841725554599322,333,29,1050000,1205689.65517241,19.5867757206323,TRUE,NA
"Beta left-high",10,404123,43,800,1050000,101406,52163,0.0147000629029054,800,69,1050000,1217391.30434783,12.8923117835906,TRUE,NA
"Beta left-high",10,404123,44,333,1050000,107461,52180,0.00823795108852981,333,40,1050000,874125,16.9945343249956,TRUE,NA
"Beta left-high",10,404123,44,800,1050000,107461,52180,0.0148374588943251,800,86,1050000,976744.186046512,11.7287355098862,TRUE,NA
"Beta left-high",10,404123,45,333,1050000,102772,52375,0.00814747643132569,333,26,1050000,1344807.69230769,20.5774046356395,TRUE,NA
"Beta left-high",10,404123,45,800,1050000,102772,52375,0.0144370046247182,800,70,1050000,1200000,12.8117645057411,TRUE,NA
"Beta left-high",10,404123,46,333,1050000,109593,52365,0.00805517311585417,333,25,1050000,1398600,20.9478924219945,TRUE,NA
"Beta left-high",10,404123,46,800,1050000,109593,52365,0.0145983848255432,800,65,1050000,1292307.69230769,13.2336812996074,TRUE,NA
"Beta left-high",10,404123,47,333,1050000,109801,52393,0.00849236822122497,333,38,1050000,920131.578947368,17.3773442061869,TRUE,NA
"Beta left-high",10,404123,47,800,1050000,109801,52393,0.0148657523221908,800,96,1050000,875000,11.2004836306336,TRUE,NA
"Beta left-high",10,404123,48,333,1050000,98472,52502,0.00781172161682594,333,29,1050000,1205689.65517241,19.5867757206323,TRUE,NA
"Beta left-high",10,404123,48,800,1050000,98472,52502,0.0146279225681663,800,70,1050000,1200000,12.8117645057411,TRUE,NA
"Beta left-high",10,404123,49,333,1050000,104258,52628,0.00773345833432435,333,33,1050000,1059545.45454545,18.489037291156,TRUE,NA
"Beta left-high",10,404123,49,800,1050000,104258,52628,0.0142801233128309,800,87,1050000,965517.24137931,11.671619237666,TRUE,NA
"Beta left-high",10,404123,50,333,1050000,104614,52809,0.00776013690155085,333,32,1050000,1092656.25,18.7433774150619,TRUE,NA
"Beta left-high",10,404123,50,800,1050000,104614,52809,0.0151664481121266,800,80,1050000,1050000,12.0947991671389,TRUE,NA
"Beta left-high",10,404123,51,333,1050000,103561,52581,0.00809277659560901,333,29,1050000,1205689.65517241,19.5867757206323,TRUE,NA
"Beta left-high",10,404123,51,800,1050000,103561,52581,0.01419770890668,800,72,1050000,1166666.66666667,12.6559494223987,TRUE,NA
"Beta left-high",10,404123,52,333,1050000,104475,52589,0.00745388683961249,333,38,1050000,920131.578947368,17.3773442061869,TRUE,NA
"Beta left-high",10,404123,52,800,1050000,104475,52589,0.0139671397819713,800,77,1050000,1090909.09090909,12.2944823707041,TRUE,NA
"Beta left-high",10,404123,53,333,1050000,103276,52477,0.00821848248850657,333,47,1050000,743936.170212766,15.8612784595146,TRUE,NA
"Beta left-high",10,404123,53,800,1050000,103276,52477,0.0145497499449436,800,88,1050000,954545.454545455,11.6155297136974,TRUE,NA
"Beta left-high",10,404123,54,333,1050000,104401,52410,0.00798953755146328,333,27,1050000,1295000,20.2283110341379,TRUE,NA
"Beta left-high",10,404123,54,800,1050000,104401,52410,0.0146399030279783,800,80,1050000,1050000,12.0947991671389,TRUE,NA
"Beta left-high",10,404123,55,333,1050000,101714,52398,0.00854513860083472,333,34,1050000,1028382.35294118,18.2464200319481,TRUE,NA
"Beta left-high",10,404123,55,800,1050000,101714,52398,0.0148534493879966,800,65,1050000,1292307.69230769,13.2336812996074,TRUE,NA
"Beta left-high",10,404123,56,333,1050000,105109,52641,0.00796539614474026,333,33,1050000,1059545.45454545,18.489037291156,TRUE,NA
"Beta left-high",10,404123,56,800,1050000,105109,52641,0.0145833403581639,800,95,1050000,884210.526315789,11.249325525922,TRUE,NA
"Beta left-high",10,404123,57,333,1050000,105199,52643,0.00772581065499675,333,33,1050000,1059545.45454545,18.489037291156,TRUE,NA
"Beta left-high",10,404123,57,800,1050000,105199,52643,0.0144878148880563,800,76,1050000,1105263.15789474,12.3637823606631,TRUE,NA
"Beta left-high",10,404123,58,333,1050000,105781,52376,0.00785704977390886,333,29,1050000,1205689.65517241,19.5867757206323,TRUE,NA
"Beta left-high",10,404123,58,800,1050000,105781,52376,0.0140884358596296,800,72,1050000,1166666.66666667,12.6559494223987,TRUE,NA
"Beta left-high",10,404123,59,333,1050000,109962,52392,0.00784012581643422,333,34,1050000,1028382.35294118,18.2464200319481,TRUE,NA
"Beta left-high",10,404123,59,800,1050000,109962,52392,0.0144496973105656,800,82,1050000,1024390.24390244,11.9680986963519,TRUE,NA
"Beta left-high",10,404123,60,333,1050000,100714,52663,0.00772650176577255,333,40,1050000,874125,16.9945343249956,TRUE,NA
"Beta left-high",10,404123,60,800,1050000,100714,52663,0.0143993678109914,800,66,1050000,1272727.27272727,13.1453154548902,TRUE,NA
"Beta left-high",10,404123,61,333,1050000,106039,52151,0.00777887038495969,333,28,1050000,1248750,19.8986696556908,TRUE,NA
"Beta left-high",10,404123,61,800,1050000,106039,52151,0.0145001687520144,800,71,1050000,1183098.5915493,12.7329979704687,TRUE,NA
"Beta left-high",10,404123,62,333,1050000,102496,52379,0.00803446988063172,333,31,1050000,1127903.22580645,19.0103877415676,TRUE,NA
"Beta left-high",10,404123,62,800,1050000,102496,52379,0.0147037277844901,800,72,1050000,1166666.66666667,12.6559494223987,TRUE,NA
"Beta left-high",10,404123,63,333,1050000,104262,52281,0.00755080188260053,333,37,1050000,945000,17.5807982524607,TRUE,NA
"Beta left-high",10,404123,63,800,1050000,104262,52281,0.014213679189531,800,86,1050000,976744.186046512,11.7287355098862,TRUE,NA
"Beta left-high",10,404123,64,333,1050000,103964,52808,0.0082260054269623,333,36,1050000,971250,17.793031633233,TRUE,NA
"Beta left-high",10,404123,64,800,1050000,103964,52808,0.0150503645689708,800,85,1050000,988235.294117647,11.7869090824081,TRUE,NA
"Beta left-high",10,404123,65,333,1050000,105339,52484,0.00829591342862147,333,29,1050000,1205689.65517241,19.5867757206323,TRUE,NA
"Beta left-high",10,404123,65,800,1050000,105339,52484,0.0146204511136433,800,72,1050000,1166666.66666667,12.6559494223987,TRUE,NA
"Beta left-high",10,404123,66,333,1050000,110312,52326,0.00767832011604688,333,32,1050000,1092656.25,18.7433774150619,TRUE,NA
"Beta left-high",10,404123,66,800,1050000,110312,52326,0.0142607299219543,800,89,1050000,943820.224719101,11.5604375979122,TRUE,NA
"Beta left-high",10,404123,67,333,1050000,104303,52684,0.00729209728581229,333,33,1050000,1059545.45454545,18.489037291156,TRUE,NA
"Beta left-high",10,404123,67,800,1050000,104303,52684,0.0142425028088569,800,83,1050000,1012048.19277108,11.9065567904524,TRUE,NA
"Beta left-high",10,404123,68,333,1050000,105110,52552,0.00823999843174184,333,38,1050000,920131.578947368,17.3773442061869,TRUE,NA
"Beta left-high",10,404123,68,800,1050000,105110,52552,0.014847731424036,800,74,1050000,1135135.13513514,12.5067702476922,TRUE,NA
"Beta left-high",10,404123,69,333,1050000,106561,52192,0.00825668644587524,333,28,1050000,1248750,19.8986696556908,TRUE,NA
"Beta left-high",10,404123,69,800,1050000,106561,52192,0.0150504532783575,800,85,1050000,988235.294117647,11.7869090824081,TRUE,NA
"Beta left-high",10,404123,70,333,1050000,104308,52599,0.00802613894538799,333,27,1050000,1295000,20.2283110341379,TRUE,NA
"Beta left-high",10,404123,70,800,1050000,104308,52599,0.0144631862304425,800,80,1050000,1050000,12.0947991671389,TRUE,NA
"Beta left-high",10,404123,71,333,1050000,104915,52723,0.0079854392825242,333,32,1050000,1092656.25,18.7433774150619,TRUE,NA
"Beta left-high",10,404123,71,800,1050000,104915,52723,0.0150542565721931,800,83,1050000,1012048.19277108,11.9065567904524,TRUE,NA
"Beta left-high",10,404123,72,333,1050000,106552,52592,0.00801369210048626,333,31,1050000,1127903.22580645,19.0103877415676,TRUE,NA
"Beta left-high",10,404123,72,800,1050000,106552,52592,0.0145677283194986,800,70,1050000,1200000,12.8117645057411,TRUE,NA
"Beta left-high",10,404123,73,333,1050000,103457,52293,0.00855795563737663,333,33,1050000,1059545.45454545,18.489037291156,TRUE,NA
"Beta left-high",10,404123,73,800,1050000,103457,52293,0.0149535322605127,800,97,1050000,865979.381443299,11.1524414546134,TRUE,NA
"Beta left-high",10,404123,74,333,1050000,110778,52494,0.0084609738954846,333,22,1050000,1589318.18181818,22.211700778394,TRUE,NA
"Beta left-high",10,404123,74,800,1050000,110778,52494,0.015339728827748,800,73,1050000,1150684.93150685,12.580559139533,TRUE,NA
"Beta left-high",10,404123,75,333,1050000,115503,52741,0.00771103853994185,333,39,1050000,896538.461538462,17.1820968840741,TRUE,NA
"Beta left-high",10,404123,75,800,1050000,115503,52741,0.0147449617800217,800,99,1050000,848484.848484849,11.0586738763527,TRUE,NA
"Beta left-high",10,404123,76,333,1050000,107511,52919,0.00749091798857001,333,35,1050000,999000,18.0146740919102,TRUE,NA
"Beta left-high",10,404123,76,800,1050000,107511,52919,0.0140498820844214,800,84,1050000,1e+06,11.8461717842113,TRUE,NA
"Beta left-high",10,404123,77,333,1050000,102515,52810,0.00754330354519557,333,25,1050000,1398600,20.9478924219945,TRUE,NA
"Beta left-high",10,404123,77,800,1050000,102515,52810,0.0137623170200107,800,60,1050000,1400000,13.7095161679795,TRUE,NA
"Beta left-high",10,404123,78,333,1050000,103703,52819,0.00786784502485812,333,31,1050000,1127903.22580645,19.0103877415676,TRUE,NA
"Beta left-high",10,404123,78,800,1050000,103703,52819,0.0145284880039755,800,75,1050000,1120000,12.4345285486325,TRUE,NA
"Beta left-high",10,404123,79,333,1050000,101716,52424,0.00775996371182271,333,24,1050000,1456875,21.341997647599,TRUE,NA
"Beta left-high",10,404123,79,800,1050000,101716,52424,0.0143084687942599,800,75,1050000,1120000,12.4345285486325,TRUE,NA
"Beta left-high",10,404123,80,333,1050000,106586,52667,0.00778776517588267,333,24,1050000,1456875,21.341997647599,TRUE,NA
"Beta left-high",10,404123,80,800,1050000,106586,52667,0.01433202108723,800,90,1050000,933333.333333333,11.5063147012645,TRUE,NA
"Beta left-high",10,404123,81,333,1050000,99980,52178,0.00800555567050654,333,28,1050000,1248750,19.8986696556908,TRUE,NA
"Beta left-high",10,404123,81,800,1050000,99980,52178,0.0144036321452856,800,68,1050000,1235294.11764706,12.9747057933055,TRUE,NA
"Beta left-high",10,404123,82,333,1050000,104436,52423,0.0077241488306791,333,35,1050000,999000,18.0146740919102,TRUE,NA
"Beta left-high",10,404123,82,800,1050000,104436,52423,0.0143847485773228,800,79,1050000,1063291.13924051,12.1600347604124,TRUE,NA
"Beta left-high",10,404123,83,333,1050000,106460,52638,0.00786645336360788,333,29,1050000,1205689.65517241,19.5867757206323,TRUE,NA
"Beta left-high",10,404123,83,800,1050000,106460,52638,0.0144258574647585,800,77,1050000,1090909.09090909,12.2944823707041,TRUE,NA
"Beta left-high",10,404123,84,333,1050000,105038,52685,0.00820711399155849,333,30,1050000,1165500,19.2911256866153,TRUE,NA
"Beta left-high",10,404123,84,800,1050000,105038,52685,0.0150920702069751,800,83,1050000,1012048.19277108,11.9065567904524,TRUE,NA
"Beta left-high",10,404123,85,333,1050000,102906,52216,0.00820920485412912,333,24,1050000,1456875,21.341997647599,TRUE,NA
"Beta left-high",10,404123,85,800,1050000,102906,52216,0.0140653281160553,800,68,1050000,1235294.11764706,12.9747057933055,TRUE,NA
"Beta left-high",10,404123,86,333,1050000,101287,52520,0.0081983533832098,333,23,1050000,1520217.39130435,21.7622794214923,TRUE,NA
"Beta left-high",10,404123,86,800,1050000,101287,52520,0.0146782407845629,800,67,1050000,1253731.34328358,13.0590159750537,TRUE,NA
"Beta left-high",10,404123,87,333,1050000,102023,52394,0.00832688109924165,333,37,1050000,945000,17.5807982524607,TRUE,NA
"Beta left-high",10,404123,87,800,1050000,102023,52394,0.0148897748061176,800,83,1050000,1012048.19277108,11.9065567904524,TRUE,NA
"Beta left-high",10,404123,88,333,1050000,104513,52282,0.00862033140191654,333,43,1050000,813139.534883721,16.4733826659353,TRUE,NA
"Beta left-high",10,404123,88,800,1050000,104513,52282,0.0149858242636915,800,92,1050000,913043.47826087,11.4008692242012,TRUE,NA
"Beta left-high",10,404123,89,333,1050000,101221,52571,0.00725515995610531,333,30,1050000,1165500,19.2911256866153,TRUE,NA
"Beta left-high",10,404123,89,800,1050000,101221,52571,0.0140974342592677,800,65,1050000,1292307.69230769,13.2336812996074,TRUE,NA
"Beta left-high",10,404123,90,333,1050000,105331,52614,0.00799998272130352,333,38,1050000,920131.578947368,17.3773442061869,TRUE,NA
"Beta left-high",10,404123,90,800,1050000,105331,52614,0.014560653960311,800,85,1050000,988235.294117647,11.7869090824081,TRUE,NA
"Beta left-high",10,404123,91,333,1050000,107896,52151,0.00773090650574454,333,44,1050000,794659.090909091,16.312171044842,TRUE,NA
"Beta left-high",10,404123,91,800,1050000,107896,52151,0.0144229808317611,800,91,1050000,923076.923076923,11.4531339284728,TRUE,NA
"Beta left-high",10,404123,92,333,1050000,106011,52367,0.00863098047397594,333,50,1050000,699300,15.4536143643956,TRUE,NA
"Beta left-high",10,404123,92,800,1050000,106011,52367,0.0153130458595182,800,100,1050000,840000,11.0129091022047,TRUE,NA
"Beta left-high",10,404123,93,333,1050000,103256,52247,0.0086399553107461,333,44,1050000,794659.090909091,16.312171044842,TRUE,NA
"Beta left-high",10,404123,93,800,1050000,103256,52247,0.0152423697755463,800,92,1050000,913043.47826087,11.4008692242012,TRUE,NA
"Beta left-high",10,404123,94,333,1050000,103348,52730,0.00808755222233103,333,46,1050000,760108.695652174,16.0064206264636,TRUE,NA
"Beta left-high",10,404123,94,800,1050000,103348,52730,0.014257813567862,800,85,1050000,988235.294117647,11.7869090824081,TRUE,NA
"Beta left-high",10,404123,95,333,1050000,106196,52333,0.00755843543032971,333,30,1050000,1165500,19.2911256866153,TRUE,NA
"Beta left-high",10,404123,95,800,1050000,106196,52333,0.0136243348231629,800,79,1050000,1063291.13924051,12.1600347604124,TRUE,NA
"Beta left-high",10,404123,96,333,1050000,104359,52852,0.00789185628344736,333,43,1050000,813139.534883721,16.4733826659353,TRUE,NA
"Beta left-high",10,404123,96,800,1050000,104359,52852,0.0146425866781616,800,103,1050000,815533.980582524,10.8798688197147,TRUE,NA
"Beta left-high",10,404123,97,333,1050000,105750,52625,0.00793805950025627,333,38,1050000,920131.578947368,17.3773442061869,TRUE,NA
"Beta left-high",10,404123,97,800,1050000,105750,52625,0.0143698040993232,800,82,1050000,1024390.24390244,11.9680986963519,TRUE,NA
"Beta left-high",10,404123,98,333,1050000,99978,52562,0.00787584602960596,333,29,1050000,1205689.65517241,19.5867757206323,TRUE,NA
"Beta left-high",10,404123,98,800,1050000,99978,52562,0.0141955893338652,800,67,1050000,1253731.34328358,13.0590159750537,TRUE,NA
"Beta left-high",10,404123,99,333,1050000,101294,52388,0.00767385243695357,333,37,1050000,945000,17.5807982524607,TRUE,NA
"Beta left-high",10,404123,99,800,1050000,101294,52388,0.0144801360421539,800,77,1050000,1090909.09090909,12.2944823707041,TRUE,NA
"Beta left-high",10,404123,100,333,1050000,101248,52325,0.00808767112322951,333,38,1050000,920131.578947368,17.3773442061869,TRUE,NA
"Beta left-high",10,404123,100,800,1050000,101248,52325,0.0145400878941904,800,93,1050000,903225.806451613,11.3494955224386,TRUE,NA
"Beta left-high",10,404123,101,333,1050000,105562,52839,0.008436935350699,333,31,1050000,1127903.22580645,19.0103877415676,TRUE,NA
"Beta left-high",10,404123,101,800,1050000,105562,52839,0.0148214799154626,800,67,1050000,1253731.34328358,13.0590159750537,TRUE,NA
"Beta left-high",10,404123,102,333,1050000,104413,52549,0.00849758883648022,333,38,1050000,920131.578947368,17.3773442061869,TRUE,NA
"Beta left-high",10,404123,102,800,1050000,104413,52549,0.0148271583050638,800,78,1050000,1076923.07692308,12.226581496827,TRUE,NA
"Beta left-high",10,404123,103,333,1050000,101402,52297,0.00802492492774979,333,30,1050000,1165500,19.2911256866153,TRUE,NA
"Beta left-high",10,404123,103,800,1050000,101402,52297,0.0145402541892188,800,77,1050000,1090909.09090909,12.2944823707041,TRUE,NA
"Beta left-high",10,404123,104,333,1050000,105687,52137,0.00767607812222346,333,37,1050000,945000,17.5807982524607,TRUE,NA
"Beta left-high",10,404123,104,800,1050000,105687,52137,0.0144541876644002,800,82,1050000,1024390.24390244,11.9680986963519,TRUE,NA
"Beta left-high",10,404123,105,333,1050000,105039,52570,0.0079160004866304,333,31,1050000,1127903.22580645,19.0103877415676,TRUE,NA
"Beta left-high",10,404123,105,800,1050000,105039,52570,0.0144920285693649,800,78,1050000,1076923.07692308,12.226581496827,TRUE,NA
"Beta left-high",10,404123,106,333,1050000,105129,51950,0.00789873267166386,333,33,1050000,1059545.45454545,18.489037291156,TRUE,NA
"Beta left-high",10,404123,106,800,1050000,105129,51950,0.0144185252732598,800,81,1050000,1037037.03703704,12.030833596093,TRUE,NA
"Beta left-high",10,404123,107,333,1050000,105778,52218,0.00825871536285263,333,40,1050000,874125,16.9945343249956,TRUE,NA
"Beta left-high",10,404123,107,800,1050000,105778,52218,0.014696925026395,800,96,1050000,875000,11.2004836306336,TRUE,NA
"Beta left-high",10,404123,108,333,1050000,109406,52467,0.00770292764941762,333,26,1050000,1344807.69230769,20.5774046356395,TRUE,NA
"Beta left-high",10,404123,108,800,1050000,109406,52467,0.0141643876430625,800,70,1050000,1200000,12.8117645057411,TRUE,NA
"Beta left-high",10,404123,109,333,1050000,106337,52398,0.00819949235334141,333,45,1050000,777000,16.1566215263488,TRUE,NA
"Beta left-high",10,404123,109,800,1050000,106337,52398,0.0147395160587128,800,96,1050000,875000,11.2004836306336,TRUE,NA
"Beta left-high",10,404123,110,333,1050000,101075,52653,0.00818222808973585,333,30,1050000,1165500,19.2911256866153,TRUE,NA
"Beta left-high",10,404123,110,800,1050000,101075,52653,0.0148940785020613,800,80,1050000,1050000,12.0947991671389,TRUE,NA
"Beta left-high",10,404123,111,333,1050000,105376,52480,0.00788333321267229,333,34,1050000,1028382.35294118,18.2464200319481,TRUE,NA
"Beta left-high",10,404123,111,800,1050000,105376,52480,0.0139463815687638,800,84,1050000,1e+06,11.8461717842113,TRUE,NA
"Beta left-high",10,404123,112,333,1050000,100557,52087,0.00801579052472113,333,21,1050000,1665000,22.6937143965885,TRUE,NA
"Beta left-high",10,404123,112,800,1050000,100557,52087,0.0143450583781973,800,65,1050000,1292307.69230769,13.2336812996074,TRUE,NA
"Beta left-high",10,404123,113,333,1050000,103860,52148,0.00821002861986739,333,27,1050000,1295000,20.2283110341379,TRUE,NA
"Beta left-high",10,404123,113,800,1050000,103860,52148,0.0147971605010603,800,70,1050000,1200000,12.8117645057411,TRUE,NA
"Beta left-high",10,404123,114,333,1050000,105274,52500,0.00798332313658152,333,30,1050000,1165500,19.2911256866153,TRUE,NA
"Beta left-high",10,404123,114,800,1050000,105274,52500,0.0149617513503373,800,90,1050000,933333.333333333,11.5063147012645,TRUE,NA
"Beta left-high",10,404123,115,333,1050000,103440,52376,0.0078817297175671,333,37,1050000,945000,17.5807982524607,TRUE,NA
"Beta left-high",10,404123,115,800,1050000,103440,52376,0.0145295112340864,800,85,1050000,988235.294117647,11.7869090824081,TRUE,NA
"Beta left-high",10,404123,116,333,1050000,106740,52514,0.00761548011728136,333,38,1050000,920131.578947368,17.3773442061869,TRUE,NA
"Beta left-high",10,404123,116,800,1050000,106740,52514,0.0146662858920043,800,88,1050000,954545.454545455,11.6155297136974,TRUE,NA
"Beta left-high",10,404123,117,333,1050000,108930,52397,0.00770113012838849,333,38,1050000,920131.578947368,17.3773442061869,TRUE,NA
"Beta left-high",10,404123,117,800,1050000,108930,52397,0.0143358455138006,800,94,1050000,893617.021276596,11.2989886988539,TRUE,NA
"Beta left-high",10,404123,118,333,1050000,100626,52406,0.00782215096175366,333,38,1050000,920131.578947368,17.3773442061869,TRUE,NA
"Beta left-high",10,404123,118,800,1050000,100626,52406,0.0146773894343087,800,87,1050000,965517.24137931,11.671619237666,TRUE,NA
"Beta left-high",10,404123,119,333,1050000,103376,52349,0.00801996929662514,333,35,1050000,999000,18.0146740919102,TRUE,NA
"Beta left-high",10,404123,119,800,1050000,103376,52349,0.0146466118948576,800,74,1050000,1135135.13513514,12.5067702476922,TRUE,NA
"Beta left-high",10,404123,120,333,1050000,106663,52310,0.00781137015089065,333,39,1050000,896538.461538462,17.1820968840741,TRUE,NA
"Beta left-high",10,404123,120,800,1050000,106663,52310,0.0148440358483569,800,79,1050000,1063291.13924051,12.1600347604124,TRUE,NA
"Beta left-high",10,404123,121,333,1050000,108055,52558,0.00815846858465577,333,38,1050000,920131.578947368,17.3773442061869,TRUE,NA
"Beta left-high",10,404123,121,800,1050000,108055,52558,0.0144538622341807,800,98,1050000,857142.857142857,11.1051782164878,TRUE,NA
"Beta left-high",10,404123,122,333,1050000,103926,52068,0.00815299854773179,333,38,1050000,920131.578947368,17.3773442061869,TRUE,NA
"Beta left-high",10,404123,122,800,1050000,103926,52068,0.0151570934044573,800,91,1050000,923076.923076923,11.4531339284728,TRUE,NA
"Beta left-high",10,404123,123,333,1050000,107884,53097,0.00754236590606274,333,20,1050000,1748250,23.2123716350453,TRUE,NA
"Beta left-high",10,404123,123,800,1050000,107884,53097,0.0141088324462177,800,63,1050000,1333333.33333333,13.4169417388458,TRUE,NA
"Beta left-high",10,404123,124,333,1050000,110571,52836,0.00852183934896221,333,35,1050000,999000,18.0146740919102,TRUE,NA
"Beta left-high",10,404123,124,800,1050000,110571,52836,0.0150962303261066,800,75,1050000,1120000,12.4345285486325,TRUE,NA
"Beta left-high",10,404123,125,333,1050000,101560,52319,0.0078039604483916,333,34,1050000,1028382.35294118,18.2464200319481,TRUE,NA
"Beta left-high",10,404123,125,800,1050000,101560,52319,0.0143817757427809,800,95,1050000,884210.526315789,11.249325525922,TRUE,NA
"Beta left-high",10,404123,126,333,1050000,105665,52331,0.00810372241167488,333,34,1050000,1028382.35294118,18.2464200319481,TRUE,NA
"Beta left-high",10,404123,126,800,1050000,105665,52331,0.0144376321001348,800,74,1050000,1135135.13513514,12.5067702476922,TRUE,NA
"Beta left-high",10,404123,127,333,1050000,104619,52539,0.00764988046629524,333,52,1050000,672403.846153846,15.2026934860618,TRUE,NA
"Beta left-high",10,404123,127,800,1050000,104619,52539,0.0137981872842801,800,97,1050000,865979.381443299,11.1524414546134,TRUE,NA
"Beta left-high",10,404123,128,333,1050000,108282,52070,0.00775928841694183,333,36,1050000,971250,17.793031633233,TRUE,NA
"Beta left-high",10,404123,128,800,1050000,108282,52070,0.0146670830583451,800,89,1050000,943820.224719101,11.5604375979122,TRUE,NA
"Beta left-high",10,404123,129,333,1050000,106715,52749,0.00781787032199472,333,34,1050000,1028382.35294118,18.2464200319481,TRUE,NA
"Beta left-high",10,404123,129,800,1050000,106715,52749,0.0145455093517269,800,103,1050000,815533.980582524,10.8798688197147,TRUE,NA
"Beta left-high",10,404123,130,333,1050000,108727,52662,0.00791457927539358,333,38,1050000,920131.578947368,17.3773442061869,TRUE,NA
"Beta left-high",10,404123,130,800,1050000,108727,52662,0.0143999265740261,800,78,1050000,1076923.07692308,12.226581496827,TRUE,NA
"Beta left-high",10,404123,131,333,1050000,104781,52256,0.00785833511518245,333,31,1050000,1127903.22580645,19.0103877415676,TRUE,NA
"Beta left-high",10,404123,131,800,1050000,104781,52256,0.0144380078234742,800,85,1050000,988235.294117647,11.7869090824081,TRUE,NA
"Beta left-high",10,404123,132,333,1050000,104628,52723,0.00836143531563513,333,37,1050000,945000,17.5807982524607,TRUE,NA
"Beta left-high",10,404123,132,800,1050000,104628,52723,0.0146261027954401,800,86,1050000,976744.186046512,11.7287355098862,TRUE,NA
"Beta left-high",10,404123,133,333,1050000,110407,52519,0.00835541088021749,333,26,1050000,1344807.69230769,20.5774046356395,TRUE,NA
"Beta left-high",10,404123,133,800,1050000,110407,52519,0.0150439365923702,800,77,1050000,1090909.09090909,12.2944823707041,TRUE,NA
"Beta left-high",10,404123,134,333,1050000,101996,52223,0.0078196034778662,333,32,1050000,1092656.25,18.7433774150619,TRUE,NA
"Beta left-high",10,404123,134,800,1050000,101996,52223,0.013854517476797,800,68,1050000,1235294.11764706,12.9747057933055,TRUE,NA
"Beta left-high",10,404123,135,333,1050000,106768,52900,0.0076946798664445,333,32,1050000,1092656.25,18.7433774150619,TRUE,NA
"Beta left-high",10,404123,135,800,1050000,106768,52900,0.0143028519291641,800,87,1050000,965517.24137931,11.671619237666,TRUE,NA
"Beta left-high",10,404123,136,333,1050000,107483,52965,0.00766747997540397,333,27,1050000,1295000,20.2283110341379,TRUE,NA
"Beta left-high",10,404123,136,800,1050000,107483,52965,0.0143824277922636,800,66,1050000,1272727.27272727,13.1453154548902,TRUE,NA
"Beta left-high",10,404123,137,333,1050000,103901,52256,0.00833680170764073,333,44,1050000,794659.090909091,16.312171044842,TRUE,NA
"Beta left-high",10,404123,137,800,1050000,103901,52256,0.0150959103317876,800,89,1050000,943820.224719101,11.5604375979122,TRUE,NA
"Beta left-high",10,404123,138,333,1050000,102731,51802,0.00834165857819736,333,37,1050000,945000,17.5807982524607,TRUE,NA
"Beta left-high",10,404123,138,800,1050000,102731,51802,0.0144810524331707,800,84,1050000,1e+06,11.8461717842113,TRUE,NA
"Beta left-high",10,404123,139,333,1050000,108052,51883,0.00758991912530607,333,24,1050000,1456875,21.341997647599,TRUE,NA
"Beta left-high",10,404123,139,800,1050000,108052,51883,0.0148835398408768,800,88,1050000,954545.454545455,11.6155297136974,TRUE,NA
"Beta left-high",10,404123,140,333,1050000,108804,52780,0.00805566784022424,333,36,1050000,971250,17.793031633233,TRUE,NA
"Beta left-high",10,404123,140,800,1050000,108804,52780,0.0148554175329953,800,99,1050000,848484.848484849,11.0586738763527,TRUE,NA
"Beta left-high",10,404123,141,333,1050000,104904,52335,0.0075319742758068,333,22,1050000,1589318.18181818,22.211700778394,TRUE,NA
"Beta left-high",10,404123,141,800,1050000,104904,52335,0.0141162182107843,800,70,1050000,1200000,12.8117645057411,TRUE,NA
"Beta left-high",10,404123,142,333,1050000,101821,52462,0.00780318252749172,333,24,1050000,1456875,21.341997647599,TRUE,NA
"Beta left-high",10,404123,142,800,1050000,101821,52462,0.0143595073170879,800,74,1050000,1135135.13513514,12.5067702476922,TRUE,NA
"Beta left-high",10,404123,143,333,1050000,106298,52571,0.00762473537306914,333,24,1050000,1456875,21.341997647599,TRUE,NA
"Beta left-high",10,404123,143,800,1050000,106298,52571,0.0142105598769197,800,67,1050000,1253731.34328358,13.0590159750537,TRUE,NA
"Beta left-high",10,404123,144,333,1050000,103875,52520,0.00766925251916386,333,32,1050000,1092656.25,18.7433774150619,TRUE,NA
"Beta left-high",10,404123,144,800,1050000,103875,52520,0.0144123262618274,800,79,1050000,1063291.13924051,12.1600347604124,TRUE,NA
"Beta left-high",10,404123,145,333,1050000,107522,52724,0.00888968563166318,333,35,1050000,999000,18.0146740919102,TRUE,NA
"Beta left-high",10,404123,145,800,1050000,107522,52724,0.0150675627017376,800,76,1050000,1105263.15789474,12.3637823606631,TRUE,NA
"Beta left-high",10,404123,146,333,1050000,104246,52333,0.00803024413002084,333,47,1050000,743936.170212766,15.8612784595146,TRUE,NA
"Beta left-high",10,404123,146,800,1050000,104246,52333,0.0140601484346056,800,89,1050000,943820.224719101,11.5604375979122,TRUE,NA
"Beta left-high",10,404123,147,333,1050000,103103,52886,0.00822370549681629,333,35,1050000,999000,18.0146740919102,TRUE,NA
"Beta left-high",10,404123,147,800,1050000,103103,52886,0.0144751618558131,800,87,1050000,965517.24137931,11.671619237666,TRUE,NA
"Beta left-high",10,404123,148,333,1050000,109437,52509,0.00801111146694862,333,37,1050000,945000,17.5807982524607,TRUE,NA
"Beta left-high",10,404123,148,800,1050000,109437,52509,0.0144938377833506,800,87,1050000,965517.24137931,11.671619237666,TRUE,NA
"Beta left-high",10,404123,149,333,1050000,106086,52359,0.0077687093741453,333,32,1050000,1092656.25,18.7433774150619,TRUE,NA
"Beta left-high",10,404123,149,800,1050000,106086,52359,0.0144633957243275,800,93,1050000,903225.806451613,11.3494955224386,TRUE,NA
"Beta left-high",10,404123,150,333,1050000,104910,52439,0.00773721678967654,333,27,1050000,1295000,20.2283110341379,TRUE,NA
"Beta left-high",10,404123,150,800,1050000,104910,52439,0.013918694678733,800,71,1050000,1183098.5915493,12.7329979704687,TRUE,NA
"Beta left-high",10,404123,151,333,1050000,108767,52549,0.00793695684894295,333,30,1050000,1165500,19.2911256866153,TRUE,NA
"Beta left-high",10,404123,151,800,1050000,108767,52549,0.0144615215894642,800,70,1050000,1200000,12.8117645057411,TRUE,NA
"Beta left-high",10,404123,152,333,1050000,103067,52332,0.00829581676791197,333,41,1050000,852804.87804878,16.8141796097176,TRUE,NA
"Beta left-high",10,404123,152,800,1050000,103067,52332,0.0142764328076577,800,86,1050000,976744.186046512,11.7287355098862,TRUE,NA
"Beta left-high",10,404123,153,333,1050000,100361,52539,0.00803313360369563,333,36,1050000,971250,17.793031633233,TRUE,NA
"Beta left-high",10,404123,153,800,1050000,100361,52539,0.0145144016685857,800,86,1050000,976744.186046512,11.7287355098862,TRUE,NA
"Beta left-high",10,404123,154,333,1050000,105845,52723,0.00781210913384364,333,39,1050000,896538.461538462,17.1820968840741,TRUE,NA
"Beta left-high",10,404123,154,800,1050000,105845,52723,0.0141357746231285,800,89,1050000,943820.224719101,11.5604375979122,TRUE,NA
"Beta left-high",10,404123,155,333,1050000,106925,52675,0.0080058467943467,333,27,1050000,1295000,20.2283110341379,TRUE,NA
"Beta left-high",10,404123,155,800,1050000,106925,52675,0.0145928489475184,800,78,1050000,1076923.07692308,12.226581496827,TRUE,NA
"Beta left-high",10,404123,156,333,1050000,104145,52411,0.00750605239288091,333,28,1050000,1248750,19.8986696556908,TRUE,NA
"Beta left-high",10,404123,156,800,1050000,104145,52411,0.0139424748922599,800,65,1050000,1292307.69230769,13.2336812996074,TRUE,NA
"Beta left-high",10,404123,157,333,1050000,107487,52679,0.00778881797509068,333,37,1050000,945000,17.5807982524607,TRUE,NA
"Beta left-high",10,404123,157,800,1050000,107487,52679,0.0142467192850867,800,98,1050000,857142.857142857,11.1051782164878,TRUE,NA
"Beta left-high",10,404123,158,333,1050000,109844,52206,0.00831845931773812,333,40,1050000,874125,16.9945343249956,TRUE,NA
"Beta left-high",10,404123,158,800,1050000,109844,52206,0.0143599612301506,800,80,1050000,1050000,12.0947991671389,TRUE,NA
"Beta left-high",10,404123,159,333,1050000,103189,52427,0.0081726319789907,333,34,1050000,1028382.35294118,18.2464200319481,TRUE,NA
"Beta left-high",10,404123,159,800,1050000,103189,52427,0.0142982801323461,800,78,1050000,1076923.07692308,12.226581496827,TRUE,NA
"Beta left-high",10,404123,160,333,1050000,105686,52766,0.00784753595736141,333,38,1050000,920131.578947368,17.3773442061869,TRUE,NA
"Beta left-high",10,404123,160,800,1050000,105686,52766,0.0148885457637492,800,87,1050000,965517.24137931,11.671619237666,TRUE,NA
"Beta left-high",10,404123,161,333,1050000,106396,52786,0.00790259660968055,333,33,1050000,1059545.45454545,18.489037291156,TRUE,NA
"Beta left-high",10,404123,161,800,1050000,106396,52786,0.0144547741888409,800,85,1050000,988235.294117647,11.7869090824081,TRUE,NA
"Beta left-high",10,404123,162,333,1050000,108727,52558,0.00823776638713615,333,43,1050000,813139.534883721,16.4733826659353,TRUE,NA
"Beta left-high",10,404123,162,800,1050000,108727,52558,0.0148885078624885,800,91,1050000,923076.923076923,11.4531339284728,TRUE,NA
"Beta left-high",10,404123,163,333,1050000,106112,52439,0.00765464684572294,333,24,1050000,1456875,21.341997647599,TRUE,NA
"Beta left-high",10,404123,163,800,1050000,106112,52439,0.0145131206443902,800,60,1050000,1400000,13.7095161679795,TRUE,NA
"Beta left-high",10,404123,164,333,1050000,113584,52417,0.00762027574672566,333,52,1050000,672403.846153846,15.2026934860618,TRUE,NA
"Beta left-high",10,404123,164,800,1050000,113584,52417,0.0140603615410947,800,98,1050000,857142.857142857,11.1051782164878,TRUE,NA
"Beta left-high",10,404123,165,333,1050000,100044,52592,0.00793627305421179,333,20,1050000,1748250,23.2123716350453,TRUE,NA
"Beta left-high",10,404123,165,800,1050000,100044,52592,0.0144832765154516,800,60,1050000,1400000,13.7095161679795,TRUE,NA
"Beta left-high",10,404123,166,333,1050000,106749,52660,0.00762004858033017,333,33,1050000,1059545.45454545,18.489037291156,TRUE,NA
"Beta left-high",10,404123,166,800,1050000,106749,52660,0.0141713924337713,800,83,1050000,1012048.19277108,11.9065567904524,TRUE,NA
"Beta left-high",10,404123,167,333,1050000,101960,52036,0.00795288684606157,333,36,1050000,971250,17.793031633233,TRUE,NA
"Beta left-high",10,404123,167,800,1050000,101960,52036,0.014258439164418,800,76,1050000,1105263.15789474,12.3637823606631,TRUE,NA
"Beta left-high",10,404123,168,333,1050000,105846,52234,0.0080206194158355,333,32,1050000,1092656.25,18.7433774150619,TRUE,NA
"Beta left-high",10,404123,168,800,1050000,105846,52234,0.0144594468379382,800,87,1050000,965517.24137931,11.671619237666,TRUE,NA
"Beta left-high",10,404123,169,333,1050000,103186,52141,0.00805960897320943,333,25,1050000,1398600,20.9478924219945,TRUE,NA
"Beta left-high",10,404123,169,800,1050000,103186,52141,0.0140366679312442,800,64,1050000,1312500,13.3241947934359,TRUE,NA
"Beta left-high",10,404123,170,333,1050000,105606,52583,0.00797440762862931,333,42,1050000,832500,16.6405959934941,TRUE,NA
"Beta left-high",10,404123,170,800,1050000,105606,52583,0.0144593930799168,800,79,1050000,1063291.13924051,12.1600347604124,TRUE,NA
"Beta left-high",10,404123,171,333,1050000,105550,52957,0.00838241911609385,333,38,1050000,920131.578947368,17.3773442061869,TRUE,NA
"Beta left-high",10,404123,171,800,1050000,105550,52957,0.0151654943926916,800,86,1050000,976744.186046512,11.7287355098862,TRUE,NA
"Beta left-high",10,404123,172,333,1050000,107544,52956,0.00823999551875355,333,34,1050000,1028382.35294118,18.2464200319481,TRUE,NA
"Beta left-high",10,404123,172,800,1050000,107544,52956,0.0148160344826813,800,85,1050000,988235.294117647,11.7869090824081,TRUE,NA
"Beta left-high",10,404123,173,333,1050000,106709,52470,0.00783625789176721,333,33,1050000,1059545.45454545,18.489037291156,TRUE,NA
"Beta left-high",10,404123,173,800,1050000,106709,52470,0.0145462401898587,800,91,1050000,923076.923076923,11.4531339284728,TRUE,NA
"Beta left-high",10,404123,174,333,1050000,102692,52240,0.00792051248004236,333,32,1050000,1092656.25,18.7433774150619,TRUE,NA
"Beta left-high",10,404123,174,800,1050000,102692,52240,0.0144856731409569,800,77,1050000,1090909.09090909,12.2944823707041,TRUE,NA
"Beta left-high",10,404123,175,333,1050000,101002,52316,0.0083726098713211,333,37,1050000,945000,17.5807982524607,TRUE,NA
"Beta left-high",10,404123,175,800,1050000,101002,52316,0.0149198454886167,800,77,1050000,1090909.09090909,12.2944823707041,TRUE,NA
"Beta left-high",10,404123,176,333,1050000,107620,52570,0.00790068228710162,333,27,1050000,1295000,20.2283110341379,TRUE,NA
"Beta left-high",10,404123,176,800,1050000,107620,52570,0.0141464902242877,800,68,1050000,1235294.11764706,12.9747057933055,TRUE,NA
"Beta left-high",10,404123,177,333,1050000,104417,52612,0.00798979235335107,333,29,1050000,1205689.65517241,19.5867757206323,TRUE,NA
"Beta left-high",10,404123,177,800,1050000,104417,52612,0.0142109204938255,800,71,1050000,1183098.5915493,12.7329979704687,TRUE,NA
"Beta left-high",10,404123,178,333,1050000,105142,52157,0.00822118938710516,333,28,1050000,1248750,19.8986696556908,TRUE,NA
"Beta left-high",10,404123,178,800,1050000,105142,52157,0.0149889976416648,800,82,1050000,1024390.24390244,11.9680986963519,TRUE,NA
"Beta left-high",10,404123,179,333,1050000,102005,52688,0.00769022471807667,333,34,1050000,1028382.35294118,18.2464200319481,TRUE,NA
"Beta left-high",10,404123,179,800,1050000,102005,52688,0.0143016725856401,800,78,1050000,1076923.07692308,12.226581496827,TRUE,NA
"Beta left-high",10,404123,180,333,1050000,104835,52221,0.00785083921253577,333,32,1050000,1092656.25,18.7433774150619,TRUE,NA
"Beta left-high",10,404123,180,800,1050000,104835,52221,0.014352252846043,800,80,1050000,1050000,12.0947991671389,TRUE,NA
"Beta left-high",10,404123,181,333,1050000,103380,52717,0.00839896110307416,333,36,1050000,971250,17.793031633233,TRUE,NA
"Beta left-high",10,404123,181,800,1050000,103380,52717,0.0148076981313822,800,75,1050000,1120000,12.4345285486325,TRUE,NA
"Beta left-high",10,404123,182,333,1050000,105347,52537,0.00787971337761624,333,26,1050000,1344807.69230769,20.5774046356395,TRUE,NA
"Beta left-high",10,404123,182,800,1050000,105347,52537,0.0139560452507107,800,56,1050000,1500000,14.1370292305298,TRUE,NA
"Beta left-high",10,404123,183,333,1050000,108075,52664,0.00791652565411868,333,16,1050000,2185312.5,25.7645919223157,TRUE,NA
"Beta left-high",10,404123,183,800,1050000,108075,52664,0.0144723576814963,800,62,1050000,1354838.70967742,13.5120127839663,TRUE,NA
"Beta left-high",10,404123,184,333,1050000,106585,52342,0.00769668394953709,333,29,1050000,1205689.65517241,19.5867757206323,TRUE,NA
"Beta left-high",10,404123,184,800,1050000,106585,52342,0.0147584343136627,800,76,1050000,1105263.15789474,12.3637823606631,TRUE,NA
"Beta left-high",10,404123,185,333,1050000,104872,52399,0.00749189204685238,333,32,1050000,1092656.25,18.7433774150619,TRUE,NA
"Beta left-high",10,404123,185,800,1050000,104872,52399,0.0139157014198264,800,78,1050000,1076923.07692308,12.226581496827,TRUE,NA
"Beta left-high",10,404123,186,333,1050000,102334,52517,0.00829150108670695,333,31,1050000,1127903.22580645,19.0103877415676,TRUE,NA
"Beta left-high",10,404123,186,800,1050000,102334,52517,0.0143779167720665,800,82,1050000,1024390.24390244,11.9680986963519,TRUE,NA
"Beta left-high",10,404123,187,333,1050000,112329,52323,0.00765134146495493,333,47,1050000,743936.170212766,15.8612784595146,TRUE,NA
"Beta left-high",10,404123,187,800,1050000,112329,52323,0.0142512378575459,800,93,1050000,903225.806451613,11.3494955224386,TRUE,NA
"Beta left-high",10,404123,188,333,1050000,105756,52741,0.00824259083855819,333,36,1050000,971250,17.793031633233,TRUE,NA
"Beta left-high",10,404123,188,800,1050000,105756,52741,0.0143831374840204,800,77,1050000,1090909.09090909,12.2944823707041,TRUE,NA
"Beta left-high",10,404123,189,333,1050000,104559,52287,0.0080297817624251,333,28,1050000,1248750,19.8986696556908,TRUE,NA
"Beta left-high",10,404123,189,800,1050000,104559,52287,0.0141562899639651,800,79,1050000,1063291.13924051,12.1600347604124,TRUE,NA
"Beta left-high",10,404123,190,333,1050000,109076,52360,0.00724333430490894,333,22,1050000,1589318.18181818,22.211700778394,TRUE,NA
"Beta left-high",10,404123,190,800,1050000,109076,52360,0.0140409842368014,800,75,1050000,1120000,12.4345285486325,TRUE,NA
"Beta left-high",10,404123,191,333,1050000,107426,52307,0.00745685603532924,333,38,1050000,920131.578947368,17.3773442061869,TRUE,NA
"Beta left-high",10,404123,191,800,1050000,107426,52307,0.0141976379651592,800,83,1050000,1012048.19277108,11.9065567904524,TRUE,NA
"Beta left-high",10,404123,192,333,1050000,107759,52900,0.00789285037764712,333,27,1050000,1295000,20.2283110341379,TRUE,NA
"Beta left-high",10,404123,192,800,1050000,107759,52900,0.0144150766233873,800,74,1050000,1135135.13513514,12.5067702476922,TRUE,NA
"Beta left-high",10,404123,193,333,1050000,101663,52522,0.0077372973162586,333,29,1050000,1205689.65517241,19.5867757206323,TRUE,NA
"Beta left-high",10,404123,193,800,1050000,101663,52522,0.0138757200465814,800,71,1050000,1183098.5915493,12.7329979704687,TRUE,NA
"Beta left-high",10,404123,194,333,1050000,103986,52477,0.00773578515358124,333,39,1050000,896538.461538462,17.1820968840741,TRUE,NA
"Beta left-high",10,404123,194,800,1050000,103986,52477,0.01409426194503,800,81,1050000,1037037.03703704,12.030833596093,TRUE,NA
"Beta left-high",10,404123,195,333,1050000,107931,52859,0.00765944524451299,333,24,1050000,1456875,21.341997647599,TRUE,NA
"Beta left-high",10,404123,195,800,1050000,107931,52859,0.0140567369768916,800,65,1050000,1292307.69230769,13.2336812996074,TRUE,NA
"Beta left-high",10,404123,196,333,1050000,99879,52449,0.00772492614264781,333,30,1050000,1165500,19.2911256866153,TRUE,NA
"Beta left-high",10,404123,196,800,1050000,99879,52449,0.0146522711816172,800,76,1050000,1105263.15789474,12.3637823606631,TRUE,NA
"Beta left-high",10,404123,197,333,1050000,104198,52687,0.00823342400121692,333,31,1050000,1127903.22580645,19.0103877415676,TRUE,NA
"Beta left-high",10,404123,197,800,1050000,104198,52687,0.0148773589952569,800,76,1050000,1105263.15789474,12.3637823606631,TRUE,NA
"Beta left-high",10,404123,198,333,1050000,114322,52580,0.00811078238865148,333,43,1050000,813139.534883721,16.4733826659353,TRUE,NA
"Beta left-high",10,404123,198,800,1050000,114322,52580,0.0145033997597912,800,90,1050000,933333.333333333,11.5063147012645,TRUE,NA
"Beta left-high",10,404123,199,333,1050000,102087,52335,0.00820327986904162,333,36,1050000,971250,17.793031633233,TRUE,NA
"Beta left-high",10,404123,199,800,1050000,102087,52335,0.0150266061115306,800,77,1050000,1090909.09090909,12.2944823707041,TRUE,NA
"Beta left-high",10,404123,200,333,1050000,102079,52374,0.00860226606203326,333,40,1050000,874125,16.9945343249956,TRUE,NA
"Beta left-high",10,404123,200,800,1050000,102079,52374,0.0150873095963447,800,81,1050000,1037037.03703704,12.030833596093,TRUE,NA
"Beta left-high",10,404123,201,333,1050000,104678,52729,0.00807516358123573,333,32,1050000,1092656.25,18.7433774150619,TRUE,NA
"Beta left-high",10,404123,201,800,1050000,104678,52729,0.0145906055325881,800,82,1050000,1024390.24390244,11.9680986963519,TRUE,NA
"Beta left-high",10,404123,202,333,1050000,101622,52559,0.00772228690310527,333,21,1050000,1665000,22.6937143965885,TRUE,NA
"Beta left-high",10,404123,202,800,1050000,101622,52559,0.0146578634728834,800,62,1050000,1354838.70967742,13.5120127839663,TRUE,NA
"Beta left-high",10,404123,203,333,1050000,104123,52533,0.00827692845847288,333,26,1050000,1344807.69230769,20.5774046356395,TRUE,NA
"Beta left-high",10,404123,203,800,1050000,104123,52533,0.0147736088712497,800,70,1050000,1200000,12.8117645057411,TRUE,NA
"Beta left-high",10,404123,204,333,1050000,101049,52751,0.00728166373992432,333,21,1050000,1665000,22.6937143965885,TRUE,NA
"Beta left-high",10,404123,204,800,1050000,101049,52751,0.0143756398189312,800,72,1050000,1166666.66666667,12.6559494223987,TRUE,NA
"Beta left-high",10,404123,205,333,1050000,103557,52675,0.00815268912472885,333,40,1050000,874125,16.9945343249956,TRUE,NA
"Beta left-high",10,404123,205,800,1050000,103557,52675,0.014855293902324,800,91,1050000,923076.923076923,11.4531339284728,TRUE,NA
"Beta left-high",10,404123,206,333,1050000,108433,52540,0.00802102430811353,333,41,1050000,852804.87804878,16.8141796097176,TRUE,NA
"Beta left-high",10,404123,206,800,1050000,108433,52540,0.0147388510446019,800,92,1050000,913043.47826087,11.4008692242012,TRUE,NA
"Beta left-high",10,404123,207,333,1050000,103758,52260,0.00803695204516112,333,28,1050000,1248750,19.8986696556908,TRUE,NA
"Beta left-high",10,404123,207,800,1050000,103758,52260,0.0145517136557117,800,84,1050000,1e+06,11.8461717842113,TRUE,NA
"Beta left-high",10,404123,208,333,1050000,103838,52411,0.00761236102089297,333,28,1050000,1248750,19.8986696556908,TRUE,NA
"Beta left-high",10,404123,208,800,1050000,103838,52411,0.0140308487143699,800,88,1050000,954545.454545455,11.6155297136974,TRUE,NA
"Beta left-high",10,404123,209,333,1050000,102554,52070,0.00850438223066541,333,37,1050000,945000,17.5807982524607,TRUE,NA
"Beta left-high",10,404123,209,800,1050000,102554,52070,0.0149729686013472,800,83,1050000,1012048.19277108,11.9065567904524,TRUE,NA
"Beta left-high",10,404123,210,333,1050000,103151,52670,0.0081895532606243,333,37,1050000,945000,17.5807982524607,TRUE,NA
"Beta left-high",10,404123,210,800,1050000,103151,52670,0.0148894405664091,800,77,1050000,1090909.09090909,12.2944823707041,TRUE,NA
"Beta left-high",10,404123,211,333,1050000,103035,52518,0.00789202779123372,333,36,1050000,971250,17.793031633233,TRUE,NA
"Beta left-high",10,404123,211,800,1050000,103035,52518,0.0145709561985782,800,86,1050000,976744.186046512,11.7287355098862,TRUE,NA
"Beta left-high",10,404123,212,333,1050000,107624,52345,0.00762561382659606,333,32,1050000,1092656.25,18.7433774150619,TRUE,NA
"Beta left-high",10,404123,212,800,1050000,107624,52345,0.0142207534301102,800,81,1050000,1037037.03703704,12.030833596093,TRUE,NA
"Beta left-high",10,404123,213,333,1050000,107406,52477,0.00830196095557892,333,30,1050000,1165500,19.2911256866153,TRUE,NA
"Beta left-high",10,404123,213,800,1050000,107406,52477,0.0148496394268432,800,93,1050000,903225.806451613,11.3494955224386,TRUE,NA
"Beta left-high",10,404123,214,333,1050000,98457,52282,0.0079483740655197,333,27,1050000,1295000,20.2283110341379,TRUE,NA
"Beta left-high",10,404123,214,800,1050000,98457,52282,0.0149202259232113,800,77,1050000,1090909.09090909,12.2944823707041,TRUE,NA
"Beta left-high",10,404123,215,333,1050000,104465,52532,0.00772180676990549,333,28,1050000,1248750,19.8986696556908,TRUE,NA
"Beta left-high",10,404123,215,800,1050000,104465,52532,0.0143155862871916,800,69,1050000,1217391.30434783,12.8923117835906,TRUE,NA
"Beta left-high",10,404123,216,333,1050000,105052,52519,0.00802112082200387,333,37,1050000,945000,17.5807982524607,TRUE,NA
"Beta left-high",10,404123,216,800,1050000,105052,52519,0.0146021080243737,800,88,1050000,954545.454545455,11.6155297136974,TRUE,NA
"Beta left-high",10,404123,217,333,1050000,107803,52580,0.00802772098765866,333,36,1050000,971250,17.793031633233,TRUE,NA
"Beta left-high",10,404123,217,800,1050000,107803,52580,0.0145573664312604,800,87,1050000,965517.24137931,11.671619237666,TRUE,NA
"Beta left-high",10,404123,218,333,1050000,105571,52458,0.00841653730163128,333,48,1050000,728437.5,15.7209265075818,TRUE,NA
"Beta left-high",10,404123,218,800,1050000,105571,52458,0.0147325757647718,800,95,1050000,884210.526315789,11.249325525922,TRUE,NA
"Beta left-high",10,404123,219,333,1050000,105618,52794,0.00785507080324508,333,32,1050000,1092656.25,18.7433774150619,TRUE,NA
"Beta left-high",10,404123,219,800,1050000,105618,52794,0.0144943003907993,800,81,1050000,1037037.03703704,12.030833596093,TRUE,NA
"Beta left-high",10,404123,220,333,1050000,106395,52238,0.00796228996767759,333,31,1050000,1127903.22580645,19.0103877415676,TRUE,NA
"Beta left-high",10,404123,220,800,1050000,106395,52238,0.0144735949529632,800,78,1050000,1076923.07692308,12.226581496827,TRUE,NA
"Beta left-high",10,404123,221,333,1050000,105730,52683,0.00775155134257645,333,36,1050000,971250,17.793031633233,TRUE,NA
"Beta left-high",10,404123,221,800,1050000,105730,52683,0.0142993737843397,800,86,1050000,976744.186046512,11.7287355098862,TRUE,NA
"Beta left-high",10,404123,222,333,1050000,98290,52449,0.00830593499381609,333,39,1050000,896538.461538462,17.1820968840741,TRUE,NA
"Beta left-high",10,404123,222,800,1050000,98290,52449,0.0147710559541659,800,91,1050000,923076.923076923,11.4531339284728,TRUE,NA
"Beta left-high",10,404123,223,333,1050000,97057,52108,0.00810585311268634,333,39,1050000,896538.461538462,17.1820968840741,TRUE,NA
"Beta left-high",10,404123,223,800,1050000,97057,52108,0.0145745346694959,800,79,1050000,1063291.13924051,12.1600347604124,TRUE,NA
"Beta left-high",10,404123,224,333,1050000,102522,52380,0.00807646242271702,333,36,1050000,971250,17.793031633233,TRUE,NA
"Beta left-high",10,404123,224,800,1050000,102522,52380,0.014585928334406,800,95,1050000,884210.526315789,11.249325525922,TRUE,NA
"Beta left-high",10,404123,225,333,1050000,104137,52354,0.0081471501577421,333,30,1050000,1165500,19.2911256866153,TRUE,NA
"Beta left-high",10,404123,225,800,1050000,104137,52354,0.0147866326383398,800,64,1050000,1312500,13.3241947934359,TRUE,NA
"Beta left-high",10,404123,226,333,1050000,109030,52112,0.00764914882948287,333,33,1050000,1059545.45454545,18.489037291156,TRUE,NA
"Beta left-high",10,404123,226,800,1050000,109030,52112,0.0145772010219617,800,86,1050000,976744.186046512,11.7287355098862,TRUE,NA
"Beta left-high",10,404123,227,333,1050000,108345,52402,0.00814384658164507,333,38,1050000,920131.578947368,17.3773442061869,TRUE,NA
"Beta left-high",10,404123,227,800,1050000,108345,52402,0.0146283690215039,800,88,1050000,954545.454545455,11.6155297136974,TRUE,NA
"Beta left-high",10,404123,228,333,1050000,104051,52508,0.00779902327935288,333,35,1050000,999000,18.0146740919102,TRUE,NA
"Beta left-high",10,404123,228,800,1050000,104051,52508,0.0149190685556777,800,91,1050000,923076.923076923,11.4531339284728,TRUE,NA
"Beta left-high",10,404123,229,333,1050000,102563,52514,0.00835367750133053,333,26,1050000,1344807.69230769,20.5774046356395,TRUE,NA
"Beta left-high",10,404123,229,800,1050000,102563,52514,0.014572018266437,800,71,1050000,1183098.5915493,12.7329979704687,TRUE,NA
"Beta left-high",10,404123,230,333,1050000,105215,52447,0.00794058027775803,333,35,1050000,999000,18.0146740919102,TRUE,NA
"Beta left-high",10,404123,230,800,1050000,105215,52447,0.0144649132213824,800,90,1050000,933333.333333333,11.5063147012645,TRUE,NA
"Beta left-high",10,404123,231,333,1050000,105350,52242,0.00813609667584919,333,33,1050000,1059545.45454545,18.489037291156,TRUE,NA
"Beta left-high",10,404123,231,800,1050000,105350,52242,0.0143438937455814,800,60,1050000,1400000,13.7095161679795,TRUE,NA
"Beta left-high",10,404123,232,333,1050000,107325,52715,0.0080573233018946,333,20,1050000,1748250,23.2123716350453,TRUE,NA
"Beta left-high",10,404123,232,800,1050000,107325,52715,0.0144322731577098,800,70,1050000,1200000,12.8117645057411,TRUE,NA
"Beta left-high",10,404123,233,333,1050000,105958,52649,0.00826630972733191,333,25,1050000,1398600,20.9478924219945,TRUE,NA
"Beta left-high",10,404123,233,800,1050000,105958,52649,0.0150633653736092,800,87,1050000,965517.24137931,11.671619237666,TRUE,NA
"Beta left-high",10,404123,234,333,1050000,104954,52620,0.00806850554597246,333,27,1050000,1295000,20.2283110341379,TRUE,NA
"Beta left-high",10,404123,234,800,1050000,104954,52620,0.0145152524082722,800,78,1050000,1076923.07692308,12.226581496827,TRUE,NA
"Beta left-high",10,404123,235,333,1050000,103546,52260,0.00837584348856855,333,41,1050000,852804.87804878,16.8141796097176,TRUE,NA
"Beta left-high",10,404123,235,800,1050000,103546,52260,0.0144876515238582,800,90,1050000,933333.333333333,11.5063147012645,TRUE,NA
"Beta left-high",10,404123,236,333,1050000,105461,52608,0.00774342715188195,333,32,1050000,1092656.25,18.7433774150619,TRUE,NA
"Beta left-high",10,404123,236,800,1050000,105461,52608,0.014237310049976,800,64,1050000,1312500,13.3241947934359,TRUE,NA
"Beta left-high",10,404123,237,333,1050000,101475,52363,0.00821827565731643,333,34,1050000,1028382.35294118,18.2464200319481,TRUE,NA
"Beta left-high",10,404123,237,800,1050000,101475,52363,0.0143531835975061,800,79,1050000,1063291.13924051,12.1600347604124,TRUE,NA
"Beta left-high",10,404123,238,333,1050000,106872,52662,0.0084764487914182,333,33,1050000,1059545.45454545,18.489037291156,TRUE,NA
"Beta left-high",10,404123,238,800,1050000,106872,52662,0.0149061145877592,800,94,1050000,893617.021276596,11.2989886988539,TRUE,NA
"Beta left-high",10,404123,239,333,1050000,110022,52826,0.0080158419329449,333,39,1050000,896538.461538462,17.1820968840741,TRUE,NA
"Beta left-high",10,404123,239,800,1050000,110022,52826,0.0147806838062509,800,82,1050000,1024390.24390244,11.9680986963519,TRUE,NA
"Beta left-high",10,404123,240,333,1050000,102876,52496,0.00835845343471509,333,31,1050000,1127903.22580645,19.0103877415676,TRUE,NA
"Beta left-high",10,404123,240,800,1050000,102876,52496,0.0146082113340811,800,80,1050000,1050000,12.0947991671389,TRUE,NA
"Beta left-high",10,404123,241,333,1050000,101960,52723,0.00809256915430357,333,29,1050000,1205689.65517241,19.5867757206323,TRUE,NA
"Beta left-high",10,404123,241,800,1050000,101960,52723,0.0142003744362776,800,79,1050000,1063291.13924051,12.1600347604124,TRUE,NA
"Beta left-high",10,404123,242,333,1050000,104116,53057,0.00796838466458443,333,32,1050000,1092656.25,18.7433774150619,TRUE,NA
"Beta left-high",10,404123,242,800,1050000,104116,53057,0.0149112889047677,800,80,1050000,1050000,12.0947991671389,TRUE,NA
"Beta left-high",10,404123,243,333,1050000,107338,52481,0.00797896913791941,333,37,1050000,945000,17.5807982524607,TRUE,NA
"Beta left-high",10,404123,243,800,1050000,107338,52481,0.01445333813453,800,94,1050000,893617.021276596,11.2989886988539,TRUE,NA
"Beta left-high",10,404123,244,333,1050000,105483,52626,0.00812717847563642,333,25,1050000,1398600,20.9478924219945,TRUE,NA
"Beta left-high",10,404123,244,800,1050000,105483,52626,0.0145373971848642,800,72,1050000,1166666.66666667,12.6559494223987,TRUE,NA
"Beta left-high",10,404123,245,333,1050000,104474,52715,0.00858226228670451,333,42,1050000,832500,16.6405959934941,TRUE,NA
"Beta left-high",10,404123,245,800,1050000,104474,52715,0.0151259723295558,800,90,1050000,933333.333333333,11.5063147012645,TRUE,NA
"Beta left-high",10,404123,246,333,1050000,104342,52331,0.00800737557114302,333,33,1050000,1059545.45454545,18.489037291156,TRUE,NA
"Beta left-high",10,404123,246,800,1050000,104342,52331,0.0145481348637303,800,76,1050000,1105263.15789474,12.3637823606631,TRUE,NA
"Beta left-high",10,404123,247,333,1050000,101919,52613,0.00823677487735195,333,24,1050000,1456875,21.341997647599,TRUE,NA
"Beta left-high",10,404123,247,800,1050000,101919,52613,0.0147978575404109,800,71,1050000,1183098.5915493,12.7329979704687,TRUE,NA
"Beta left-high",10,404123,248,333,1050000,104625,52235,0.00726910221062382,333,28,1050000,1248750,19.8986696556908,TRUE,NA
"Beta left-high",10,404123,248,800,1050000,104625,52235,0.013980701514196,800,84,1050000,1e+06,11.8461717842113,TRUE,NA
"Beta left-high",10,404123,249,333,1050000,99820,52360,0.00819215104645769,333,29,1050000,1205689.65517241,19.5867757206323,TRUE,NA
"Beta left-high",10,404123,249,800,1050000,99820,52360,0.0143620647767998,800,68,1050000,1235294.11764706,12.9747057933055,TRUE,NA
"Beta left-high",10,404123,250,333,1050000,104273,52622,0.00816124119108107,333,30,1050000,1165500,19.2911256866153,TRUE,NA
"Beta left-high",10,404123,250,800,1050000,104273,52622,0.0147693702929761,800,90,1050000,933333.333333333,11.5063147012645,TRUE,NA
"Beta left-high",10,404123,251,333,1050000,107847,52784,0.00744639141309056,333,29,1050000,1205689.65517241,19.5867757206323,TRUE,NA
"Beta left-high",10,404123,251,800,1050000,107847,52784,0.0138658754685619,800,78,1050000,1076923.07692308,12.226581496827,TRUE,NA
"Beta left-high",10,404123,252,333,1050000,98282,52420,0.00827069296219102,333,37,1050000,945000,17.5807982524607,TRUE,NA
"Beta left-high",10,404123,252,800,1050000,98282,52420,0.0146684538714053,800,70,1050000,1200000,12.8117645057411,TRUE,NA
"Beta left-high",10,404123,253,333,1050000,99858,52687,0.00801383378101236,333,32,1050000,1092656.25,18.7433774150619,TRUE,NA
"Beta left-high",10,404123,253,800,1050000,99858,52687,0.0142688883737903,800,75,1050000,1120000,12.4345285486325,TRUE,NA
"Beta left-high",10,404123,254,333,1050000,106041,52389,0.00803919205910268,333,46,1050000,760108.695652174,16.0064206264636,TRUE,NA
"Beta left-high",10,404123,254,800,1050000,106041,52389,0.0140287682384678,800,87,1050000,965517.24137931,11.671619237666,TRUE,NA
"Beta left-high",10,404123,255,333,1050000,105070,52409,0.00797816148480534,333,32,1050000,1092656.25,18.7433774150619,TRUE,NA
"Beta left-high",10,404123,255,800,1050000,105070,52409,0.0147290492683632,800,78,1050000,1076923.07692308,12.226581496827,TRUE,NA
"Beta left-high",10,404123,256,333,1050000,103870,52844,0.00851410447131142,333,34,1050000,1028382.35294118,18.2464200319481,TRUE,NA
"Beta left-high",10,404123,256,800,1050000,103870,52844,0.014898047730806,800,86,1050000,976744.186046512,11.7287355098862,TRUE,NA
"Beta left-high",10,404123,257,333,1050000,105072,52310,0.00783942462511261,333,48,1050000,728437.5,15.7209265075818,TRUE,NA
"Beta left-high",10,404123,257,800,1050000,105072,52310,0.0144604157309742,800,92,1050000,913043.47826087,11.4008692242012,TRUE,NA
"Beta left-high",10,404123,258,333,1050000,111262,52828,0.00792018707315056,333,45,1050000,777000,16.1566215263488,TRUE,NA
"Beta left-high",10,404123,258,800,1050000,111262,52828,0.0143258746842548,800,97,1050000,865979.381443299,11.1524414546134,TRUE,NA
"Beta left-high",10,404123,259,333,1050000,103229,52330,0.0084333678284019,333,30,1050000,1165500,19.2911256866153,TRUE,NA
"Beta left-high",10,404123,259,800,1050000,103229,52330,0.014624546849245,800,75,1050000,1120000,12.4345285486325,TRUE,NA
"Beta left-high",10,404123,260,333,1050000,103872,52546,0.00847907981387668,333,43,1050000,813139.534883721,16.4733826659353,TRUE,NA
"Beta left-high",10,404123,260,800,1050000,103872,52546,0.0150369674169586,800,84,1050000,1e+06,11.8461717842113,TRUE,NA
"Beta left-high",10,404123,261,333,1050000,112032,52605,0.00817874403956827,333,43,1050000,813139.534883721,16.4733826659353,TRUE,NA
"Beta left-high",10,404123,261,800,1050000,112032,52605,0.0146648590141087,800,105,1050000,8e+05,10.7945477965276,TRUE,NA
"Beta left-high",10,404123,262,333,1050000,107704,52758,0.00764533906192447,333,36,1050000,971250,17.793031633233,TRUE,NA
"Beta left-high",10,404123,262,800,1050000,107704,52758,0.0141912884111971,800,87,1050000,965517.24137931,11.671619237666,TRUE,NA
"Beta left-high",10,404123,263,333,1050000,105536,52220,0.00818151562989799,333,30,1050000,1165500,19.2911256866153,TRUE,NA
"Beta left-high",10,404123,263,800,1050000,105536,52220,0.0145835258029009,800,72,1050000,1166666.66666667,12.6559494223987,TRUE,NA
"Beta left-high",10,404123,264,333,1050000,102255,52168,0.0083277443988723,333,40,1050000,874125,16.9945343249956,TRUE,NA
"Beta left-high",10,404123,264,800,1050000,102255,52168,0.0151108288722267,800,86,1050000,976744.186046512,11.7287355098862,TRUE,NA
"Beta left-high",10,404123,265,333,1050000,100304,52344,0.00749462680387664,333,24,1050000,1456875,21.341997647599,TRUE,NA
"Beta left-high",10,404123,265,800,1050000,100304,52344,0.0142705428284442,800,69,1050000,1217391.30434783,12.8923117835906,TRUE,NA
"Beta left-high",10,404123,266,333,1050000,108588,52568,0.00830116830901359,333,28,1050000,1248750,19.8986696556908,TRUE,NA
"Beta left-high",10,404123,266,800,1050000,108588,52568,0.015000878788869,800,79,1050000,1063291.13924051,12.1600347604124,TRUE,NA
"Beta left-high",10,404123,267,333,1050000,106272,52183,0.0079668342108973,333,33,1050000,1059545.45454545,18.489037291156,TRUE,NA
"Beta left-high",10,404123,267,800,1050000,106272,52183,0.0143484836141853,800,74,1050000,1135135.13513514,12.5067702476922,TRUE,NA
"Beta left-high",10,404123,268,333,1050000,101568,52606,0.00772086796078139,333,26,1050000,1344807.69230769,20.5774046356395,TRUE,NA
"Beta left-high",10,404123,268,800,1050000,101568,52606,0.0146024735549514,800,76,1050000,1105263.15789474,12.3637823606631,TRUE,NA
"Beta left-high",10,404123,269,333,1050000,106938,52410,0.00783412496406073,333,33,1050000,1059545.45454545,18.489037291156,TRUE,NA
"Beta left-high",10,404123,269,800,1050000,106938,52410,0.0139251772654035,800,76,1050000,1105263.15789474,12.3637823606631,TRUE,NA
"Beta left-high",10,404123,270,333,1050000,107761,52849,0.00800591039740929,333,36,1050000,971250,17.793031633233,TRUE,NA
"Beta left-high",10,404123,270,800,1050000,107761,52849,0.0143643355639682,800,90,1050000,933333.333333333,11.5063147012645,TRUE,NA
"Beta left-high",10,404123,271,333,1050000,99748,53006,0.00819260665389585,333,43,1050000,813139.534883721,16.4733826659353,TRUE,NA
"Beta left-high",10,404123,271,800,1050000,99748,53006,0.0147232130079083,800,81,1050000,1037037.03703704,12.030833596093,TRUE,NA
"Beta left-high",10,404123,272,333,1050000,102174,52645,0.00797639177422156,333,30,1050000,1165500,19.2911256866153,TRUE,NA
"Beta left-high",10,404123,272,800,1050000,102174,52645,0.014860472800352,800,85,1050000,988235.294117647,11.7869090824081,TRUE,NA
"Beta left-high",10,404123,273,333,1050000,108227,52720,0.00764062864099178,333,34,1050000,1028382.35294118,18.2464200319481,TRUE,NA
"Beta left-high",10,404123,273,800,1050000,108227,52720,0.014302506091275,800,72,1050000,1166666.66666667,12.6559494223987,TRUE,NA
"Beta left-high",10,404123,274,333,1050000,103715,52514,0.00809957726129198,333,36,1050000,971250,17.793031633233,TRUE,NA
"Beta left-high",10,404123,274,800,1050000,103715,52514,0.0145449594052691,800,80,1050000,1050000,12.0947991671389,TRUE,NA
"Beta left-high",10,404123,275,333,1050000,103437,52227,0.00861253018762908,333,41,1050000,852804.87804878,16.8141796097176,TRUE,NA
"Beta left-high",10,404123,275,800,1050000,103437,52227,0.0151491533595696,800,89,1050000,943820.224719101,11.5604375979122,TRUE,NA
"Beta left-high",10,404123,276,333,1050000,106006,52276,0.00771669792151765,333,26,1050000,1344807.69230769,20.5774046356395,TRUE,NA
"Beta left-high",10,404123,276,800,1050000,106006,52276,0.0141689512328038,800,80,1050000,1050000,12.0947991671389,TRUE,NA
"Beta left-high",10,404123,277,333,1050000,107054,52422,0.0081732311654749,333,36,1050000,971250,17.793031633233,TRUE,NA
"Beta left-high",10,404123,277,800,1050000,107054,52422,0.0144561124410451,800,84,1050000,1e+06,11.8461717842113,TRUE,NA
"Beta left-high",10,404123,278,333,1050000,105919,52856,0.00804859274809668,333,33,1050000,1059545.45454545,18.489037291156,TRUE,NA
"Beta left-high",10,404123,278,800,1050000,105919,52856,0.0143246303863939,800,82,1050000,1024390.24390244,11.9680986963519,TRUE,NA
"Beta left-high",10,404123,279,333,1050000,100854,52691,0.00784002333000363,333,26,1050000,1344807.69230769,20.5774046356395,TRUE,NA
"Beta left-high",10,404123,279,800,1050000,100854,52691,0.0145305862110669,800,61,1050000,1377049.18032787,13.6095037794525,TRUE,NA
"Beta left-high",10,404123,280,333,1050000,102357,52392,0.0077960419373333,333,30,1050000,1165500,19.2911256866153,TRUE,NA
"Beta left-high",10,404123,280,800,1050000,102357,52392,0.0144417992428009,800,71,1050000,1183098.5915493,12.7329979704687,TRUE,NA
"Beta left-high",10,404123,281,333,1050000,109082,52190,0.00798857096613738,333,36,1050000,971250,17.793031633233,TRUE,NA
"Beta left-high",10,404123,281,800,1050000,109082,52190,0.0146320884874986,800,85,1050000,988235.294117647,11.7869090824081,TRUE,NA
"Beta left-high",10,404123,282,333,1050000,99156,52665,0.00835836264702305,333,24,1050000,1456875,21.341997647599,TRUE,NA
"Beta left-high",10,404123,282,800,1050000,99156,52665,0.0142683711442849,800,66,1050000,1272727.27272727,13.1453154548902,TRUE,NA
"Beta left-high",10,404123,283,333,1050000,100553,52569,0.00771975558176763,333,29,1050000,1205689.65517241,19.5867757206323,TRUE,NA
"Beta left-high",10,404123,283,800,1050000,100553,52569,0.0142059223271975,800,73,1050000,1150684.93150685,12.580559139533,TRUE,NA
"Beta left-high",10,404123,284,333,1050000,106120,52351,0.00805332964840073,333,35,1050000,999000,18.0146740919102,TRUE,NA
"Beta left-high",10,404123,284,800,1050000,106120,52351,0.0148544801471295,800,85,1050000,988235.294117647,11.7869090824081,TRUE,NA
"Beta left-high",10,404123,285,333,1050000,103083,52833,0.00792826025832859,333,30,1050000,1165500,19.2911256866153,TRUE,NA
"Beta left-high",10,404123,285,800,1050000,103083,52833,0.01436266515985,800,85,1050000,988235.294117647,11.7869090824081,TRUE,NA
"Beta left-high",10,404123,286,333,1050000,109582,52457,0.0082319322494668,333,32,1050000,1092656.25,18.7433774150619,TRUE,NA
"Beta left-high",10,404123,286,800,1050000,109582,52457,0.0148185645679184,800,87,1050000,965517.24137931,11.671619237666,TRUE,NA
"Beta left-high",10,404123,287,333,1050000,103707,52381,0.00793359911045,333,38,1050000,920131.578947368,17.3773442061869,TRUE,NA
"Beta left-high",10,404123,287,800,1050000,103707,52381,0.0146693294045424,800,79,1050000,1063291.13924051,12.1600347604124,TRUE,NA
"Beta left-high",10,404123,288,333,1050000,105784,52721,0.0076603529391548,333,32,1050000,1092656.25,18.7433774150619,TRUE,NA
"Beta left-high",10,404123,288,800,1050000,105784,52721,0.0141172834509013,800,74,1050000,1135135.13513514,12.5067702476922,TRUE,NA
"Beta left-high",10,404123,289,333,1050000,109054,52188,0.0077389493343016,333,29,1050000,1205689.65517241,19.5867757206323,TRUE,NA
"Beta left-high",10,404123,289,800,1050000,109054,52188,0.0143719107525545,800,79,1050000,1063291.13924051,12.1600347604124,TRUE,NA
"Beta left-high",10,404123,290,333,1050000,97136,52670,0.00817818706971065,333,27,1050000,1295000,20.2283110341379,TRUE,NA
"Beta left-high",10,404123,290,800,1050000,97136,52670,0.0145743267044256,800,64,1050000,1312500,13.3241947934359,TRUE,NA
"Beta left-high",10,404123,291,333,1050000,107624,51726,0.00783904157162493,333,20,1050000,1748250,23.2123716350453,TRUE,NA
"Beta left-high",10,404123,291,800,1050000,107624,51726,0.0141785150448641,800,64,1050000,1312500,13.3241947934359,TRUE,NA
"Beta left-high",10,404123,292,333,1050000,112874,52663,0.00814647068169496,333,25,1050000,1398600,20.9478924219945,TRUE,NA
"Beta left-high",10,404123,292,800,1050000,112874,52663,0.0147581623627612,800,81,1050000,1037037.03703704,12.030833596093,TRUE,NA
"Beta left-high",10,404123,293,333,1050000,104078,52792,0.00850977277435123,333,37,1050000,945000,17.5807982524607,TRUE,NA
"Beta left-high",10,404123,293,800,1050000,104078,52792,0.014604664940376,800,73,1050000,1150684.93150685,12.580559139533,TRUE,NA
"Beta left-high",10,404123,294,333,1050000,112467,52398,0.00795555481830308,333,37,1050000,945000,17.5807982524607,TRUE,NA
"Beta left-high",10,404123,294,800,1050000,112467,52398,0.0145359564115272,800,84,1050000,1e+06,11.8461717842113,TRUE,NA
"Beta left-high",10,404123,295,333,1050000,105541,52524,0.00767124392911186,333,39,1050000,896538.461538462,17.1820968840741,TRUE,NA
"Beta left-high",10,404123,295,800,1050000,105541,52524,0.0145446406971199,800,89,1050000,943820.224719101,11.5604375979122,TRUE,NA
"Beta left-high",10,404123,296,333,1050000,103781,52233,0.00789068884870904,333,36,1050000,971250,17.793031633233,TRUE,NA
"Beta left-high",10,404123,296,800,1050000,103781,52233,0.0145301740691801,800,75,1050000,1120000,12.4345285486325,TRUE,NA
"Beta left-high",10,404123,297,333,1050000,107798,51818,0.00794785795438904,333,28,1050000,1248750,19.8986696556908,TRUE,NA
"Beta left-high",10,404123,297,800,1050000,107798,51818,0.0148267404474039,800,107,1050000,785046.728971963,10.7117744010345,TRUE,NA
"Beta left-high",10,404123,298,333,1050000,109182,52409,0.00756509281478049,333,30,1050000,1165500,19.2911256866153,TRUE,NA
"Beta left-high",10,404123,298,800,1050000,109182,52409,0.0135282238087993,800,73,1050000,1150684.93150685,12.580559139533,TRUE,NA
"Beta left-high",10,404123,299,333,1050000,102658,52730,0.00758182745591431,333,25,1050000,1398600,20.9478924219945,TRUE,NA
"Beta left-high",10,404123,299,800,1050000,102658,52730,0.0142434567869807,800,76,1050000,1105263.15789474,12.3637823606631,TRUE,NA
"Beta left-high",10,404123,300,333,1050000,104982,52717,0.00785114216120216,333,36,1050000,971250,17.793031633233,TRUE,NA
"Beta left-high",10,404123,300,800,1050000,104982,52717,0.0149140038689655,800,82,1050000,1024390.24390244,11.9680986963519,TRUE,NA
"Beta left-high",10,404123,301,333,1050000,104617,52708,0.00801080491017845,333,35,1050000,999000,18.0146740919102,TRUE,NA
"Beta left-high",10,404123,301,800,1050000,104617,52708,0.0142325884842837,800,77,1050000,1090909.09090909,12.2944823707041,TRUE,NA
"Beta left-high",10,404123,302,333,1050000,103165,52170,0.00827227226528648,333,43,1050000,813139.534883721,16.4733826659353,TRUE,NA
"Beta left-high",10,404123,302,800,1050000,103165,52170,0.0151686958351377,800,85,1050000,988235.294117647,11.7869090824081,TRUE,NA
"Beta left-high",10,404123,303,333,1050000,105061,52708,0.0078572063438374,333,28,1050000,1248750,19.8986696556908,TRUE,NA
"Beta left-high",10,404123,303,800,1050000,105061,52708,0.0144599842564847,800,66,1050000,1272727.27272727,13.1453154548902,TRUE,NA
"Beta left-high",10,404123,304,333,1050000,107277,52739,0.00800066977356142,333,35,1050000,999000,18.0146740919102,TRUE,NA
"Beta left-high",10,404123,304,800,1050000,107277,52739,0.0140925771832219,800,80,1050000,1050000,12.0947991671389,TRUE,NA
"Beta left-high",10,404123,305,333,1050000,105085,52396,0.00843117374906081,333,36,1050000,971250,17.793031633233,TRUE,NA
"Beta left-high",10,404123,305,800,1050000,105085,52396,0.0147972678949868,800,77,1050000,1090909.09090909,12.2944823707041,TRUE,NA
"Beta left-high",10,404123,306,333,1050000,101552,52627,0.00798684416640552,333,35,1050000,999000,18.0146740919102,TRUE,NA
"Beta left-high",10,404123,306,800,1050000,101552,52627,0.0145133648246143,800,81,1050000,1037037.03703704,12.030833596093,TRUE,NA
"Beta left-high",10,404123,307,333,1050000,108711,52886,0.0082823634512622,333,32,1050000,1092656.25,18.7433774150619,TRUE,NA
"Beta left-high",10,404123,307,800,1050000,108711,52886,0.0145968131893064,800,80,1050000,1050000,12.0947991671389,TRUE,NA
"Beta left-high",10,404123,308,333,1050000,100764,52325,0.00801254920277671,333,35,1050000,999000,18.0146740919102,TRUE,NA
"Beta left-high",10,404123,308,800,1050000,100764,52325,0.0142960044022438,800,71,1050000,1183098.5915493,12.7329979704687,TRUE,NA
"Beta left-high",10,404123,309,333,1050000,100900,52359,0.00803286716176821,333,36,1050000,971250,17.793031633233,TRUE,NA
"Beta left-high",10,404123,309,800,1050000,100900,52359,0.0145371525229844,800,80,1050000,1050000,12.0947991671389,TRUE,NA
"Beta left-high",10,404123,310,333,1050000,100356,52640,0.00751516417125626,333,32,1050000,1092656.25,18.7433774150619,TRUE,NA
"Beta left-high",10,404123,310,800,1050000,100356,52640,0.013862083606602,800,75,1050000,1120000,12.4345285486325,TRUE,NA
"Beta left-high",10,404123,311,333,1050000,108354,51825,0.00816890286177063,333,27,1050000,1295000,20.2283110341379,TRUE,NA
"Beta left-high",10,404123,311,800,1050000,108354,51825,0.0145956135260925,800,68,1050000,1235294.11764706,12.9747057933055,TRUE,NA
"Beta left-high",10,404123,312,333,1050000,101751,52199,0.00775691756033126,333,28,1050000,1248750,19.8986696556908,TRUE,NA
"Beta left-high",10,404123,312,800,1050000,101751,52199,0.0142375429502759,800,68,1050000,1235294.11764706,12.9747057933055,TRUE,NA
"Beta left-high",10,404123,313,333,1050000,103069,52652,0.00782798995160198,333,24,1050000,1456875,21.341997647599,TRUE,NA
"Beta left-high",10,404123,313,800,1050000,103069,52652,0.0143295178165992,800,70,1050000,1200000,12.8117645057411,TRUE,NA
"Beta left-high",10,404123,314,333,1050000,101756,52661,0.0079836116160484,333,34,1050000,1028382.35294118,18.2464200319481,TRUE,NA
"Beta left-high",10,404123,314,800,1050000,101756,52661,0.0142701778532945,800,79,1050000,1063291.13924051,12.1600347604124,TRUE,NA
"Beta left-high",10,404123,315,333,1050000,111200,52851,0.0081016104580594,333,24,1050000,1456875,21.341997647599,TRUE,NA
"Beta left-high",10,404123,315,800,1050000,111200,52851,0.0144211287629459,800,72,1050000,1166666.66666667,12.6559494223987,TRUE,NA
"Beta left-high",10,404123,316,333,1050000,100856,52379,0.00790676396128799,333,31,1050000,1127903.22580645,19.0103877415676,TRUE,NA
"Beta left-high",10,404123,316,800,1050000,100856,52379,0.0146471460075245,800,78,1050000,1076923.07692308,12.226581496827,TRUE,NA
"Beta left-high",10,404123,317,333,1050000,102552,52661,0.00814249813065437,333,33,1050000,1059545.45454545,18.489037291156,TRUE,NA
"Beta left-high",10,404123,317,800,1050000,102552,52661,0.014420927881545,800,89,1050000,943820.224719101,11.5604375979122,TRUE,NA
"Beta left-high",10,404123,318,333,1050000,107030,52570,0.00745060966509424,333,29,1050000,1205689.65517241,19.5867757206323,TRUE,NA
"Beta left-high",10,404123,318,800,1050000,107030,52570,0.0137938142413864,800,69,1050000,1217391.30434783,12.8923117835906,TRUE,NA
"Beta left-high",10,404123,319,333,1050000,103603,52444,0.00795561384915585,333,31,1050000,1127903.22580645,19.0103877415676,TRUE,NA
"Beta left-high",10,404123,319,800,1050000,103603,52444,0.0142295908906179,800,72,1050000,1166666.66666667,12.6559494223987,TRUE,NA
"Beta left-high",10,404123,320,333,1050000,106937,51911,0.00814191233890814,333,29,1050000,1205689.65517241,19.5867757206323,TRUE,NA
"Beta left-high",10,404123,320,800,1050000,106937,51911,0.0148747306817911,800,67,1050000,1253731.34328358,13.0590159750537,TRUE,NA
"Beta left-high",10,404123,321,333,1050000,105534,52155,0.00804133580881111,333,31,1050000,1127903.22580645,19.0103877415676,TRUE,NA
"Beta left-high",10,404123,321,800,1050000,105534,52155,0.0143782930656366,800,63,1050000,1333333.33333333,13.4169417388458,TRUE,NA
"Beta left-high",10,404123,322,333,1050000,102365,52776,0.00797969519370923,333,29,1050000,1205689.65517241,19.5867757206323,TRUE,NA
"Beta left-high",10,404123,322,800,1050000,102365,52776,0.0144418856724428,800,65,1050000,1292307.69230769,13.2336812996074,TRUE,NA
"Beta left-high",10,404123,323,333,1050000,104184,52742,0.00778083853798495,333,29,1050000,1205689.65517241,19.5867757206323,TRUE,NA
"Beta left-high",10,404123,323,800,1050000,104184,52742,0.0144032783541554,800,88,1050000,954545.454545455,11.6155297136974,TRUE,NA
"Beta left-high",10,404123,324,333,1050000,109662,52777,0.00782484762120387,333,40,1050000,874125,16.9945343249956,TRUE,NA
"Beta left-high",10,404123,324,800,1050000,109662,52777,0.0143322570605118,800,95,1050000,884210.526315789,11.249325525922,TRUE,NA
"Beta left-high",10,404123,325,333,1050000,105944,52582,0.00786112633958493,333,33,1050000,1059545.45454545,18.489037291156,TRUE,NA
"Beta left-high",10,404123,325,800,1050000,105944,52582,0.0142107656494934,800,79,1050000,1063291.13924051,12.1600347604124,TRUE,NA
"Beta left-high",10,404123,326,333,1050000,108235,52885,0.00823781766086453,333,41,1050000,852804.87804878,16.8141796097176,TRUE,NA
"Beta left-high",10,404123,326,800,1050000,108235,52885,0.0148041262913626,800,93,1050000,903225.806451613,11.3494955224386,TRUE,NA
"Beta left-high",10,404123,327,333,1050000,103748,52625,0.00761823455761209,333,27,1050000,1295000,20.2283110341379,TRUE,NA
"Beta left-high",10,404123,327,800,1050000,103748,52625,0.0145143654597933,800,73,1050000,1150684.93150685,12.580559139533,TRUE,NA
"Beta left-high",10,404123,328,333,1050000,109463,52290,0.00814639930037386,333,39,1050000,896538.461538462,17.1820968840741,TRUE,NA
"Beta left-high",10,404123,328,800,1050000,109463,52290,0.0144860944102573,800,88,1050000,954545.454545455,11.6155297136974,TRUE,NA
"Beta left-high",10,404123,329,333,1050000,108406,52216,0.00818447260507981,333,38,1050000,920131.578947368,17.3773442061869,TRUE,NA
"Beta left-high",10,404123,329,800,1050000,108406,52216,0.0142753244159146,800,86,1050000,976744.186046512,11.7287355098862,TRUE,NA
"Beta left-high",10,404123,330,333,1050000,110577,52305,0.00814394157279934,333,31,1050000,1127903.22580645,19.0103877415676,TRUE,NA
"Beta left-high",10,404123,330,800,1050000,110577,52305,0.0146435053017419,800,90,1050000,933333.333333333,11.5063147012645,TRUE,NA
"Beta left-high",10,404123,331,333,1050000,101960,52798,0.0079241247318969,333,35,1050000,999000,18.0146740919102,TRUE,NA
"Beta left-high",10,404123,331,800,1050000,101960,52798,0.0141344374277254,800,85,1050000,988235.294117647,11.7869090824081,TRUE,NA
"Beta left-high",10,404123,332,333,1050000,102167,52502,0.0077332067652122,333,29,1050000,1205689.65517241,19.5867757206323,TRUE,NA
"Beta left-high",10,404123,332,800,1050000,102167,52502,0.014599466428503,800,74,1050000,1135135.13513514,12.5067702476922,TRUE,NA
"Beta left-high",10,404123,333,333,1050000,107616,52314,0.00761833955176445,333,28,1050000,1248750,19.8986696556908,TRUE,NA
"Beta left-high",10,404123,333,800,1050000,107616,52314,0.0144413041613331,800,91,1050000,923076.923076923,11.4531339284728,TRUE,NA
"Beta left-high",10,404123,334,333,1050000,105728,52633,0.00782246838530347,333,31,1050000,1127903.22580645,19.0103877415676,TRUE,NA
"Beta left-high",10,404123,334,800,1050000,105728,52633,0.014732284380945,800,95,1050000,884210.526315789,11.249325525922,TRUE,NA
"Beta left-high",10,404123,335,333,1050000,107634,52738,0.0080187702320117,333,38,1050000,920131.578947368,17.3773442061869,TRUE,NA
"Beta left-high",10,404123,335,800,1050000,107634,52738,0.0146576986080833,800,85,1050000,988235.294117647,11.7869090824081,TRUE,NA
"Beta left-high",10,404123,336,333,1050000,108737,52567,0.00834859270079905,333,34,1050000,1028382.35294118,18.2464200319481,TRUE,NA
"Beta left-high",10,404123,336,800,1050000,108737,52567,0.0144988282088626,800,72,1050000,1166666.66666667,12.6559494223987,TRUE,NA
"Beta left-high",10,404123,337,333,1050000,110473,52428,0.00825278914453463,333,35,1050000,999000,18.0146740919102,TRUE,NA
"Beta left-high",10,404123,337,800,1050000,110473,52428,0.0146324422857597,800,68,1050000,1235294.11764706,12.9747057933055,TRUE,NA
"Beta left-high",10,404123,338,333,1050000,102663,52379,0.00830413095423408,333,27,1050000,1295000,20.2283110341379,TRUE,NA
"Beta left-high",10,404123,338,800,1050000,102663,52379,0.0145234197779253,800,75,1050000,1120000,12.4345285486325,TRUE,NA
"Beta left-high",10,404123,339,333,1050000,107604,52489,0.00751594509148673,333,44,1050000,794659.090909091,16.312171044842,TRUE,NA
"Beta left-high",10,404123,339,800,1050000,107604,52489,0.0142740734380839,800,78,1050000,1076923.07692308,12.226581496827,TRUE,NA
"Beta left-high",10,404123,340,333,1050000,102896,52659,0.00818564169448929,333,29,1050000,1205689.65517241,19.5867757206323,TRUE,NA
"Beta left-high",10,404123,340,800,1050000,102896,52659,0.0144785912387109,800,73,1050000,1150684.93150685,12.580559139533,TRUE,NA
"Beta left-high",10,404123,341,333,1050000,103289,52663,0.00807030406986205,333,40,1050000,874125,16.9945343249956,TRUE,NA
"Beta left-high",10,404123,341,800,1050000,103289,52663,0.014215699580886,800,85,1050000,988235.294117647,11.7869090824081,TRUE,NA
"Beta left-high",10,404123,342,333,1050000,102434,52449,0.00822432971796131,333,34,1050000,1028382.35294118,18.2464200319481,TRUE,NA
"Beta left-high",10,404123,342,800,1050000,102434,52449,0.0149560161456209,800,86,1050000,976744.186046512,11.7287355098862,TRUE,NA
"Beta left-high",10,404123,343,333,1050000,102760,52620,0.00743411677977901,333,30,1050000,1165500,19.2911256866153,TRUE,NA
"Beta left-high",10,404123,343,800,1050000,102760,52620,0.0137315934173681,800,65,1050000,1292307.69230769,13.2336812996074,TRUE,NA
"Beta left-high",10,404123,344,333,1050000,108543,52599,0.00850229252607774,333,35,1050000,999000,18.0146740919102,TRUE,NA
"Beta left-high",10,404123,344,800,1050000,108543,52599,0.0148461103085095,800,72,1050000,1166666.66666667,12.6559494223987,TRUE,NA
"Beta left-high",10,404123,345,333,1050000,100700,52339,0.0083237175733418,333,28,1050000,1248750,19.8986696556908,TRUE,NA
"Beta left-high",10,404123,345,800,1050000,100700,52339,0.0146003960966412,800,69,1050000,1217391.30434783,12.8923117835906,TRUE,NA
"Beta left-high",10,404123,346,333,1050000,105317,52035,0.00746098660727275,333,28,1050000,1248750,19.8986696556908,TRUE,NA
"Beta left-high",10,404123,346,800,1050000,105317,52035,0.0145994103461067,800,85,1050000,988235.294117647,11.7869090824081,TRUE,NA
"Beta left-high",10,404123,347,333,1050000,100439,52504,0.00812023025690606,333,35,1050000,999000,18.0146740919102,TRUE,NA
"Beta left-high",10,404123,347,800,1050000,100439,52504,0.0142138446510998,800,91,1050000,923076.923076923,11.4531339284728,TRUE,NA
"Beta left-high",10,404123,348,333,1050000,106150,52695,0.00725549256956784,333,32,1050000,1092656.25,18.7433774150619,TRUE,NA
"Beta left-high",10,404123,348,800,1050000,106150,52695,0.0138945269962826,800,92,1050000,913043.47826087,11.4008692242012,TRUE,NA
"Beta left-high",10,404123,349,333,1050000,103596,52484,0.00862840446844494,333,33,1050000,1059545.45454545,18.489037291156,TRUE,NA
"Beta left-high",10,404123,349,800,1050000,103596,52484,0.0147748845655227,800,86,1050000,976744.186046512,11.7287355098862,TRUE,NA
"Beta left-high",10,404123,350,333,1050000,105470,52531,0.00782825146120315,333,24,1050000,1456875,21.341997647599,TRUE,NA
"Beta left-high",10,404123,350,800,1050000,105470,52531,0.0142580542684358,800,70,1050000,1200000,12.8117645057411,TRUE,NA
"Beta left-high",10,404123,351,333,1050000,105176,52218,0.00800100494651145,333,25,1050000,1398600,20.9478924219945,TRUE,NA
"Beta left-high",10,404123,351,800,1050000,105176,52218,0.0145572923620195,800,75,1050000,1120000,12.4345285486325,TRUE,NA
"Beta left-high",10,404123,352,333,1050000,111147,52619,0.00832278736898868,333,29,1050000,1205689.65517241,19.5867757206323,TRUE,NA
"Beta left-high",10,404123,352,800,1050000,111147,52619,0.0147014131612753,800,84,1050000,1e+06,11.8461717842113,TRUE,NA
"Beta left-high",10,404123,353,333,1050000,105554,53188,0.0081217677290227,333,30,1050000,1165500,19.2911256866153,TRUE,NA
"Beta left-high",10,404123,353,800,1050000,105554,53188,0.0146568883920566,800,81,1050000,1037037.03703704,12.030833596093,TRUE,NA
"Beta left-high",10,404123,354,333,1050000,105983,52692,0.00787234343372577,333,30,1050000,1165500,19.2911256866153,TRUE,NA
"Beta left-high",10,404123,354,800,1050000,105983,52692,0.0141927906218506,800,78,1050000,1076923.07692308,12.226581496827,TRUE,NA
"Beta left-high",10,404123,355,333,1050000,100191,52181,0.00773098288022403,333,25,1050000,1398600,20.9478924219945,TRUE,NA
"Beta left-high",10,404123,355,800,1050000,100191,52181,0.0142086678921253,800,69,1050000,1217391.30434783,12.8923117835906,TRUE,NA
"Beta left-high",10,404123,356,333,1050000,110550,52473,0.00795889944459696,333,40,1050000,874125,16.9945343249956,TRUE,NA
"Beta left-high",10,404123,356,800,1050000,110550,52473,0.0144220997015837,800,78,1050000,1076923.07692308,12.226581496827,TRUE,NA
"Beta left-high",10,404123,357,333,1050000,105095,52435,0.00819192469886937,333,28,1050000,1248750,19.8986696556908,TRUE,NA
"Beta left-high",10,404123,357,800,1050000,105095,52435,0.0146241981620536,800,84,1050000,1e+06,11.8461717842113,TRUE,NA
"Beta left-high",10,404123,358,333,1050000,103041,52369,0.00797288356606111,333,29,1050000,1205689.65517241,19.5867757206323,TRUE,NA
"Beta left-high",10,404123,358,800,1050000,103041,52369,0.0142010791935069,800,75,1050000,1120000,12.4345285486325,TRUE,NA
"Beta left-high",10,404123,359,333,1050000,108435,52717,0.00803646198645194,333,32,1050000,1092656.25,18.7433774150619,TRUE,NA
"Beta left-high",10,404123,359,800,1050000,108435,52717,0.0143540465146327,800,67,1050000,1253731.34328358,13.0590159750537,TRUE,NA
"Beta left-high",10,404123,360,333,1050000,105706,52337,0.00793759355386844,333,50,1050000,699300,15.4536143643956,TRUE,NA
"Beta left-high",10,404123,360,800,1050000,105706,52337,0.0141274556628784,800,96,1050000,875000,11.2004836306336,TRUE,NA
"Beta left-high",10,404123,361,333,1050000,96608,52444,0.00804756162240493,333,23,1050000,1520217.39130435,21.7622794214923,TRUE,NA
"Beta left-high",10,404123,361,800,1050000,96608,52444,0.0147946328316683,800,67,1050000,1253731.34328358,13.0590159750537,TRUE,NA
"Beta left-high",10,404123,362,333,1050000,109760,52795,0.00742475563410617,333,37,1050000,945000,17.5807982524607,TRUE,NA
"Beta left-high",10,404123,362,800,1050000,109760,52795,0.0144497573892492,800,83,1050000,1012048.19277108,11.9065567904524,TRUE,NA
"Beta left-high",10,404123,363,333,1050000,104303,52368,0.00825150231331745,333,26,1050000,1344807.69230769,20.5774046356395,TRUE,NA
"Beta left-high",10,404123,363,800,1050000,104303,52368,0.0146742129389658,800,78,1050000,1076923.07692308,12.226581496827,TRUE,NA
"Beta left-high",10,404123,364,333,1050000,103407,52196,0.00874055051477652,333,25,1050000,1398600,20.9478924219945,TRUE,NA
"Beta left-high",10,404123,364,800,1050000,103407,52196,0.0154223329902641,800,67,1050000,1253731.34328358,13.0590159750537,TRUE,NA
"Beta left-high",10,404123,365,333,1050000,103635,52415,0.00780857842130399,333,35,1050000,999000,18.0146740919102,TRUE,NA
"Beta left-high",10,404123,365,800,1050000,103635,52415,0.0145551806230122,800,79,1050000,1063291.13924051,12.1600347604124,TRUE,NA
"Beta left-high",10,404123,366,333,1050000,104121,52490,0.00802631682555779,333,35,1050000,999000,18.0146740919102,TRUE,NA
"Beta left-high",10,404123,366,800,1050000,104121,52490,0.0146193798134164,800,69,1050000,1217391.30434783,12.8923117835906,TRUE,NA
"Beta left-high",10,404123,367,333,1050000,103480,52498,0.00765242581498622,333,28,1050000,1248750,19.8986696556908,TRUE,NA
"Beta left-high",10,404123,367,800,1050000,103480,52498,0.0144545835693527,800,76,1050000,1105263.15789474,12.3637823606631,TRUE,NA
"Beta left-high",10,404123,368,333,1050000,103307,52426,0.00760339032391693,333,27,1050000,1295000,20.2283110341379,TRUE,NA
"Beta left-high",10,404123,368,800,1050000,103307,52426,0.0140975332307545,800,75,1050000,1120000,12.4345285486325,TRUE,NA
"Beta left-high",10,404123,369,333,1050000,102830,51989,0.00796539181780809,333,28,1050000,1248750,19.8986696556908,TRUE,NA
"Beta left-high",10,404123,369,800,1050000,102830,51989,0.0144357901837976,800,52,1050000,1615384.61538462,14.614782215316,TRUE,NA
"Beta left-high",10,404123,370,333,1050000,107399,52161,0.00772710313664436,333,28,1050000,1248750,19.8986696556908,TRUE,NA
"Beta left-high",10,404123,370,800,1050000,107399,52161,0.0143944830726471,800,78,1050000,1076923.07692308,12.226581496827,TRUE,NA
"Beta left-high",10,404123,371,333,1050000,106890,52805,0.00779749043359599,333,33,1050000,1059545.45454545,18.489037291156,TRUE,NA
"Beta left-high",10,404123,371,800,1050000,106890,52805,0.0138389027883677,800,82,1050000,1024390.24390244,11.9680986963519,TRUE,NA
"Beta left-high",10,404123,372,333,1050000,109258,52392,0.00743083997334127,333,34,1050000,1028382.35294118,18.2464200319481,TRUE,NA
"Beta left-high",10,404123,372,800,1050000,109258,52392,0.0138621433251728,800,86,1050000,976744.186046512,11.7287355098862,TRUE,NA
"Beta left-high",10,404123,373,333,1050000,113989,52489,0.00853922925878011,333,44,1050000,794659.090909091,16.312171044842,TRUE,NA
"Beta left-high",10,404123,373,800,1050000,113989,52489,0.0153769634736137,800,108,1050000,777777.777777778,10.6713054255802,TRUE,NA
"Beta left-high",10,404123,374,333,1050000,105022,52531,0.00786131292190273,333,20,1050000,1748250,23.2123716350453,TRUE,NA
"Beta left-high",10,404123,374,800,1050000,105022,52531,0.0146839067428775,800,63,1050000,1333333.33333333,13.4169417388458,TRUE,NA
"Beta left-high",10,404123,375,333,1050000,104329,52554,0.00797176109264358,333,39,1050000,896538.461538462,17.1820968840741,TRUE,NA
"Beta left-high",10,404123,375,800,1050000,104329,52554,0.0146458224808732,800,94,1050000,893617.021276596,11.2989886988539,TRUE,NA
"Beta left-high",10,404123,376,333,1050000,101126,52273,0.00785851282688902,333,27,1050000,1295000,20.2283110341379,TRUE,NA
"Beta left-high",10,404123,376,800,1050000,101126,52273,0.0142230092956428,800,69,1050000,1217391.30434783,12.8923117835906,TRUE,NA
"Beta left-high",10,404123,377,333,1050000,104110,52622,0.00818271856171154,333,34,1050000,1028382.35294118,18.2464200319481,TRUE,NA
"Beta left-high",10,404123,377,800,1050000,104110,52622,0.0145358618476418,800,80,1050000,1050000,12.0947991671389,TRUE,NA
"Beta left-high",10,404123,378,333,1050000,106353,52332,0.00785145934297314,333,33,1050000,1059545.45454545,18.489037291156,TRUE,NA
"Beta left-high",10,404123,378,800,1050000,106353,52332,0.0142292513792119,800,91,1050000,923076.923076923,11.4531339284728,TRUE,NA
"Beta left-high",10,404123,379,333,1050000,103657,52545,0.00798330112708865,333,46,1050000,760108.695652174,16.0064206264636,TRUE,NA
"Beta left-high",10,404123,379,800,1050000,103657,52545,0.0145059554662843,800,86,1050000,976744.186046512,11.7287355098862,TRUE,NA
"Beta left-high",10,404123,380,333,1050000,101591,53029,0.00771199173245777,333,21,1050000,1665000,22.6937143965885,TRUE,NA
"Beta left-high",10,404123,380,800,1050000,101591,53029,0.0137022005003705,800,58,1050000,1448275.86206897,13.9175414494397,TRUE,NA
"Beta left-high",10,404123,381,333,1050000,107100,52718,0.00840878465999462,333,38,1050000,920131.578947368,17.3773442061869,TRUE,NA
"Beta left-high",10,404123,381,800,1050000,107100,52718,0.0150679245337879,800,84,1050000,1e+06,11.8461717842113,TRUE,NA
"Beta left-high",10,404123,382,333,1050000,107820,52698,0.00767126327773237,333,35,1050000,999000,18.0146740919102,TRUE,NA
"Beta left-high",10,404123,382,800,1050000,107820,52698,0.0141775778881212,800,91,1050000,923076.923076923,11.4531339284728,TRUE,NA
"Beta left-high",10,404123,383,333,1050000,104611,52268,0.00789786079078179,333,27,1050000,1295000,20.2283110341379,TRUE,NA
"Beta left-high",10,404123,383,800,1050000,104611,52268,0.0146691790143053,800,74,1050000,1135135.13513514,12.5067702476922,TRUE,NA
"Beta left-high",10,404123,384,333,1050000,104093,52429,0.00757193903088814,333,23,1050000,1520217.39130435,21.7622794214923,TRUE,NA
"Beta left-high",10,404123,384,800,1050000,104093,52429,0.0140790317973621,800,72,1050000,1166666.66666667,12.6559494223987,TRUE,NA
"Beta left-high",10,404123,385,333,1050000,99118,52429,0.00812113022046906,333,33,1050000,1059545.45454545,18.489037291156,TRUE,NA
"Beta left-high",10,404123,385,800,1050000,99118,52429,0.0145627680821082,800,91,1050000,923076.923076923,11.4531339284728,TRUE,NA
"Beta left-high",10,404123,386,333,1050000,105575,52208,0.00797464334528568,333,26,1050000,1344807.69230769,20.5774046356395,TRUE,NA
"Beta left-high",10,404123,386,800,1050000,105575,52208,0.0148651093521261,800,72,1050000,1166666.66666667,12.6559494223987,TRUE,NA
"Beta left-high",10,404123,387,333,1050000,104351,52130,0.0077031975129665,333,33,1050000,1059545.45454545,18.489037291156,TRUE,NA
"Beta left-high",10,404123,387,800,1050000,104351,52130,0.0139960695633241,800,85,1050000,988235.294117647,11.7869090824081,TRUE,NA
"Beta left-high",10,404123,388,333,1050000,106691,52861,0.0081549298562601,333,40,1050000,874125,16.9945343249956,TRUE,NA
"Beta left-high",10,404123,388,800,1050000,106691,52861,0.0146999673159951,800,87,1050000,965517.24137931,11.671619237666,TRUE,NA
"Beta left-high",10,404123,389,333,1050000,109304,52456,0.00831774157080486,333,26,1050000,1344807.69230769,20.5774046356395,TRUE,NA
"Beta left-high",10,404123,389,800,1050000,109304,52456,0.0147350940099147,800,80,1050000,1050000,12.0947991671389,TRUE,NA
"Beta left-high",10,404123,390,333,1050000,106066,52654,0.00779516359115828,333,25,1050000,1398600,20.9478924219945,TRUE,NA
"Beta left-high",10,404123,390,800,1050000,106066,52654,0.0139814760646957,800,80,1050000,1050000,12.0947991671389,TRUE,NA
"Beta left-high",10,404123,391,333,1050000,104497,52547,0.00748257315284055,333,37,1050000,945000,17.5807982524607,TRUE,NA
"Beta left-high",10,404123,391,800,1050000,104497,52547,0.0145080876151744,800,84,1050000,1e+06,11.8461717842113,TRUE,NA
"Beta left-high",10,404123,392,333,1050000,112423,52343,0.00848446810498218,333,38,1050000,920131.578947368,17.3773442061869,TRUE,NA
"Beta left-high",10,404123,392,800,1050000,112423,52343,0.0153634979577951,800,104,1050000,807692.307692308,10.8368820722231,TRUE,NA
"Beta left-high",10,404123,393,333,1050000,104654,52408,0.0084727128027735,333,36,1050000,971250,17.793031633233,TRUE,NA
"Beta left-high",10,404123,393,800,1050000,104654,52408,0.0149699468444007,800,76,1050000,1105263.15789474,12.3637823606631,TRUE,NA
"Beta left-high",10,404123,394,333,1050000,100556,52629,0.00797570197383048,333,28,1050000,1248750,19.8986696556908,TRUE,NA
"Beta left-high",10,404123,394,800,1050000,100556,52629,0.0147568343460721,800,76,1050000,1105263.15789474,12.3637823606631,TRUE,NA
"Beta left-high",10,404123,395,333,1050000,109208,52545,0.00808473087184932,333,42,1050000,832500,16.6405959934941,TRUE,NA
"Beta left-high",10,404123,395,800,1050000,109208,52545,0.0150610771399467,800,92,1050000,913043.47826087,11.4008692242012,TRUE,NA
"Beta left-high",10,404123,396,333,1050000,105690,52834,0.00854751248370953,333,40,1050000,874125,16.9945343249956,TRUE,NA
"Beta left-high",10,404123,396,800,1050000,105690,52834,0.0152933008012225,800,93,1050000,903225.806451613,11.3494955224386,TRUE,NA
"Beta left-high",10,404123,397,333,1050000,105022,52460,0.00808753911972489,333,32,1050000,1092656.25,18.7433774150619,TRUE,NA
"Beta left-high",10,404123,397,800,1050000,105022,52460,0.0146431126845384,800,62,1050000,1354838.70967742,13.5120127839663,TRUE,NA
"Beta left-high",10,404123,398,333,1050000,103605,52141,0.0084284447141,333,37,1050000,945000,17.5807982524607,TRUE,NA
"Beta left-high",10,404123,398,800,1050000,103605,52141,0.015275591096126,800,81,1050000,1037037.03703704,12.030833596093,TRUE,NA
"Beta left-high",10,404123,399,333,1050000,109446,52635,0.00794912045575867,333,41,1050000,852804.87804878,16.8141796097176,TRUE,NA
"Beta left-high",10,404123,399,800,1050000,109446,52635,0.0146096796521815,800,95,1050000,884210.526315789,11.249325525922,TRUE,NA
"Beta left-high",10,404123,400,333,1050000,104575,52418,0.00850810399345909,333,36,1050000,971250,17.793031633233,TRUE,NA
"Beta left-high",10,404123,400,800,1050000,104575,52418,0.0155058220146795,800,84,1050000,1e+06,11.8461717842113,TRUE,NA
