"scenario","ratio_value","setting_seed","repetition","x_stop","n_target_total","n_marker_actual","n_target_band","x_end","x_count","n_count","c_true","c_hat","sigma_L","valid","invalid_reason"
"Beta left-high",2,402123,1,333,210000,99766,10488,0.0254149655839527,333,162,210000,215833.333333333,10.027092898003,TRUE,NA
"Beta left-high",2,402123,1,800,210000,99766,10488,0.0454426244906057,800,384,210000,218750,6.87937741079022,TRUE,NA
"Beta left-high",2,402123,2,333,210000,99743,10375,0.0230778404341747,333,148,210000,236250,10.3141536003213,TRUE,NA
"Beta left-high",2,402123,2,800,210000,99743,10375,0.0444748715261296,800,374,210000,224598.930481283,6.92980048831585,TRUE,NA
"Beta left-high",2,402123,3,333,210000,103420,10490,0.0242668698552956,333,155,210000,225580.64516129,10.1651525298793,TRUE,NA
"Beta left-high",2,402123,3,800,210000,103420,10490,0.0449244573780805,800,414,210000,202898.550724638,6.74082756532198,TRUE,NA
"Beta left-high",2,402123,4,333,210000,103658,10496,0.024045948846042,333,161,210000,217173.913043478,10.0461932176168,TRUE,NA
"Beta left-high",2,402123,4,800,210000,103658,10496,0.0449028319209844,800,424,210000,198113.20754717,6.69843806822168,TRUE,NA
"Beta left-high",2,402123,5,333,210000,102132,10545,0.0231054339715706,333,151,210000,231556.291390728,10.2488712786515,TRUE,NA
"Beta left-high",2,402123,5,800,210000,102132,10545,0.0444539841732652,800,387,210000,217054.263565891,6.86468937207488,TRUE,NA
"Beta left-high",2,402123,6,333,210000,103714,10532,0.0243172921703445,333,183,210000,191065.573770492,9.66741980399235,TRUE,NA
"Beta left-high",2,402123,6,800,210000,103714,10532,0.0462929267450757,800,423,210000,198581.560283688,6.7025986626053,TRUE,NA
"Beta left-high",2,402123,7,333,210000,109982,10539,0.024926927945786,333,178,210000,196432.584269663,9.74648512051155,TRUE,NA
"Beta left-high",2,402123,7,800,210000,109982,10539,0.0454220864740681,800,426,210000,197183.098591549,6.69016780784906,TRUE,NA
"Beta left-high",2,402123,8,333,210000,103489,10420,0.0239073095465887,333,172,210000,203284.88372093,9.84650861001883,TRUE,NA
"Beta left-high",2,402123,8,800,210000,103489,10420,0.045786982635157,800,417,210000,201438.848920863,6.72792555258646,TRUE,NA
"Beta left-high",2,402123,9,333,210000,105828,10348,0.0244830911544226,333,172,210000,203284.88372093,9.84650861001883,TRUE,NA
"Beta left-high",2,402123,9,800,210000,105828,10348,0.044110250860972,800,409,210000,205378.973105134,6.76269507253102,TRUE,NA
"Beta left-high",2,402123,10,333,210000,106009,10567,0.0241641706071962,333,172,210000,203284.88372093,9.84650861001883,TRUE,NA
"Beta left-high",2,402123,10,800,210000,106009,10567,0.0454868401103179,800,399,210000,210526.315789474,6.80785014046491,TRUE,NA
"Beta left-high",2,402123,11,333,210000,99328,10477,0.0234208272664223,333,149,210000,234664.429530201,10.2921470492403,TRUE,NA
"Beta left-high",2,402123,11,800,210000,99328,10477,0.0443799670604359,800,368,210000,228260.869565217,6.96118380283859,TRUE,NA
"Beta left-high",2,402123,12,333,210000,103510,10541,0.0234040112571011,333,170,210000,205676.470588235,9.88118041203675,TRUE,NA
"Beta left-high",2,402123,12,800,210000,103510,10541,0.0448972439065071,800,414,210000,202898.550724638,6.74082756532198,TRUE,NA
"Beta left-high",2,402123,13,333,210000,99923,10514,0.0247588340923683,333,173,210000,202109.826589595,9.82942852517615,TRUE,NA
"Beta left-high",2,402123,13,800,210000,99923,10514,0.0446201963944209,800,359,210000,233983.286908078,7.00994437187391,TRUE,NA
"Beta left-high",2,402123,14,333,210000,102148,10627,0.0233593321742921,333,151,210000,231556.291390728,10.2488712786515,TRUE,NA
"Beta left-high",2,402123,14,800,210000,102148,10627,0.0440040729758483,800,388,210000,216494.845360825,6.85983693462991,TRUE,NA
"Beta left-high",2,402123,15,333,210000,107805,10417,0.0251624863916248,333,184,210000,190027.173913043,9.65204760713552,TRUE,NA
"Beta left-high",2,402123,15,800,210000,107805,10417,0.0443533075302497,800,432,210000,194444.444444444,6.66575689937551,TRUE,NA
"Beta left-high",2,402123,16,333,210000,105258,10490,0.0240371930279209,333,154,210000,227045.454545455,10.185738159727,TRUE,NA
"Beta left-high",2,402123,16,800,210000,105258,10490,0.0445949261492598,800,362,210000,232044.198895028,6.9934595362874,TRUE,NA
"Beta left-high",2,402123,17,333,210000,103954,10498,0.0236024887189813,333,177,210000,197542.372881356,9.76275432778563,TRUE,NA
"Beta left-high",2,402123,17,800,210000,103954,10498,0.0437113613505606,800,406,210000,206896.551724138,6.77603931255901,TRUE,NA
"Beta left-high",2,402123,18,333,210000,110767,10427,0.0242554945876372,333,220,210000,158931.818181818,9.17980078095377,TRUE,NA
"Beta left-high",2,402123,18,800,210000,110767,10427,0.0460924192387178,800,506,210000,166007.90513834,6.40679426415633,TRUE,NA
"Beta left-high",2,402123,19,333,210000,107799,10576,0.0259978613141911,333,178,210000,196432.584269663,9.74648512051155,TRUE,NA
"Beta left-high",2,402123,19,800,210000,107799,10576,0.0445847428452721,800,393,210000,213740.458015267,6.83589493148404,TRUE,NA
"Beta left-high",2,402123,20,333,210000,116118,10566,0.0240978042017266,333,174,210000,200948.275862069,9.8125155434919,TRUE,NA
"Beta left-high",2,402123,20,800,210000,116118,10566,0.0460460054949638,800,439,210000,191343.963553531,6.63801251683109,TRUE,NA
"Beta left-high",2,402123,21,333,210000,102758,10652,0.0251458000244937,333,176,210000,198664.772727273,9.77918088295926,TRUE,NA
"Beta left-high",2,402123,21,800,210000,102758,10652,0.0448001527794459,800,397,210000,211586.901763224,6.81711696907119,TRUE,NA
"Beta left-high",2,402123,22,333,210000,99609,10408,0.0239255066145306,333,167,210000,209371.25748503,9.93450735791223,TRUE,NA
"Beta left-high",2,402123,22,800,210000,99609,10408,0.0451143962510284,800,399,210000,210526.315789474,6.80785014046491,TRUE,NA
"Beta left-high",2,402123,23,333,210000,107579,10527,0.0224553753983075,333,145,210000,241137.931034483,10.3817009283081,TRUE,NA
"Beta left-high",2,402123,23,800,210000,107579,10527,0.044164868280561,800,436,210000,192660.550458716,6.64980802053246,TRUE,NA
"Beta left-high",2,402123,24,333,210000,104064,10507,0.0229398678052205,333,160,210000,218531.25,10.0654953640372,TRUE,NA
"Beta left-high",2,402123,24,800,210000,104064,10507,0.0437291096284016,800,382,210000,219895.287958115,6.88927988723264,TRUE,NA
"Beta left-high",2,402123,25,333,210000,103696,10575,0.025807568880728,333,201,210000,173955.223880597,9.41092135258544,TRUE,NA
"Beta left-high",2,402123,25,800,210000,103696,10575,0.0466974454816937,800,466,210000,180257.510729614,6.53784324997435,TRUE,NA
"Beta left-high",2,402123,26,333,210000,105808,10409,0.0250511623048292,333,204,210000,171397.058823529,9.37196909761184,TRUE,NA
"Beta left-high",2,402123,26,800,210000,105808,10409,0.0443723128859734,800,413,210000,203389.830508475,6.74516433854333,TRUE,NA
"Beta left-high",2,402123,27,333,210000,105880,10530,0.0247644620971709,333,193,210000,181165.803108808,9.51985653390033,TRUE,NA
"Beta left-high",2,402123,27,800,210000,105880,10530,0.0444610544610754,800,421,210000,199524.940617577,6.71097131677406,TRUE,NA
"Beta left-high",2,402123,28,333,210000,106465,10412,0.0242792978838982,333,186,210000,187983.870967742,9.62172738044833,TRUE,NA
"Beta left-high",2,402123,28,800,210000,106465,10412,0.0457434639308321,800,400,210000,210000,6.80324679057169,TRUE,NA
"Beta left-high",2,402123,29,333,210000,113357,10617,0.0232027629310038,333,167,210000,209371.25748503,9.93450735791223,TRUE,NA
"Beta left-high",2,402123,29,800,210000,113357,10617,0.0448074447839219,800,415,210000,202409.638554217,6.73650892047155,TRUE,NA
"Beta left-high",2,402123,30,333,210000,108863,10287,0.0241071275126399,333,170,210000,205676.470588235,9.88118041203675,TRUE,NA
"Beta left-high",2,402123,30,800,210000,108863,10287,0.0453071646619324,800,435,210000,193103.448275862,6.65377130960709,TRUE,NA
"Beta left-high",2,402123,31,333,210000,102285,10472,0.0241542448790021,333,181,210000,193176.79558011,9.69859864660789,TRUE,NA
"Beta left-high",2,402123,31,800,210000,102285,10472,0.0439322850487403,800,394,210000,213197.969543147,6.83116955969639,TRUE,NA
"Beta left-high",2,402123,32,333,210000,100912,10516,0.0244385898893993,333,150,210000,233100,10.2703877039828,TRUE,NA
"Beta left-high",2,402123,32,800,210000,100912,10516,0.0445740449607615,800,395,210000,212658.227848101,6.82646486767687,TRUE,NA
"Beta left-high",2,402123,33,333,210000,105007,10351,0.0234888498322819,333,152,210000,230032.894736842,10.2275935883112,TRUE,NA
"Beta left-high",2,402123,33,800,210000,105007,10351,0.0449129093876798,800,395,210000,212658.227848101,6.82646486767687,TRUE,NA
"Beta left-high",2,402123,34,333,210000,102712,10498,0.024489279516763,333,160,210000,218531.25,10.0654953640372,TRUE,NA
"Beta left-high",2,402123,34,800,210000,102712,10498,0.0441141663549553,800,357,210000,235294.117647059,7.02106625629019,TRUE,NA
"Beta left-high",2,402123,35,333,210000,108326,10661,0.0244793418667905,333,177,210000,197542.372881356,9.76275432778563,TRUE,NA
"Beta left-high",2,402123,35,800,210000,108326,10661,0.0437634433989088,800,393,210000,213740.458015267,6.83589493148404,TRUE,NA
"Beta left-high",2,402123,36,333,210000,103786,10503,0.0253730094263,333,193,210000,181165.803108808,9.51985653390033,TRUE,NA
"Beta left-high",2,402123,36,800,210000,103786,10503,0.0447567865678631,800,381,210000,220472.440944882,6.89426472174727,TRUE,NA
"Beta left-high",2,402123,37,333,210000,99877,10573,0.0233315121165531,333,150,210000,233100,10.2703877039828,TRUE,NA
"Beta left-high",2,402123,37,800,210000,99877,10573,0.0436677339109851,800,358,210000,234636.87150838,7.01549198469208,TRUE,NA
"Beta left-high",2,402123,38,333,210000,103429,10514,0.0242434221092668,333,174,210000,200948.275862069,9.8125155434919,TRUE,NA
"Beta left-high",2,402123,38,800,210000,103429,10514,0.0452599930279357,800,386,210000,217616.580310881,6.86956349739337,TRUE,NA
"Beta left-high",2,402123,39,333,210000,104213,10517,0.023809619782457,333,154,210000,227045.454545455,10.185738159727,TRUE,NA
"Beta left-high",2,402123,39,800,210000,104213,10517,0.0439420979415421,800,389,210000,215938.303341902,6.8550060370112,TRUE,NA
"Beta left-high",2,402123,40,333,210000,108168,10548,0.0243864753646818,333,168,210000,208125,9.91655214513914,TRUE,NA
"Beta left-high",2,402123,40,800,210000,108168,10548,0.0466363333614794,800,428,210000,196261.682242991,6.68196474659456,TRUE,NA
"Beta left-high",2,402123,41,333,210000,100742,10350,0.0233417570974402,333,153,210000,228529.411764706,10.2065505459796,TRUE,NA
"Beta left-high",2,402123,41,800,210000,100742,10350,0.0447329041904503,800,371,210000,226415.094339623,6.94538298375246,TRUE,NA
"Beta left-high",2,402123,42,333,210000,105229,10407,0.0261460034317399,333,185,210000,189000,9.6368174714222,TRUE,NA
"Beta left-high",2,402123,42,800,210000,105229,10407,0.0460372894444896,800,435,210000,193103.448275862,6.65377130960709,TRUE,NA
"Beta left-high",2,402123,43,333,210000,102754,10604,0.0237014701317142,333,153,210000,228529.411764706,10.2065505459796,TRUE,NA
"Beta left-high",2,402123,43,800,210000,102754,10604,0.0445865449438393,800,400,210000,210000,6.80324679057169,TRUE,NA
"Beta left-high",2,402123,44,333,210000,103484,10445,0.0241596538125095,333,187,210000,186978.609625668,9.60677535660802,TRUE,NA
"Beta left-high",2,402123,44,800,210000,103484,10445,0.0452534652565511,800,444,210000,189189.189189189,6.61866220742127,TRUE,NA
"Beta left-high",2,402123,45,333,210000,103609,10698,0.025068360119312,333,159,210000,219905.660377358,10.0850026615991,TRUE,NA
"Beta left-high",2,402123,45,800,210000,103609,10698,0.0457538720467205,800,419,210000,200477.326968974,6.71941331829732,TRUE,NA
"Beta left-high",2,402123,46,333,210000,107428,10403,0.0234718688251675,333,170,210000,205676.470588235,9.88118041203675,TRUE,NA
"Beta left-high",2,402123,46,800,210000,107428,10403,0.0449531826888161,800,394,210000,213197.969543147,6.83116955969639,TRUE,NA
"Beta left-high",2,402123,47,333,210000,110852,10464,0.0258793866563363,333,217,210000,161129.032258065,9.21396474012191,TRUE,NA
"Beta left-high",2,402123,47,800,210000,110852,10464,0.0462002812693419,800,498,210000,168674.698795181,6.43152300614439,TRUE,NA
"Beta left-high",2,402123,48,333,210000,106568,10454,0.0240449588375213,333,161,210000,217173.913043478,10.0461932176168,TRUE,NA
"Beta left-high",2,402123,48,800,210000,106568,10454,0.0436873288297951,800,370,210000,227027.027027027,6.95062543376141,TRUE,NA
"Beta left-high",2,402123,49,333,210000,106305,10458,0.0241903210052165,333,166,210000,210632.530120482,9.95264591849202,TRUE,NA
"Beta left-high",2,402123,49,800,210000,106305,10458,0.043248295778021,800,382,210000,219895.287958115,6.88927988723264,TRUE,NA
"Beta left-high",2,402123,50,333,210000,109086,10525,0.0233415739207097,333,152,210000,230032.894736842,10.2275935883112,TRUE,NA
"Beta left-high",2,402123,50,800,210000,109086,10525,0.0436039254274688,800,392,210000,214285.714285714,6.84064112310072,TRUE,NA
"Beta left-high",2,402123,51,333,210000,105700,10573,0.0238860175814947,333,167,210000,209371.25748503,9.93450735791223,TRUE,NA
"Beta left-high",2,402123,51,800,210000,105700,10573,0.0439448101714481,800,387,210000,217054.263565891,6.86468937207488,TRUE,NA
"Beta left-high",2,402123,52,333,210000,111564,10513,0.0241861311670648,333,197,210000,177487.30964467,9.46443966874167,TRUE,NA
"Beta left-high",2,402123,52,800,210000,111564,10513,0.0461387836309938,800,449,210000,187082.405345212,6.59968800894959,TRUE,NA
"Beta left-high",2,402123,53,333,210000,108573,10405,0.0236153164580834,333,179,210000,195335.195530726,9.73037094417081,TRUE,NA
"Beta left-high",2,402123,53,800,210000,108573,10405,0.0446277016699883,800,396,210000,212121.212121212,6.82178071664205,TRUE,NA
"Beta left-high",2,402123,54,333,210000,102932,10339,0.0246344158296404,333,189,210000,185000,9.57727778826045,TRUE,NA
"Beta left-high",2,402123,54,800,210000,102932,10339,0.0448894215493609,800,421,210000,199524.940617577,6.71097131677406,TRUE,NA
"Beta left-high",2,402123,55,333,210000,108369,10682,0.0243981717892954,333,183,210000,191065.573770492,9.66741980399235,TRUE,NA
"Beta left-high",2,402123,55,800,210000,108369,10682,0.0462194639215679,800,461,210000,182212.581344902,6.55561902973741,TRUE,NA
"Beta left-high",2,402123,56,333,210000,102348,10451,0.0230602158844872,333,140,210000,249750,10.4996556301636,TRUE,NA
"Beta left-high",2,402123,56,800,210000,102348,10451,0.041608115496162,800,336,210000,250000,7.1446533614535,TRUE,NA
"Beta left-high",2,402123,57,333,210000,98029,10480,0.0252175725562272,333,165,210000,211909.090909091,9.97097074158352,TRUE,NA
"Beta left-high",2,402123,57,800,210000,98029,10480,0.045520263097672,800,392,210000,214285.714285714,6.84064112310072,TRUE,NA
"Beta left-high",2,402123,58,333,210000,106489,10525,0.0245179644221369,333,158,210000,221297.46835443,10.1047185098824,TRUE,NA
"Beta left-high",2,402123,58,800,210000,106489,10525,0.0451888307380755,800,397,210000,211586.901763224,6.81711696907119,TRUE,NA
"Beta left-high",2,402123,59,333,210000,103994,10563,0.0255887738192576,333,167,210000,209371.25748503,9.93450735791223,TRUE,NA
"Beta left-high",2,402123,59,800,210000,103994,10563,0.0451609286143514,800,395,210000,212658.227848101,6.82646486767687,TRUE,NA
"Beta left-high",2,402123,60,333,210000,102769,10621,0.0240847273220882,333,180,210000,194250,9.71440952806755,TRUE,NA
"Beta left-high",2,402123,60,800,210000,102769,10621,0.0435531298351452,800,423,210000,198581.560283688,6.7025986626053,TRUE,NA
"Beta left-high",2,402123,61,333,210000,100825,10571,0.0232226743083093,333,158,210000,221297.46835443,10.1047185098824,TRUE,NA
"Beta left-high",2,402123,61,800,210000,100825,10571,0.0438606495495594,800,384,210000,218750,6.87937741079022,TRUE,NA
"Beta left-high",2,402123,62,333,210000,106363,10623,0.0238988034281814,333,177,210000,197542.372881356,9.76275432778563,TRUE,NA
"Beta left-high",2,402123,62,800,210000,106363,10623,0.0447855448943226,800,439,210000,191343.963553531,6.63801251683109,TRUE,NA
"Beta left-high",2,402123,63,333,210000,101458,10448,0.0249845869151213,333,179,210000,195335.195530726,9.73037094417081,TRUE,NA
"Beta left-high",2,402123,63,800,210000,101458,10448,0.0446714180303152,800,392,210000,214285.714285714,6.84064112310072,TRUE,NA
"Beta left-high",2,402123,64,333,210000,103395,10567,0.0238878234365911,333,162,210000,215833.333333333,10.027092898003,TRUE,NA
"Beta left-high",2,402123,64,800,210000,103395,10567,0.0438706020226668,800,382,210000,219895.287958115,6.88927988723264,TRUE,NA
"Beta left-high",2,402123,65,333,210000,105123,10605,0.023620140128837,333,157,210000,222707.006369427,10.1246463858931,TRUE,NA
"Beta left-high",2,402123,65,800,210000,105123,10605,0.0440433215549926,800,403,210000,208436.724565757,6.78955541070708,TRUE,NA
"Beta left-high",2,402123,66,333,210000,103790,10425,0.0240430843565775,333,163,210000,214509.202453988,10.0081911539992,TRUE,NA
"Beta left-high",2,402123,66,800,210000,103790,10425,0.04662718281361,800,415,210000,202409.638554217,6.73650892047155,TRUE,NA
"Beta left-high",2,402123,67,333,210000,102981,10408,0.0251633863849624,333,175,210000,199800,9.79576715047429,TRUE,NA
"Beta left-high",2,402123,67,800,210000,102981,10408,0.0437483569829928,800,364,210000,230769.230769231,6.982599398931,TRUE,NA
"Beta left-high",2,402123,68,333,210000,107674,10508,0.0229074186501447,333,158,210000,221297.46835443,10.1047185098824,TRUE,NA
"Beta left-high",2,402123,68,800,210000,107674,10508,0.0430204724437596,800,391,210000,214833.759590793,6.84540827589973,TRUE,NA
"Beta left-high",2,402123,69,333,210000,102777,10614,0.0232811257201414,333,173,210000,202109.826589595,9.82942852517615,TRUE,NA
"Beta left-high",2,402123,69,800,210000,102777,10614,0.0433975098518958,800,422,210000,199052.132701422,6.70677637601546,TRUE,NA
"Beta left-high",2,402123,70,333,210000,108966,10712,0.0248858077484029,333,201,210000,173955.223880597,9.41092135258544,TRUE,NA
"Beta left-high",2,402123,70,800,210000,108966,10712,0.0459408853810998,800,452,210000,185840.707964602,6.58847939199431,TRUE,NA
"Beta left-high",2,402123,71,333,210000,104201,10557,0.0231901566464076,333,166,210000,210632.530120482,9.95264591849202,TRUE,NA
"Beta left-high",2,402123,71,800,210000,104201,10557,0.0440046398611231,800,413,210000,203389.830508475,6.74516433854333,TRUE,NA
"Beta left-high",2,402123,72,333,210000,104949,10569,0.0238595115210443,333,181,210000,193176.79558011,9.69859864660789,TRUE,NA
"Beta left-high",2,402123,72,800,210000,104949,10569,0.0425074602518793,800,373,210000,225201.072386059,6.93497068255915,TRUE,NA
"Beta left-high",2,402123,73,333,210000,108979,10491,0.023234129614837,333,171,210000,204473.684210526,9.86375836520729,TRUE,NA
"Beta left-high",2,402123,73,800,210000,108979,10491,0.0430091404366695,800,391,210000,214833.759590793,6.84540827589973,TRUE,NA
"Beta left-high",2,402123,74,333,210000,100718,10494,0.024347289661703,333,170,210000,205676.470588235,9.88118041203675,TRUE,NA
"Beta left-high",2,402123,74,800,210000,100718,10494,0.0446103163500232,800,366,210000,229508.196721311,6.97184131094568,TRUE,NA
"Beta left-high",2,402123,75,333,210000,107367,10619,0.0235766457066885,333,169,210000,206893.49112426,9.898777427369,TRUE,NA
"Beta left-high",2,402123,75,800,210000,107367,10619,0.0435788087696167,800,433,210000,193995.381062356,6.66174565073848,TRUE,NA
"Beta left-high",2,402123,76,333,210000,106900,10587,0.0236809362442959,333,180,210000,194250,9.71440952806755,TRUE,NA
"Beta left-high",2,402123,76,800,210000,106900,10587,0.0433599333491971,800,423,210000,198581.560283688,6.7025986626053,TRUE,NA
"Beta left-high",2,402123,77,333,210000,113103,10563,0.023248497835994,333,199,210000,175703.51758794,9.43744950740724,TRUE,NA
"Beta left-high",2,402123,77,800,210000,113103,10563,0.0426942873986348,800,415,210000,202409.638554217,6.73650892047155,TRUE,NA
"Beta left-high",2,402123,78,333,210000,105609,10603,0.0240610979042762,333,178,210000,196432.584269663,9.74648512051155,TRUE,NA
"Beta left-high",2,402123,78,800,210000,105609,10603,0.0441678785143086,800,436,210000,192660.550458716,6.64980802053246,TRUE,NA
"Beta left-high",2,402123,79,333,210000,105499,10437,0.0250979395421382,333,186,210000,187983.870967742,9.62172738044833,TRUE,NA
"Beta left-high",2,402123,79,800,210000,105499,10437,0.0451589480569997,800,420,210000,2e+05,6.7151835941356,TRUE,NA
"Beta left-high",2,402123,80,333,210000,104767,10530,0.0241956664153922,333,159,210000,219905.660377358,10.0850026615991,TRUE,NA
"Beta left-high",2,402123,80,800,210000,104767,10530,0.046277412332452,800,423,210000,198581.560283688,6.7025986626053,TRUE,NA
"Beta left-high",2,402123,81,333,210000,105700,10616,0.0237493794960175,333,177,210000,197542.372881356,9.76275432778563,TRUE,NA
"Beta left-high",2,402123,81,800,210000,105700,10616,0.0437697946844936,800,430,210000,195348.837209302,6.67382805044544,TRUE,NA
"Beta left-high",2,402123,82,333,210000,105299,10567,0.0232778967527406,333,158,210000,221297.46835443,10.1047185098824,TRUE,NA
"Beta left-high",2,402123,82,800,210000,105299,10567,0.0443780167232148,800,407,210000,206388.206388206,6.77157230364179,TRUE,NA
"Beta left-high",2,402123,83,333,210000,106148,10396,0.0227729485280362,333,144,210000,242812.5,10.4047412926943,TRUE,NA
"Beta left-high",2,402123,83,800,210000,106148,10396,0.0439705865471838,800,391,210000,214833.759590793,6.84540827589973,TRUE,NA
"Beta left-high",2,402123,84,333,210000,103994,10478,0.0249260695805369,333,156,210000,224134.615384615,10.144789846321,TRUE,NA
"Beta left-high",2,402123,84,800,210000,103994,10478,0.0445009507007185,800,390,210000,215384.615384615,6.85019653254194,TRUE,NA
"Beta left-high",2,402123,85,333,210000,103504,10343,0.0235593730971853,333,146,210000,239486.301369863,10.3589259872047,TRUE,NA
"Beta left-high",2,402123,85,800,210000,103504,10343,0.0448703563838077,800,382,210000,219895.287958115,6.88927988723264,TRUE,NA
"Beta left-high",2,402123,86,333,210000,104109,10337,0.0232737198450572,333,152,210000,230032.894736842,10.2275935883112,TRUE,NA
"Beta left-high",2,402123,86,800,210000,104109,10337,0.0423506658071677,800,349,210000,240687.679083095,7.0666443254464,TRUE,NA
"Beta left-high",2,402123,87,333,210000,103376,10492,0.022417638296412,333,172,210000,203284.88372093,9.84650861001883,TRUE,NA
"Beta left-high",2,402123,87,800,210000,103376,10492,0.0420583805323278,800,410,210000,204878.048780488,6.75828460453265,TRUE,NA
"Beta left-high",2,402123,88,333,210000,102612,10678,0.0246111318583493,333,173,210000,202109.826589595,9.82942852517615,TRUE,NA
"Beta left-high",2,402123,88,800,210000,102612,10678,0.0450944204881334,800,418,210000,200956.937799043,6.72366060040962,TRUE,NA
"Beta left-high",2,402123,89,333,210000,106335,10530,0.0252171098927007,333,179,210000,195335.195530726,9.73037094417081,TRUE,NA
"Beta left-high",2,402123,89,800,210000,106335,10530,0.0446859497333689,800,396,210000,212121.212121212,6.82178071664205,TRUE,NA
"Beta left-high",2,402123,90,333,210000,108282,10579,0.0228675694805783,333,188,210000,185984.042553191,9.59195946014975,TRUE,NA
"Beta left-high",2,402123,90,800,210000,108282,10579,0.0438616245075263,800,396,210000,212121.212121212,6.82178071664205,TRUE,NA
"Beta left-high",2,402123,91,333,210000,105673,10453,0.0237148697006212,333,161,210000,217173.913043478,10.0461932176168,TRUE,NA
"Beta left-high",2,402123,91,800,210000,105673,10453,0.0447024672570648,800,400,210000,210000,6.80324679057169,TRUE,NA
"Beta left-high",2,402123,92,333,210000,105766,10649,0.0233925981410959,333,157,210000,222707.006369427,10.1246463858931,TRUE,NA
"Beta left-high",2,402123,92,800,210000,105766,10649,0.0438443853794767,800,376,210000,223404.255319149,6.91953116723056,TRUE,NA
"Beta left-high",2,402123,93,333,210000,103589,10422,0.022393584026943,333,131,210000,266908.396946565,10.7308002863742,TRUE,NA
"Beta left-high",2,402123,93,800,210000,103589,10422,0.0422474595888093,800,360,210000,233333.333333333,7.00442322187929,TRUE,NA
"Beta left-high",2,402123,94,333,210000,107474,10394,0.0227674525837188,333,159,210000,219905.660377358,10.0850026615991,TRUE,NA
"Beta left-high",2,402123,94,800,210000,107474,10394,0.0440197796598935,800,389,210000,215938.303341902,6.8550060370112,TRUE,NA
"Beta left-high",2,402123,95,333,210000,104675,10403,0.0235701942110638,333,160,210000,218531.25,10.0654953640372,TRUE,NA
"Beta left-high",2,402123,95,800,210000,104675,10403,0.0443681264492569,800,386,210000,217616.580310881,6.86956349739337,TRUE,NA
"Beta left-high",2,402123,96,333,210000,102224,10489,0.0231209769942455,333,145,210000,241137.931034483,10.3817009283081,TRUE,NA
"Beta left-high",2,402123,96,800,210000,102224,10489,0.0434119023906323,800,387,210000,217054.263565891,6.86468937207488,TRUE,NA
"Beta left-high",2,402123,97,333,210000,103288,10473,0.0252618753523789,333,181,210000,193176.79558011,9.69859864660789,TRUE,NA
"Beta left-high",2,402123,97,800,210000,103288,10473,0.0467283845014263,800,414,210000,202898.550724638,6.74082756532198,TRUE,NA
"Beta left-high",2,402123,98,333,210000,106093,10526,0.0244763419286351,333,189,210000,185000,9.57727778826045,TRUE,NA
"Beta left-high",2,402123,98,800,210000,106093,10526,0.0460832066222998,800,428,210000,196261.682242991,6.68196474659456,TRUE,NA
"Beta left-high",2,402123,99,333,210000,102418,10462,0.0240103788608606,333,171,210000,204473.684210526,9.86375836520729,TRUE,NA
"Beta left-high",2,402123,99,800,210000,102418,10462,0.0433680672994546,800,407,210000,206388.206388206,6.77157230364179,TRUE,NA
"Beta left-high",2,402123,100,333,210000,108344,10594,0.0241525735199702,333,187,210000,186978.609625668,9.60677535660802,TRUE,NA
"Beta left-high",2,402123,100,800,210000,108344,10594,0.0445908105107153,800,413,210000,203389.830508475,6.74516433854333,TRUE,NA
"Beta left-high",2,402123,101,333,210000,106193,10646,0.0240430742326395,333,193,210000,181165.803108808,9.51985653390033,TRUE,NA
"Beta left-high",2,402123,101,800,210000,106193,10646,0.0437335297253367,800,432,210000,194444.444444444,6.66575689937551,TRUE,NA
"Beta left-high",2,402123,102,333,210000,102356,10448,0.023563144589626,333,150,210000,233100,10.2703877039828,TRUE,NA
"Beta left-high",2,402123,102,800,210000,102356,10448,0.0435449766108475,800,389,210000,215938.303341902,6.8550060370112,TRUE,NA
"Beta left-high",2,402123,103,333,210000,105426,10544,0.0230206376854634,333,156,210000,224134.615384615,10.144789846321,TRUE,NA
"Beta left-high",2,402123,103,800,210000,105426,10544,0.0426044027739677,800,382,210000,219895.287958115,6.88927988723264,TRUE,NA
"Beta left-high",2,402123,104,333,210000,109599,10541,0.0233370659423535,333,174,210000,200948.275862069,9.8125155434919,TRUE,NA
"Beta left-high",2,402123,104,800,210000,109599,10541,0.0430637148353878,800,407,210000,206388.206388206,6.77157230364179,TRUE,NA
"Beta left-high",2,402123,105,333,210000,106865,10527,0.0255147693111967,333,187,210000,186978.609625668,9.60677535660802,TRUE,NA
"Beta left-high",2,402123,105,800,210000,106865,10527,0.0452262439614241,800,420,210000,2e+05,6.7151835941356,TRUE,NA
"Beta left-high",2,402123,106,333,210000,104405,10345,0.0239517230657114,333,178,210000,196432.584269663,9.74648512051155,TRUE,NA
"Beta left-high",2,402123,106,800,210000,104405,10345,0.0437013060747023,800,428,210000,196261.682242991,6.68196474659456,TRUE,NA
"Beta left-high",2,402123,107,333,210000,109589,10251,0.0250500563640845,333,194,210000,180231.958762887,9.50581867468717,TRUE,NA
"Beta left-high",2,402123,107,800,210000,109589,10251,0.0454343456497593,800,420,210000,2e+05,6.7151835941356,TRUE,NA
"Beta left-high",2,402123,108,333,210000,106082,10458,0.0238950896029307,333,179,210000,195335.195530726,9.73037094417081,TRUE,NA
"Beta left-high",2,402123,108,800,210000,106082,10458,0.0459286354155656,800,453,210000,185430.463576159,6.58477198398411,TRUE,NA
"Beta left-high",2,402123,109,333,210000,108074,10621,0.0231237676442692,333,158,210000,221297.46835443,10.1047185098824,TRUE,NA
"Beta left-high",2,402123,109,800,210000,108074,10621,0.0432656775774466,800,379,210000,221635.883905013,6.90430236648355,TRUE,NA
"Beta left-high",2,402123,110,333,210000,104272,10590,0.0238015467841322,333,172,210000,203284.88372093,9.84650861001883,TRUE,NA
"Beta left-high",2,402123,110,800,210000,104272,10590,0.043382922612584,800,375,210000,224000,6.92465403901817,TRUE,NA
"Beta left-high",2,402123,111,333,210000,108160,10453,0.0246011391435669,333,162,210000,215833.333333333,10.027092898003,TRUE,NA
"Beta left-high",2,402123,111,800,210000,108160,10453,0.0454284810988748,800,385,210000,218181.818181818,6.87445946001938,TRUE,NA
"Beta left-high",2,402123,112,333,210000,101662,10502,0.024684555491647,333,177,210000,197542.372881356,9.76275432778563,TRUE,NA
"Beta left-high",2,402123,112,800,210000,101662,10502,0.0444996836593947,800,389,210000,215938.303341902,6.8550060370112,TRUE,NA
"Beta left-high",2,402123,113,333,210000,104622,10514,0.0229195916459411,333,159,210000,219905.660377358,10.0850026615991,TRUE,NA
"Beta left-high",2,402123,113,800,210000,104622,10514,0.0436789009773675,800,391,210000,214833.759590793,6.84540827589973,TRUE,NA
"Beta left-high",2,402123,114,333,210000,107132,10467,0.0233315608736083,333,162,210000,215833.333333333,10.027092898003,TRUE,NA
"Beta left-high",2,402123,114,800,210000,107132,10467,0.0439014108053599,800,395,210000,212658.227848101,6.82646486767687,TRUE,NA
"Beta left-high",2,402123,115,333,210000,102011,10321,0.0252530517732238,333,174,210000,200948.275862069,9.8125155434919,TRUE,NA
"Beta left-high",2,402123,115,800,210000,102011,10321,0.0451248107760798,800,413,210000,203389.830508475,6.74516433854333,TRUE,NA
"Beta left-high",2,402123,116,333,210000,104152,10418,0.0240570294084511,333,182,210000,192115.384615385,9.68293611816731,TRUE,NA
"Beta left-high",2,402123,116,800,210000,104152,10418,0.0447277996550417,800,410,210000,204878.048780488,6.75828460453265,TRUE,NA
"Beta left-high",2,402123,117,333,210000,108695,10513,0.0241070404214787,333,187,210000,186978.609625668,9.60677535660802,TRUE,NA
"Beta left-high",2,402123,117,800,210000,108695,10513,0.0462512729260086,800,435,210000,193103.448275862,6.65377130960709,TRUE,NA
"Beta left-high",2,402123,118,333,210000,105298,10421,0.0234902877863951,333,158,210000,221297.46835443,10.1047185098824,TRUE,NA
"Beta left-high",2,402123,118,800,210000,105298,10421,0.044216503820553,800,394,210000,213197.969543147,6.83116955969639,TRUE,NA
"Beta left-high",2,402123,119,333,210000,107033,10637,0.0245049570651006,333,181,210000,193176.79558011,9.69859864660789,TRUE,NA
"Beta left-high",2,402123,119,800,210000,107033,10637,0.0448446581475678,800,427,210000,196721.31147541,6.68605792978917,TRUE,NA
"Beta left-high",2,402123,120,333,210000,107131,10501,0.023913326765269,333,156,210000,224134.615384615,10.144789846321,TRUE,NA
"Beta left-high",2,402123,120,800,210000,107131,10501,0.0434755693220009,800,362,210000,232044.198895028,6.9934595362874,TRUE,NA
"Beta left-high",2,402123,121,333,210000,103275,10617,0.0222835474790912,333,152,210000,230032.894736842,10.2275935883112,TRUE,NA
"Beta left-high",2,402123,121,800,210000,103275,10617,0.0417268274419736,800,366,210000,229508.196721311,6.97184131094568,TRUE,NA
"Beta left-high",2,402123,122,333,210000,97461,10569,0.0240734529730094,333,174,210000,200948.275862069,9.8125155434919,TRUE,NA
"Beta left-high",2,402123,122,800,210000,97461,10569,0.0434624678952844,800,387,210000,217054.263565891,6.86468937207488,TRUE,NA
"Beta left-high",2,402123,123,333,210000,103547,10420,0.0250092535977371,333,168,210000,208125,9.91655214513914,TRUE,NA
"Beta left-high",2,402123,123,800,210000,103547,10420,0.0448491328325054,800,363,210000,231404.958677686,6.98801661845586,TRUE,NA
"Beta left-high",2,402123,124,333,210000,106008,10405,0.0249670594395072,333,189,210000,185000,9.57727778826045,TRUE,NA
"Beta left-high",2,402123,124,800,210000,106008,10405,0.0448007593705302,800,390,210000,215384.615384615,6.85019653254194,TRUE,NA
"Beta left-high",2,402123,125,333,210000,108481,10371,0.0230798631796132,333,158,210000,221297.46835443,10.1047185098824,TRUE,NA
"Beta left-high",2,402123,125,800,210000,108481,10371,0.0432509704910437,800,375,210000,224000,6.92465403901817,TRUE,NA
"Beta left-high",2,402123,126,333,210000,105733,10390,0.0235032631185031,333,172,210000,203284.88372093,9.84650861001883,TRUE,NA
"Beta left-high",2,402123,126,800,210000,105733,10390,0.0448139631464221,800,391,210000,214833.759590793,6.84540827589973,TRUE,NA
"Beta left-high",2,402123,127,333,210000,108304,10468,0.0242563291797821,333,194,210000,180231.958762887,9.50581867468717,TRUE,NA
"Beta left-high",2,402123,127,800,210000,108304,10468,0.0458346559696534,800,428,210000,196261.682242991,6.68196474659456,TRUE,NA
"Beta left-high",2,402123,128,333,210000,106250,10398,0.0224707203513336,333,145,210000,241137.931034483,10.3817009283081,TRUE,NA
"Beta left-high",2,402123,128,800,210000,106250,10398,0.0428834649399835,800,361,210000,232686.980609418,6.99892834070722,TRUE,NA
"Beta left-high",2,402123,129,333,210000,105064,10429,0.0228654737330527,333,158,210000,221297.46835443,10.1047185098824,TRUE,NA
"Beta left-high",2,402123,129,800,210000,105064,10429,0.0438008765074766,800,389,210000,215938.303341902,6.8550060370112,TRUE,NA
"Beta left-high",2,402123,130,333,210000,100566,10588,0.0243360576258799,333,171,210000,204473.684210526,9.86375836520729,TRUE,NA
"Beta left-high",2,402123,130,800,210000,100566,10588,0.0452103859825564,800,428,210000,196261.682242991,6.68196474659456,TRUE,NA
"Beta left-high",2,402123,131,333,210000,102708,10600,0.023518347967881,333,156,210000,224134.615384615,10.144789846321,TRUE,NA
"Beta left-high",2,402123,131,800,210000,102708,10600,0.0432598575544764,800,380,210000,221052.631578947,6.89927216212756,TRUE,NA
"Beta left-high",2,402123,132,333,210000,105231,10363,0.0253010110145422,333,189,210000,185000,9.57727778826045,TRUE,NA
"Beta left-high",2,402123,132,800,210000,105231,10363,0.0458039417523261,800,446,210000,188340.807174888,6.6110280257386,TRUE,NA
"Beta left-high",2,402123,133,333,210000,104853,10413,0.0245980961821919,333,139,210000,251546.762589928,10.5240982020608,TRUE,NA
"Beta left-high",2,402123,133,800,210000,104853,10413,0.0450709601465892,800,369,210000,227642.276422764,6.95589231487478,TRUE,NA
"Beta left-high",2,402123,134,333,210000,99272,10434,0.0240292318558108,333,166,210000,210632.530120482,9.95264591849202,TRUE,NA
"Beta left-high",2,402123,134,800,210000,99272,10434,0.044263738024504,800,385,210000,218181.818181818,6.87445946001938,TRUE,NA
"Beta left-high",2,402123,135,333,210000,101179,10541,0.023256721399833,333,160,210000,218531.25,10.0654953640372,TRUE,NA
"Beta left-high",2,402123,135,800,210000,101179,10541,0.0442508936655049,800,393,210000,213740.458015267,6.83589493148404,TRUE,NA
"Beta left-high",2,402123,136,333,210000,101818,10534,0.0233393428173445,333,139,210000,251546.762589928,10.5240982020608,TRUE,NA
"Beta left-high",2,402123,136,800,210000,101818,10534,0.0454108615676829,800,372,210000,225806.451612903,6.94016479080515,TRUE,NA
"Beta left-high",2,402123,137,333,210000,110901,10554,0.0237050139310674,333,190,210000,184026.315789474,9.56272847417632,TRUE,NA
"Beta left-high",2,402123,137,800,210000,110901,10554,0.0447379105043129,800,441,210000,190476.19047619,6.63022653118845,TRUE,NA
"Beta left-high",2,402123,138,333,210000,104815,10550,0.0251133704099106,333,176,210000,198664.772727273,9.77918088295926,TRUE,NA
"Beta left-high",2,402123,138,800,210000,104815,10550,0.0436720975877367,800,383,210000,219321.148825065,6.88431750196318,TRUE,NA
"Beta left-high",2,402123,139,333,210000,104317,10520,0.0231210457623854,333,169,210000,206893.49112426,9.898777427369,TRUE,NA
"Beta left-high",2,402123,139,800,210000,104317,10520,0.0425795886574883,800,401,210000,209476.309226933,6.79866330639878,TRUE,NA
"Beta left-high",2,402123,140,333,210000,112471,10680,0.0238228090142561,333,169,210000,206893.49112426,9.898777427369,TRUE,NA
"Beta left-high",2,402123,140,800,210000,112471,10680,0.0456309815784062,800,428,210000,196261.682242991,6.68196474659456,TRUE,NA
"Beta left-high",2,402123,141,333,210000,103234,10584,0.0237108584676894,333,155,210000,225580.64516129,10.1651525298793,TRUE,NA
"Beta left-high",2,402123,141,800,210000,103234,10584,0.043711248195236,800,381,210000,220472.440944882,6.89426472174727,TRUE,NA
"Beta left-high",2,402123,142,333,210000,105571,10476,0.0226414122326218,333,149,210000,234664.429530201,10.2921470492403,TRUE,NA
"Beta left-high",2,402123,142,800,210000,105571,10476,0.0446916591409721,800,413,210000,203389.830508475,6.74516433854333,TRUE,NA
"Beta left-high",2,402123,143,333,210000,103257,10409,0.022768035025638,333,153,210000,228529.411764706,10.2065505459796,TRUE,NA
"Beta left-high",2,402123,143,800,210000,103257,10409,0.0439082742050199,800,372,210000,225806.451612903,6.94016479080515,TRUE,NA
"Beta left-high",2,402123,144,333,210000,106776,10681,0.0253963566217431,333,173,210000,202109.826589595,9.82942852517615,TRUE,NA
"Beta left-high",2,402123,144,800,210000,106776,10681,0.0444699175720458,800,403,210000,208436.724565757,6.78955541070708,TRUE,NA
"Beta left-high",2,402123,145,333,210000,106415,10543,0.0230064447604389,333,165,210000,211909.090909091,9.97097074158352,TRUE,NA
"Beta left-high",2,402123,145,800,210000,106415,10543,0.0419190418827501,800,381,210000,220472.440944882,6.89426472174727,TRUE,NA
"Beta left-high",2,402123,146,333,210000,109799,10702,0.0237197356296258,333,165,210000,211909.090909091,9.97097074158352,TRUE,NA
"Beta left-high",2,402123,146,800,210000,109799,10702,0.0420940945484462,800,388,210000,216494.845360825,6.85983693462991,TRUE,NA
"Beta left-high",2,402123,147,333,210000,101601,10603,0.0241700484886238,333,152,210000,230032.894736842,10.2275935883112,TRUE,NA
"Beta left-high",2,402123,147,800,210000,101601,10603,0.0444253023369786,800,360,210000,233333.333333333,7.00442322187929,TRUE,NA
"Beta left-high",2,402123,148,333,210000,102343,10534,0.0254761916037727,333,213,210000,164154.929577465,9.26080740167756,TRUE,NA
"Beta left-high",2,402123,148,800,210000,102343,10534,0.0464142856184898,800,469,210000,179104.47761194,6.52733701549821,TRUE,NA
"Beta left-high",2,402123,149,333,210000,106582,10417,0.0238433663682506,333,185,210000,189000,9.6368174714222,TRUE,NA
"Beta left-high",2,402123,149,800,210000,106582,10417,0.0453636246433565,800,446,210000,188340.807174888,6.6110280257386,TRUE,NA
"Beta left-high",2,402123,150,333,210000,107809,10456,0.0230114476852303,333,159,210000,219905.660377358,10.0850026615991,TRUE,NA
"Beta left-high",2,402123,150,800,210000,107809,10456,0.0432246160965248,800,389,210000,215938.303341902,6.8550060370112,TRUE,NA
"Beta left-high",2,402123,151,333,210000,102318,10524,0.0241867357850862,333,165,210000,211909.090909091,9.97097074158352,TRUE,NA
"Beta left-high",2,402123,151,800,210000,102318,10524,0.0447259774315073,800,361,210000,232686.980609418,6.99892834070722,TRUE,NA
"Beta left-high",2,402123,152,333,210000,104696,10450,0.023172900318718,333,162,210000,215833.333333333,10.027092898003,TRUE,NA
"Beta left-high",2,402123,152,800,210000,104696,10450,0.0448336712143692,800,438,210000,191780.821917808,6.64192872001307,TRUE,NA
"Beta left-high",2,402123,153,333,210000,104575,10555,0.0249353602940451,333,174,210000,200948.275862069,9.8125155434919,TRUE,NA
"Beta left-high",2,402123,153,800,210000,104575,10555,0.0458132557133667,800,416,210000,201923.076923077,6.73220828791605,TRUE,NA
"Beta left-high",2,402123,154,333,210000,105386,10459,0.0259730566728732,333,211,210000,165710.900473934,9.28480273631939,TRUE,NA
"Beta left-high",2,402123,154,800,210000,105386,10459,0.0463801363370699,800,458,210000,183406.113537118,6.56644713896299,TRUE,NA
"Beta left-high",2,402123,155,333,210000,105125,10539,0.0241973307132769,333,174,210000,200948.275862069,9.8125155434919,TRUE,NA
"Beta left-high",2,402123,155,800,210000,105125,10539,0.0449728060023659,800,407,210000,206388.206388206,6.77157230364179,TRUE,NA
"Beta left-high",2,402123,156,333,210000,98302,10451,0.022867647342365,333,167,210000,209371.25748503,9.93450735791223,TRUE,NA
"Beta left-high",2,402123,156,800,210000,98302,10451,0.0428466016289674,800,378,210000,222222.222222222,6.90935549443293,TRUE,NA
"Beta left-high",2,402123,157,333,210000,103955,10636,0.0238954628785863,333,160,210000,218531.25,10.0654953640372,TRUE,NA
"Beta left-high",2,402123,157,800,210000,103955,10636,0.0444306729596668,800,409,210000,205378.973105134,6.76269507253102,TRUE,NA
"Beta left-high",2,402123,158,333,210000,105669,10562,0.0249654659062555,333,171,210000,204473.684210526,9.86375836520729,TRUE,NA
"Beta left-high",2,402123,158,800,210000,105669,10562,0.0459715962199168,800,401,210000,209476.309226933,6.79866330639878,TRUE,NA
"Beta left-high",2,402123,159,333,210000,109316,10567,0.0236588560588855,333,191,210000,183062.827225131,9.54830968631948,TRUE,NA
"Beta left-high",2,402123,159,800,210000,109316,10567,0.0438629721504716,800,433,210000,193995.381062356,6.66174565073848,TRUE,NA
"Beta left-high",2,402123,160,333,210000,102956,10423,0.0245100298116944,333,161,210000,217173.913043478,10.0461932176168,TRUE,NA
"Beta left-high",2,402123,160,800,210000,102956,10423,0.0454228844445352,800,414,210000,202898.550724638,6.74082756532198,TRUE,NA
"Beta left-high",2,402123,161,333,210000,112744,10440,0.0231270173913825,333,150,210000,233100,10.2703877039828,TRUE,NA
"Beta left-high",2,402123,161,800,210000,112744,10440,0.0440169434252021,800,395,210000,212658.227848101,6.82646486767687,TRUE,NA
"Beta left-high",2,402123,162,333,210000,108029,10718,0.0242847333683896,333,159,210000,219905.660377358,10.0850026615991,TRUE,NA
"Beta left-high",2,402123,162,800,210000,108029,10718,0.044771861987447,800,397,210000,211586.901763224,6.81711696907119,TRUE,NA
"Beta left-high",2,402123,163,333,210000,110428,10484,0.0238861730787537,333,173,210000,202109.826589595,9.82942852517615,TRUE,NA
"Beta left-high",2,402123,163,800,210000,110428,10484,0.0440001158968446,800,417,210000,201438.848920863,6.72792555258646,TRUE,NA
"Beta left-high",2,402123,164,333,210000,104309,10580,0.0246623285067209,333,188,210000,185984.042553191,9.59195946014975,TRUE,NA
"Beta left-high",2,402123,164,800,210000,104309,10580,0.0439292406660206,800,433,210000,193995.381062356,6.66174565073848,TRUE,NA
"Beta left-high",2,402123,165,333,210000,103606,10654,0.0226181990499909,333,177,210000,197542.372881356,9.76275432778563,TRUE,NA
"Beta left-high",2,402123,165,800,210000,103606,10654,0.0446974670785963,800,425,210000,197647.058823529,6.69429448546521,TRUE,NA
"Beta left-high",2,402123,166,333,210000,104942,10606,0.0250925535190994,333,147,210000,237857.142857143,10.3364117472074,TRUE,NA
"Beta left-high",2,402123,166,800,210000,104942,10606,0.0442983310599911,800,330,210000,254545.454545455,7.18242279432604,TRUE,NA
"Beta left-high",2,402123,167,333,210000,101563,10480,0.0244314983050387,333,158,210000,221297.46835443,10.1047185098824,TRUE,NA
"Beta left-high",2,402123,167,800,210000,101563,10480,0.0449551297258,800,392,210000,214285.714285714,6.84064112310072,TRUE,NA
"Beta left-high",2,402123,168,333,210000,109584,10447,0.0245847631288842,333,182,210000,192115.384615385,9.68293611816731,TRUE,NA
"Beta left-high",2,402123,168,800,210000,109584,10447,0.0461903891737533,800,445,210000,188764.04494382,6.61483764016802,TRUE,NA
"Beta left-high",2,402123,169,333,210000,105618,10570,0.0231886615407453,333,187,210000,186978.609625668,9.60677535660802,TRUE,NA
"Beta left-high",2,402123,169,800,210000,105618,10570,0.0433519915948885,800,369,210000,227642.276422764,6.95589231487478,TRUE,NA
"Beta left-high",2,402123,170,333,210000,103235,10659,0.0235629654534279,333,179,210000,195335.195530726,9.73037094417081,TRUE,NA
"Beta left-high",2,402123,170,800,210000,103235,10659,0.0448315609262799,800,428,210000,196261.682242991,6.68196474659456,TRUE,NA
"Beta left-high",2,402123,171,333,210000,106456,10550,0.0228596958665113,333,155,210000,225580.64516129,10.1651525298793,TRUE,NA
"Beta left-high",2,402123,171,800,210000,106456,10550,0.0444205284183951,800,376,210000,223404.255319149,6.91953116723056,TRUE,NA
"Beta left-high",2,402123,172,333,210000,108654,10390,0.0248895647450814,333,193,210000,181165.803108808,9.51985653390033,TRUE,NA
"Beta left-high",2,402123,172,800,210000,108654,10390,0.0452946316917823,800,418,210000,200956.937799043,6.72366060040962,TRUE,NA
"Beta left-high",2,402123,173,333,210000,107434,10466,0.0231173551051413,333,185,210000,189000,9.6368174714222,TRUE,NA
"Beta left-high",2,402123,173,800,210000,107434,10466,0.0442304980701844,800,457,210000,183807.439824945,6.57008409138135,TRUE,NA
"Beta left-high",2,402123,174,333,210000,104136,10480,0.0260283542268458,333,177,210000,197542.372881356,9.76275432778563,TRUE,NA
"Beta left-high",2,402123,174,800,210000,104136,10480,0.0480625757759891,800,442,210000,190045.248868778,6.62635656168337,TRUE,NA
"Beta left-high",2,402123,175,333,210000,101365,10596,0.0253368461727372,333,166,210000,210632.530120482,9.95264591849202,TRUE,NA
"Beta left-high",2,402123,175,800,210000,101365,10596,0.046185761396029,800,414,210000,202898.550724638,6.74082756532198,TRUE,NA
"Beta left-high",2,402123,176,333,210000,107573,10434,0.0238224791361531,333,154,210000,227045.454545455,10.185738159727,TRUE,NA
"Beta left-high",2,402123,176,800,210000,107573,10434,0.0442654958822084,800,388,210000,216494.845360825,6.85983693462991,TRUE,NA
"Beta left-high",2,402123,177,333,210000,109406,10378,0.0240549567517414,333,182,210000,192115.384615385,9.68293611816731,TRUE,NA
"Beta left-high",2,402123,177,800,210000,109406,10378,0.0457111501074711,800,428,210000,196261.682242991,6.68196474659456,TRUE,NA
"Beta left-high",2,402123,178,333,210000,106678,10583,0.0229560286134791,333,139,210000,251546.762589928,10.5240982020608,TRUE,NA
"Beta left-high",2,402123,178,800,210000,106678,10583,0.0432408274189161,800,356,210000,235955.056179775,7.02666738460513,TRUE,NA
"Beta left-high",2,402123,179,333,210000,111517,10280,0.0243380751300342,333,206,210000,169733.009708738,9.34654408023856,TRUE,NA
"Beta left-high",2,402123,179,800,210000,111517,10280,0.0455865126856795,800,474,210000,177215.189873418,6.51008550688285,TRUE,NA
"Beta left-high",2,402123,180,333,210000,104994,10383,0.0231055572765373,333,144,210000,242812.5,10.4047412926943,TRUE,NA
"Beta left-high",2,402123,180,800,210000,104994,10383,0.0435805768422571,800,382,210000,219895.287958115,6.88927988723264,TRUE,NA
"Beta left-high",2,402123,181,333,210000,102910,10498,0.0238947235721114,333,152,210000,230032.894736842,10.2275935883112,TRUE,NA
"Beta left-high",2,402123,181,800,210000,102910,10498,0.0454207929363928,800,399,210000,210526.315789474,6.80785014046491,TRUE,NA
"Beta left-high",2,402123,182,333,210000,99424,10526,0.0252507249288905,333,174,210000,200948.275862069,9.8125155434919,TRUE,NA
"Beta left-high",2,402123,182,800,210000,99424,10526,0.0446959380120314,800,357,210000,235294.117647059,7.02106625629019,TRUE,NA
"Beta left-high",2,402123,183,333,210000,103649,10555,0.0225767779543759,333,136,210000,257095.588235294,10.599226796713,TRUE,NA
"Beta left-high",2,402123,183,800,210000,103649,10555,0.0442396917911961,800,363,210000,231404.958677686,6.98801661845586,TRUE,NA
"Beta left-high",2,402123,184,333,210000,109101,10502,0.0237613756419438,333,163,210000,214509.202453988,10.0081911539992,TRUE,NA
"Beta left-high",2,402123,184,800,210000,109101,10502,0.0438516275873383,800,394,210000,213197.969543147,6.83116955969639,TRUE,NA
"Beta left-high",2,402123,185,333,210000,102938,10458,0.0236483399159054,333,177,210000,197542.372881356,9.76275432778563,TRUE,NA
"Beta left-high",2,402123,185,800,210000,102938,10458,0.0433712848308397,800,403,210000,208436.724565757,6.78955541070708,TRUE,NA
"Beta left-high",2,402123,186,333,210000,100602,10476,0.0247160295234831,333,192,210000,182109.375,9.53401962745973,TRUE,NA
"Beta left-high",2,402123,186,800,210000,100602,10476,0.0456855941139672,800,413,210000,203389.830508475,6.74516433854333,TRUE,NA
"Beta left-high",2,402123,187,333,210000,104880,10450,0.0228528863359361,333,171,210000,204473.684210526,9.86375836520729,TRUE,NA
"Beta left-high",2,402123,187,800,210000,104880,10450,0.0434968329111103,800,429,210000,195804.195804196,6.67788815445777,TRUE,NA
"Beta left-high",2,402123,188,333,210000,105757,10422,0.0228918224461267,333,171,210000,204473.684210526,9.86375836520729,TRUE,NA
"Beta left-high",2,402123,188,800,210000,105757,10422,0.0442227036322975,800,423,210000,198581.560283688,6.7025986626053,TRUE,NA
"Beta left-high",2,402123,189,333,210000,102936,10587,0.022065002598975,333,159,210000,219905.660377358,10.0850026615991,TRUE,NA
"Beta left-high",2,402123,189,800,210000,102936,10587,0.0435829444308597,800,398,210000,211055.27638191,6.81247348869172,TRUE,NA
"Beta left-high",2,402123,190,333,210000,105276,10491,0.0220571895075562,333,162,210000,215833.333333333,10.027092898003,TRUE,NA
"Beta left-high",2,402123,190,800,210000,105276,10491,0.0431042092720324,800,433,210000,193995.381062356,6.66174565073848,TRUE,NA
"Beta left-high",2,402123,191,333,210000,104037,10575,0.0228759992894795,333,161,210000,217173.913043478,10.0461932176168,TRUE,NA
"Beta left-high",2,402123,191,800,210000,104037,10575,0.0439223333545211,800,398,210000,211055.27638191,6.81247348869172,TRUE,NA
"Beta left-high",2,402123,192,333,210000,101975,10563,0.0237827018833679,333,166,210000,210632.530120482,9.95264591849202,TRUE,NA
"Beta left-high",2,402123,192,800,210000,101975,10563,0.042039384423761,800,361,210000,232686.980609418,6.99892834070722,TRUE,NA
"Beta left-high",2,402123,193,333,210000,109961,10488,0.0232227761058173,333,170,210000,205676.470588235,9.88118041203675,TRUE,NA
"Beta left-high",2,402123,193,800,210000,109961,10488,0.0444101158279352,800,418,210000,200956.937799043,6.72366060040962,TRUE,NA
"Beta left-high",2,402123,194,333,210000,104855,10374,0.0259949382147992,333,187,210000,186978.609625668,9.60677535660802,TRUE,NA
"Beta left-high",2,402123,194,800,210000,104855,10374,0.046349559603949,800,422,210000,199052.132701422,6.70677637601546,TRUE,NA
"Beta left-high",2,402123,195,333,210000,103526,10288,0.0229089285318539,333,154,210000,227045.454545455,10.185738159727,TRUE,NA
"Beta left-high",2,402123,195,800,210000,103526,10288,0.0457350713644976,800,408,210000,205882.352941176,6.76712426478136,TRUE,NA
"Beta left-high",2,402123,196,333,210000,104974,10544,0.0230122128553545,333,155,210000,225580.64516129,10.1651525298793,TRUE,NA
"Beta left-high",2,402123,196,800,210000,104974,10544,0.0421534243723895,800,375,210000,224000,6.92465403901817,TRUE,NA
"Beta left-high",2,402123,197,333,210000,100807,10570,0.0232226338554004,333,171,210000,204473.684210526,9.86375836520729,TRUE,NA
"Beta left-high",2,402123,197,800,210000,100807,10570,0.0422506992329359,800,377,210000,222811.671087533,6.91443170711925,TRUE,NA
"Beta left-high",2,402123,198,333,210000,105481,10329,0.0254105123865215,333,183,210000,191065.573770492,9.66741980399235,TRUE,NA
"Beta left-high",2,402123,198,800,210000,105481,10329,0.0456098405098592,800,408,210000,205882.352941176,6.76712426478136,TRUE,NA
"Beta left-high",2,402123,199,333,210000,103972,10449,0.0236235439572535,333,142,210000,246232.394366197,10.4516377728431,TRUE,NA
"Beta left-high",2,402123,199,800,210000,103972,10449,0.0452896764855345,800,381,210000,220472.440944882,6.89426472174727,TRUE,NA
"Beta left-high",2,402123,200,333,210000,97303,10618,0.0230095659591843,333,148,210000,236250,10.3141536003213,TRUE,NA
"Beta left-high",2,402123,200,800,210000,97303,10618,0.0431135387749456,800,330,210000,254545.454545455,7.18242279432604,TRUE,NA
"Beta left-high",2,402123,201,333,210000,101453,10434,0.0247253392863088,333,172,210000,203284.88372093,9.84650861001883,TRUE,NA
"Beta left-high",2,402123,201,800,210000,101453,10434,0.0444645039173287,800,410,210000,204878.048780488,6.75828460453265,TRUE,NA
"Beta left-high",2,402123,202,333,210000,106121,10484,0.0244503379933888,333,164,210000,213201.219512195,9.98948480551183,TRUE,NA
"Beta left-high",2,402123,202,800,210000,106121,10484,0.0443668947222158,800,381,210000,220472.440944882,6.89426472174727,TRUE,NA
"Beta left-high",2,402123,203,333,210000,99292,10415,0.0248951332295058,333,163,210000,214509.202453988,10.0081911539992,TRUE,NA
"Beta left-high",2,402123,203,800,210000,99292,10415,0.0459621703334872,800,385,210000,218181.818181818,6.87445946001938,TRUE,NA
"Beta left-high",2,402123,204,333,210000,104835,10386,0.0256357438926766,333,181,210000,193176.79558011,9.69859864660789,TRUE,NA
"Beta left-high",2,402123,204,800,210000,104835,10386,0.0442649334001938,800,414,210000,202898.550724638,6.74082756532198,TRUE,NA
"Beta left-high",2,402123,205,333,210000,104130,10399,0.0245815377114893,333,169,210000,206893.49112426,9.898777427369,TRUE,NA
"Beta left-high",2,402123,205,800,210000,104130,10399,0.0459432633736641,800,401,210000,209476.309226933,6.79866330639878,TRUE,NA
"Beta left-high",2,402123,206,333,210000,100499,10489,0.0245177006153918,333,179,210000,195335.195530726,9.73037094417081,TRUE,NA
"Beta left-high",2,402123,206,800,210000,100499,10489,0.0450958602402163,800,387,210000,217054.263565891,6.86468937207488,TRUE,NA
"Beta left-high",2,402123,207,333,210000,100784,10493,0.0252491935259113,333,177,210000,197542.372881356,9.76275432778563,TRUE,NA
"Beta left-high",2,402123,207,800,210000,100784,10493,0.0447512562427836,800,382,210000,219895.287958115,6.88927988723264,TRUE,NA
"Beta left-high",2,402123,208,333,210000,103766,10554,0.0245081259903101,333,163,210000,214509.202453988,10.0081911539992,TRUE,NA
"Beta left-high",2,402123,208,800,210000,103766,10554,0.0452162767233728,800,393,210000,213740.458015267,6.83589493148404,TRUE,NA
"Beta left-high",2,402123,209,333,210000,103686,10478,0.0238794045392646,333,160,210000,218531.25,10.0654953640372,TRUE,NA
"Beta left-high",2,402123,209,800,210000,103686,10478,0.0437162048863749,800,400,210000,210000,6.80324679057169,TRUE,NA
"Beta left-high",2,402123,210,333,210000,111507,10418,0.0266698277245527,333,222,210000,157500,9.15746919014741,TRUE,NA
"Beta left-high",2,402123,210,800,210000,111507,10418,0.04714577765123,800,476,210000,176470.588235294,6.50327381053332,TRUE,NA
"Beta left-high",2,402123,211,333,210000,106603,10414,0.0222102417761825,333,164,210000,213201.219512195,9.98948480551183,TRUE,NA
"Beta left-high",2,402123,211,800,210000,106603,10414,0.04319906922025,800,409,210000,205378.973105134,6.76269507253102,TRUE,NA
"Beta left-high",2,402123,212,333,210000,105375,10447,0.0240946927390783,333,167,210000,209371.25748503,9.93450735791223,TRUE,NA
"Beta left-high",2,402123,212,800,210000,105375,10447,0.0430549782001957,800,350,210000,240000,7.06084948606417,TRUE,NA
"Beta left-high",2,402123,213,333,210000,107128,10652,0.0242491266136072,333,167,210000,209371.25748503,9.93450735791223,TRUE,NA
"Beta left-high",2,402123,213,800,210000,107128,10652,0.043502922486113,800,393,210000,213740.458015267,6.83589493148404,TRUE,NA
"Beta left-high",2,402123,214,333,210000,106113,10395,0.0252047657806662,333,176,210000,198664.772727273,9.77918088295926,TRUE,NA
"Beta left-high",2,402123,214,800,210000,106113,10395,0.0455430019761118,800,409,210000,205378.973105134,6.76269507253102,TRUE,NA
"Beta left-high",2,402123,215,333,210000,105933,10527,0.0251104145463223,333,213,210000,164154.929577465,9.26080740167756,TRUE,NA
"Beta left-high",2,402123,215,800,210000,105933,10527,0.0456854891033196,800,469,210000,179104.47761194,6.52733701549821,TRUE,NA
"Beta left-high",2,402123,216,333,210000,103962,10744,0.0236953939411301,333,176,210000,198664.772727273,9.77918088295926,TRUE,NA
"Beta left-high",2,402123,216,800,210000,103962,10744,0.0436778820372417,800,398,210000,211055.27638191,6.81247348869172,TRUE,NA
"Beta left-high",2,402123,217,333,210000,105618,10511,0.0242514313314165,333,180,210000,194250,9.71440952806755,TRUE,NA
"Beta left-high",2,402123,217,800,210000,105618,10511,0.0444783790957253,800,427,210000,196721.31147541,6.68605792978917,TRUE,NA
"Beta left-high",2,402123,218,333,210000,107239,10526,0.0239235594997931,333,153,210000,228529.411764706,10.2065505459796,TRUE,NA
"Beta left-high",2,402123,218,800,210000,107239,10526,0.0448166558005222,800,376,210000,223404.255319149,6.91953116723056,TRUE,NA
"Beta left-high",2,402123,219,333,210000,105090,10370,0.02410710570702,333,165,210000,211909.090909091,9.97097074158352,TRUE,NA
"Beta left-high",2,402123,219,800,210000,105090,10370,0.0452666863131544,800,413,210000,203389.830508475,6.74516433854333,TRUE,NA
"Beta left-high",2,402123,220,333,210000,107449,10544,0.0232121160675781,333,162,210000,215833.333333333,10.027092898003,TRUE,NA
"Beta left-high",2,402123,220,800,210000,107449,10544,0.0449678175195608,800,433,210000,193995.381062356,6.66174565073848,TRUE,NA
"Beta left-high",2,402123,221,333,210000,103774,10523,0.0241067850585346,333,157,210000,222707.006369427,10.1246463858931,TRUE,NA
"Beta left-high",2,402123,221,800,210000,103774,10523,0.046040113842117,800,411,210000,204379.562043796,6.75389273950461,TRUE,NA
"Beta left-high",2,402123,222,333,210000,101092,10356,0.0236427787288846,333,161,210000,217173.913043478,10.0461932176168,TRUE,NA
"Beta left-high",2,402123,222,800,210000,101092,10356,0.0455176434753462,800,422,210000,199052.132701422,6.70677637601546,TRUE,NA
"Beta left-high",2,402123,223,333,210000,102940,10537,0.024336600468339,333,157,210000,222707.006369427,10.1246463858931,TRUE,NA
"Beta left-high",2,402123,223,800,210000,102940,10537,0.044686719879473,800,381,210000,220472.440944882,6.89426472174727,TRUE,NA
"Beta left-high",2,402123,224,333,210000,101673,10742,0.0240421575499767,333,165,210000,211909.090909091,9.97097074158352,TRUE,NA
"Beta left-high",2,402123,224,800,210000,101673,10742,0.0449973614100549,800,426,210000,197183.098591549,6.69016780784906,TRUE,NA
"Beta left-high",2,402123,225,333,210000,105177,10396,0.0234888137803168,333,149,210000,234664.429530201,10.2921470492403,TRUE,NA
"Beta left-high",2,402123,225,800,210000,105177,10396,0.0437590252390867,800,375,210000,224000,6.92465403901817,TRUE,NA
"Beta left-high",2,402123,226,333,210000,102893,10503,0.0249799746250838,333,198,210000,176590.909090909,9.45088606578794,TRUE,NA
"Beta left-high",2,402123,226,800,210000,102893,10503,0.0457036452991622,800,420,210000,2e+05,6.7151835941356,TRUE,NA
"Beta left-high",2,402123,227,333,210000,104464,10681,0.0249101790335338,333,169,210000,206893.49112426,9.898777427369,TRUE,NA
"Beta left-high",2,402123,227,800,210000,104464,10681,0.045084047022769,800,415,210000,202409.638554217,6.73650892047155,TRUE,NA
"Beta left-high",2,402123,228,333,210000,101791,10595,0.0229904849638794,333,135,210000,259000,10.6248892228356,TRUE,NA
"Beta left-high",2,402123,228,800,210000,101791,10595,0.0446270916167043,800,365,210000,230136.98630137,6.97720769129002,TRUE,NA
"Beta left-high",2,402123,229,333,210000,110604,10448,0.0239024779255487,333,161,210000,217173.913043478,10.0461932176168,TRUE,NA
"Beta left-high",2,402123,229,800,210000,110604,10448,0.0444945396820535,800,407,210000,206388.206388206,6.77157230364179,TRUE,NA
"Beta left-high",2,402123,230,333,210000,98132,10536,0.0250330615879443,333,160,210000,218531.25,10.0654953640372,TRUE,NA
"Beta left-high",2,402123,230,800,210000,98132,10536,0.0445332356128816,800,356,210000,235955.056179775,7.02666738460513,TRUE,NA
"Beta left-high",2,402123,231,333,210000,100965,10376,0.0239272822027182,333,115,210000,304043.47826087,11.2147545074596,TRUE,NA
"Beta left-high",2,402123,231,800,210000,100965,10376,0.0450872194897064,800,343,210000,244897.959183673,7.10201984254207,TRUE,NA
"Beta left-high",2,402123,232,333,210000,101716,10367,0.0243876710912434,333,151,210000,231556.291390728,10.2488712786515,TRUE,NA
"Beta left-high",2,402123,232,800,210000,101716,10367,0.044251489561434,800,382,210000,219895.287958115,6.88927988723264,TRUE,NA
"Beta left-high",2,402123,233,333,210000,111970,10533,0.0241696926929521,333,191,210000,183062.827225131,9.54830968631948,TRUE,NA
"Beta left-high",2,402123,233,800,210000,111970,10533,0.0453792174231048,800,444,210000,189189.189189189,6.61866220742127,TRUE,NA
"Beta left-high",2,402123,234,333,210000,101753,10555,0.0233911193501557,333,141,210000,247978.723404255,10.4755039372365,TRUE,NA
"Beta left-high",2,402123,234,800,210000,101753,10555,0.043395498415876,800,374,210000,224598.930481283,6.92980048831585,TRUE,NA
"Beta left-high",2,402123,235,333,210000,104548,10474,0.0244203031488467,333,177,210000,197542.372881356,9.76275432778563,TRUE,NA
"Beta left-high",2,402123,235,800,210000,104548,10474,0.04304939869014,800,367,210000,228882.833787466,6.96650007512336,TRUE,NA
"Beta left-high",2,402123,236,333,210000,99163,10677,0.0246992818650816,333,157,210000,222707.006369427,10.1246463858931,TRUE,NA
"Beta left-high",2,402123,236,800,210000,99163,10677,0.0449549897357737,800,386,210000,217616.580310881,6.86956349739337,TRUE,NA
"Beta left-high",2,402123,237,333,210000,103018,10342,0.0242291708235217,333,183,210000,191065.573770492,9.66741980399235,TRUE,NA
"Beta left-high",2,402123,237,800,210000,103018,10342,0.0449258326182946,800,421,210000,199524.940617577,6.71097131677406,TRUE,NA
"Beta left-high",2,402123,238,333,210000,102184,10470,0.0242014872187883,333,148,210000,236250,10.3141536003213,TRUE,NA
"Beta left-high",2,402123,238,800,210000,102184,10470,0.0462291368464082,800,422,210000,199052.132701422,6.70677637601546,TRUE,NA
"Beta left-high",2,402123,239,333,210000,103910,10654,0.0232836239881715,333,157,210000,222707.006369427,10.1246463858931,TRUE,NA
"Beta left-high",2,402123,239,800,210000,103910,10654,0.0424395529652181,800,369,210000,227642.276422764,6.95589231487478,TRUE,NA
"Beta left-high",2,402123,240,333,210000,104482,10515,0.0254896303944072,333,194,210000,180231.958762887,9.50581867468717,TRUE,NA
"Beta left-high",2,402123,240,800,210000,104482,10515,0.0456801038367181,800,411,210000,204379.562043796,6.75389273950461,TRUE,NA
"Beta left-high",2,402123,241,333,210000,105895,10675,0.0240284346627967,333,148,210000,236250,10.3141536003213,TRUE,NA
"Beta left-high",2,402123,241,800,210000,105895,10675,0.0446935243149665,800,394,210000,213197.969543147,6.83116955969639,TRUE,NA
"Beta left-high",2,402123,242,333,210000,102589,10506,0.0243922503581828,333,158,210000,221297.46835443,10.1047185098824,TRUE,NA
"Beta left-high",2,402123,242,800,210000,102589,10506,0.0443529998683777,800,364,210000,230769.230769231,6.982599398931,TRUE,NA
"Beta left-high",2,402123,243,333,210000,104403,10286,0.0250308688525779,333,176,210000,198664.772727273,9.77918088295926,TRUE,NA
"Beta left-high",2,402123,243,800,210000,104403,10286,0.0448935466161551,800,377,210000,222811.671087533,6.91443170711925,TRUE,NA
"Beta left-high",2,402123,244,333,210000,105530,10554,0.0247600660409322,333,165,210000,211909.090909091,9.97097074158352,TRUE,NA
"Beta left-high",2,402123,244,800,210000,105530,10554,0.045578671766296,800,422,210000,199052.132701422,6.70677637601546,TRUE,NA
"Beta left-high",2,402123,245,333,210000,106895,10445,0.0238202546270473,333,173,210000,202109.826589595,9.82942852517615,TRUE,NA
"Beta left-high",2,402123,245,800,210000,106895,10445,0.0446311307855211,800,430,210000,195348.837209302,6.67382805044544,TRUE,NA
"Beta left-high",2,402123,246,333,210000,106035,10436,0.0224648245226252,333,141,210000,247978.723404255,10.4755039372365,TRUE,NA
"Beta left-high",2,402123,246,800,210000,106035,10436,0.0446588281698072,800,392,210000,214285.714285714,6.84064112310072,TRUE,NA
"Beta left-high",2,402123,247,333,210000,104038,10559,0.0232599063016285,333,188,210000,185984.042553191,9.59195946014975,TRUE,NA
"Beta left-high",2,402123,247,800,210000,104038,10559,0.0432322393191293,800,399,210000,210526.315789474,6.80785014046491,TRUE,NA
"Beta left-high",2,402123,248,333,210000,102529,10463,0.0242766237526853,333,170,210000,205676.470588235,9.88118041203675,TRUE,NA
"Beta left-high",2,402123,248,800,210000,102529,10463,0.0444709816964278,800,417,210000,201438.848920863,6.72792555258646,TRUE,NA
"Beta left-high",2,402123,249,333,210000,101299,10411,0.0253139091155657,333,174,210000,200948.275862069,9.8125155434919,TRUE,NA
"Beta left-high",2,402123,249,800,210000,101299,10411,0.0453027259862469,800,403,210000,208436.724565757,6.78955541070708,TRUE,NA
"Beta left-high",2,402123,250,333,210000,106874,10454,0.0232355014377439,333,159,210000,219905.660377358,10.0850026615991,TRUE,NA
"Beta left-high",2,402123,250,800,210000,106874,10454,0.0444114671235296,800,406,210000,206896.551724138,6.77603931255901,TRUE,NA
"Beta left-high",2,402123,251,333,210000,102752,10424,0.0245871740073441,333,157,210000,222707.006369427,10.1246463858931,TRUE,NA
"Beta left-high",2,402123,251,800,210000,102752,10424,0.0455992080019902,800,404,210000,207920.792079208,6.78503073986764,TRUE,NA
"Beta left-high",2,402123,252,333,210000,104165,10562,0.0237312628117902,333,171,210000,204473.684210526,9.86375836520729,TRUE,NA
"Beta left-high",2,402123,252,800,210000,104165,10562,0.0441378531598726,800,403,210000,208436.724565757,6.78955541070708,TRUE,NA
"Beta left-high",2,402123,253,333,210000,102248,10544,0.0245228782321206,333,147,210000,237857.142857143,10.3364117472074,TRUE,NA
"Beta left-high",2,402123,253,800,210000,102248,10544,0.0444262114840062,800,369,210000,227642.276422764,6.95589231487478,TRUE,NA
"Beta left-high",2,402123,254,333,210000,107311,10565,0.0230570088928557,333,162,210000,215833.333333333,10.027092898003,TRUE,NA
"Beta left-high",2,402123,254,800,210000,107311,10565,0.0448456223381277,800,420,210000,2e+05,6.7151835941356,TRUE,NA
"Beta left-high",2,402123,255,333,210000,109203,10586,0.0246000597008537,333,170,210000,205676.470588235,9.88118041203675,TRUE,NA
"Beta left-high",2,402123,255,800,210000,109203,10586,0.044660036039662,800,438,210000,191780.821917808,6.64192872001307,TRUE,NA
"Beta left-high",2,402123,256,333,210000,101764,10699,0.0242209446433561,333,156,210000,224134.615384615,10.144789846321,TRUE,NA
"Beta left-high",2,402123,256,800,210000,101764,10699,0.0437911202465787,800,367,210000,228882.833787466,6.96650007512336,TRUE,NA
"Beta left-high",2,402123,257,333,210000,103610,10468,0.0231464759095428,333,149,210000,234664.429530201,10.2921470492403,TRUE,NA
"Beta left-high",2,402123,257,800,210000,103610,10468,0.0438398083392596,800,404,210000,207920.792079208,6.78503073986764,TRUE,NA
"Beta left-high",2,402123,258,333,210000,101447,10515,0.0236810894301025,333,157,210000,222707.006369427,10.1246463858931,TRUE,NA
"Beta left-high",2,402123,258,800,210000,101447,10515,0.0437033307047942,800,374,210000,224598.930481283,6.92980048831585,TRUE,NA
"Beta left-high",2,402123,259,333,210000,104029,10364,0.0242176842766361,333,148,210000,236250,10.3141536003213,TRUE,NA
"Beta left-high",2,402123,259,800,210000,104029,10364,0.0454883185696896,800,411,210000,204379.562043796,6.75389273950461,TRUE,NA
"Beta left-high",2,402123,260,333,210000,101532,10618,0.0228892033495499,333,149,210000,234664.429530201,10.2921470492403,TRUE,NA
"Beta left-high",2,402123,260,800,210000,101532,10618,0.04492668565186,800,367,210000,228882.833787466,6.96650007512336,TRUE,NA
"Beta left-high",2,402123,261,333,210000,103584,10438,0.0228837656897334,333,161,210000,217173.913043478,10.0461932176168,TRUE,NA
"Beta left-high",2,402123,261,800,210000,103584,10438,0.0443128960976427,800,418,210000,200956.937799043,6.72366060040962,TRUE,NA
"Beta left-high",2,402123,262,333,210000,97656,10541,0.0225322946797897,333,140,210000,249750,10.4996556301636,TRUE,NA
"Beta left-high",2,402123,262,800,210000,97656,10541,0.0431468302817304,800,365,210000,230136.98630137,6.97720769129002,TRUE,NA
"Beta left-high",2,402123,263,333,210000,102820,10338,0.0243214088634707,333,194,210000,180231.958762887,9.50581867468717,TRUE,NA
"Beta left-high",2,402123,263,800,210000,102820,10338,0.045614631877311,800,429,210000,195804.195804196,6.67788815445777,TRUE,NA
"Beta left-high",2,402123,264,333,210000,107399,10318,0.0247399915738544,333,190,210000,184026.315789474,9.56272847417632,TRUE,NA
"Beta left-high",2,402123,264,800,210000,107399,10318,0.0450872442752034,800,435,210000,193103.448275862,6.65377130960709,TRUE,NA
"Beta left-high",2,402123,265,333,210000,100666,10380,0.0250254483256123,333,158,210000,221297.46835443,10.1047185098824,TRUE,NA
"Beta left-high",2,402123,265,800,210000,100666,10380,0.0450909965405038,800,392,210000,214285.714285714,6.84064112310072,TRUE,NA
"Beta left-high",2,402123,266,333,210000,111036,10455,0.0243706795179856,333,191,210000,183062.827225131,9.54830968631948,TRUE,NA
"Beta left-high",2,402123,266,800,210000,111036,10455,0.0439917347664639,800,441,210000,190476.19047619,6.63022653118845,TRUE,NA
"Beta left-high",2,402123,267,333,210000,99539,10465,0.0233649045536653,333,146,210000,239486.301369863,10.3589259872047,TRUE,NA
"Beta left-high",2,402123,267,800,210000,99539,10465,0.0429944533935769,800,356,210000,235955.056179775,7.02666738460513,TRUE,NA
"Beta left-high",2,402123,268,333,210000,104441,10635,0.0232424100168366,333,158,210000,221297.46835443,10.1047185098824,TRUE,NA
"Beta left-high",2,402123,268,800,210000,104441,10635,0.042530752312076,800,398,210000,211055.27638191,6.81247348869172,TRUE,NA
"Beta left-high",2,402123,269,333,210000,102068,10688,0.0242533280362165,333,171,210000,204473.684210526,9.86375836520729,TRUE,NA
"Beta left-high",2,402123,269,800,210000,102068,10688,0.0436508594148007,800,406,210000,206896.551724138,6.77603931255901,TRUE,NA
"Beta left-high",2,402123,270,333,210000,101845,10616,0.0237211774423858,333,161,210000,217173.913043478,10.0461932176168,TRUE,NA
"Beta left-high",2,402123,270,800,210000,101845,10616,0.045807170174425,800,400,210000,210000,6.80324679057169,TRUE,NA
"Beta left-high",2,402123,271,333,210000,105139,10548,0.0258858060478954,333,148,210000,236250,10.3141536003213,TRUE,NA
"Beta left-high",2,402123,271,800,210000,105139,10548,0.046574073801033,800,394,210000,213197.969543147,6.83116955969639,TRUE,NA
"Beta left-high",2,402123,272,333,210000,108221,10469,0.0228083221429333,333,165,210000,211909.090909091,9.97097074158352,TRUE,NA
"Beta left-high",2,402123,272,800,210000,108221,10469,0.0447401926475501,800,407,210000,206388.206388206,6.77157230364179,TRUE,NA
"Beta left-high",2,402123,273,333,210000,107377,10469,0.0244862397554326,333,168,210000,208125,9.91655214513914,TRUE,NA
"Beta left-high",2,402123,273,800,210000,107377,10469,0.0462149346595092,800,398,210000,211055.27638191,6.81247348869172,TRUE,NA
"Beta left-high",2,402123,274,333,210000,97181,10364,0.0242513212163611,333,143,210000,244510.48951049,10.4280519203504,TRUE,NA
"Beta left-high",2,402123,274,800,210000,97181,10364,0.0455963323297603,800,384,210000,218750,6.87937741079022,TRUE,NA
"Beta left-high",2,402123,275,333,210000,102843,10673,0.0249691132783048,333,176,210000,198664.772727273,9.77918088295926,TRUE,NA
"Beta left-high",2,402123,275,800,210000,102843,10673,0.0455250868218654,800,421,210000,199524.940617577,6.71097131677406,TRUE,NA
"Beta left-high",2,402123,276,333,210000,104443,10446,0.0229897598701766,333,160,210000,218531.25,10.0654953640372,TRUE,NA
"Beta left-high",2,402123,276,800,210000,104443,10446,0.0431064438958365,800,392,210000,214285.714285714,6.84064112310072,TRUE,NA
"Beta left-high",2,402123,277,333,210000,109057,10596,0.0225789509915934,333,190,210000,184026.315789474,9.56272847417632,TRUE,NA
"Beta left-high",2,402123,277,800,210000,109057,10596,0.0433609965547247,800,419,210000,200477.326968974,6.71941331829732,TRUE,NA
"Beta left-high",2,402123,278,333,210000,108722,10479,0.0243991369528368,333,169,210000,206893.49112426,9.898777427369,TRUE,NA
"Beta left-high",2,402123,278,800,210000,108722,10479,0.0444256379926743,800,407,210000,206388.206388206,6.77157230364179,TRUE,NA
"Beta left-high",2,402123,279,333,210000,106799,10640,0.0237700589690558,333,172,210000,203284.88372093,9.84650861001883,TRUE,NA
"Beta left-high",2,402123,279,800,210000,106799,10640,0.0437916732379307,800,428,210000,196261.682242991,6.68196474659456,TRUE,NA
"Beta left-high",2,402123,280,333,210000,104504,10403,0.022996043083903,333,175,210000,199800,9.79576715047429,TRUE,NA
"Beta left-high",2,402123,280,800,210000,104504,10403,0.0458131017509599,800,421,210000,199524.940617577,6.71097131677406,TRUE,NA
"Beta left-high",2,402123,281,333,210000,107135,10668,0.024591397089292,333,165,210000,211909.090909091,9.97097074158352,TRUE,NA
"Beta left-high",2,402123,281,800,210000,107135,10668,0.0445466642194436,800,418,210000,200956.937799043,6.72366060040962,TRUE,NA
"Beta left-high",2,402123,282,333,210000,108632,10510,0.0222643698357663,333,138,210000,253369.565217391,10.5488371415714,TRUE,NA
"Beta left-high",2,402123,282,800,210000,108632,10510,0.0433110663048156,800,389,210000,215938.303341902,6.8550060370112,TRUE,NA
"Beta left-high",2,402123,283,333,210000,103417,10588,0.0237496316899949,333,160,210000,218531.25,10.0654953640372,TRUE,NA
"Beta left-high",2,402123,283,800,210000,103417,10588,0.0443255663103699,800,385,210000,218181.818181818,6.87445946001938,TRUE,NA
"Beta left-high",2,402123,284,333,210000,105069,10397,0.0233598058637157,333,157,210000,222707.006369427,10.1246463858931,TRUE,NA
"Beta left-high",2,402123,284,800,210000,105069,10397,0.0433228986009872,800,378,210000,222222.222222222,6.90935549443293,TRUE,NA
"Beta left-high",2,402123,285,333,210000,106469,10566,0.0248641981235466,333,174,210000,200948.275862069,9.8125155434919,TRUE,NA
"Beta left-high",2,402123,285,800,210000,106469,10566,0.0449968073093208,800,430,210000,195348.837209302,6.67382805044544,TRUE,NA
"Beta left-high",2,402123,286,333,210000,105970,10475,0.0264943100493006,333,214,210000,163387.85046729,9.24895501589617,TRUE,NA
"Beta left-high",2,402123,286,800,210000,105970,10475,0.0463252165377576,800,444,210000,189189.189189189,6.61866220742127,TRUE,NA
"Beta left-high",2,402123,287,333,210000,111525,10431,0.0223708254504171,333,138,210000,253369.565217391,10.5488371415714,TRUE,NA
"Beta left-high",2,402123,287,800,210000,111525,10431,0.0427283007130278,800,384,210000,218750,6.87937741079022,TRUE,NA
"Beta left-high",2,402123,288,333,210000,105704,10423,0.0249074392599595,333,190,210000,184026.315789474,9.56272847417632,TRUE,NA
"Beta left-high",2,402123,288,800,210000,105704,10423,0.0454170243263233,800,437,210000,192219.679633867,6.6458605227564,TRUE,NA
"Beta left-high",2,402123,289,333,210000,108117,10498,0.0251814988541953,333,172,210000,203284.88372093,9.84650861001883,TRUE,NA
"Beta left-high",2,402123,289,800,210000,108117,10498,0.0445100309235932,800,389,210000,215938.303341902,6.8550060370112,TRUE,NA
"Beta left-high",2,402123,290,333,210000,103045,10541,0.0237837324683728,333,153,210000,228529.411764706,10.2065505459796,TRUE,NA
"Beta left-high",2,402123,290,800,210000,103045,10541,0.0450405934571367,800,399,210000,210526.315789474,6.80785014046491,TRUE,NA
"Beta left-high",2,402123,291,333,210000,105134,10466,0.0227656431888398,333,154,210000,227045.454545455,10.185738159727,TRUE,NA
"Beta left-high",2,402123,291,800,210000,105134,10466,0.04505392334739,800,403,210000,208436.724565757,6.78955541070708,TRUE,NA
"Beta left-high",2,402123,292,333,210000,102543,10482,0.0238667539053521,333,175,210000,199800,9.79576715047429,TRUE,NA
"Beta left-high",2,402123,292,800,210000,102543,10482,0.044347252479218,800,406,210000,206896.551724138,6.77603931255901,TRUE,NA
"Beta left-high",2,402123,293,333,210000,105476,10710,0.0228496117133838,333,161,210000,217173.913043478,10.0461932176168,TRUE,NA
"Beta left-high",2,402123,293,800,210000,105476,10710,0.042910908209222,800,397,210000,211586.901763224,6.81711696907119,TRUE,NA
"Beta left-high",2,402123,294,333,210000,103723,10670,0.0252279769981763,333,174,210000,200948.275862069,9.8125155434919,TRUE,NA
"Beta left-high",2,402123,294,800,210000,103723,10670,0.0469093029756055,800,422,210000,199052.132701422,6.70677637601546,TRUE,NA
"Beta left-high",2,402123,295,333,210000,108249,10440,0.0248230088031639,333,212,210000,164929.245283019,9.27275623772181,TRUE,NA
"Beta left-high",2,402123,295,800,210000,108249,10440,0.0454092354997328,800,444,210000,189189.189189189,6.61866220742127,TRUE,NA
"Beta left-high",2,402123,296,333,210000,107985,10567,0.023597998069737,333,173,210000,202109.826589595,9.82942852517615,TRUE,NA
"Beta left-high",2,402123,296,800,210000,107985,10567,0.0421600941037582,800,370,210000,227027.027027027,6.95062543376141,TRUE,NA
"Beta left-high",2,402123,297,333,210000,106328,10471,0.0232418576760084,333,174,210000,200948.275862069,9.8125155434919,TRUE,NA
"Beta left-high",2,402123,297,800,210000,106328,10471,0.0430652051677212,800,417,210000,201438.848920863,6.72792555258646,TRUE,NA
"Beta left-high",2,402123,298,333,210000,106693,10571,0.023669303298667,333,200,210000,174825,9.42412844370524,TRUE,NA
"Beta left-high",2,402123,298,800,210000,106693,10571,0.0443273334439681,800,457,210000,183807.439824945,6.57008409138135,TRUE,NA
"Beta left-high",2,402123,299,333,210000,107906,10452,0.0233967082159735,333,161,210000,217173.913043478,10.0461932176168,TRUE,NA
"Beta left-high",2,402123,299,800,210000,107906,10452,0.0434072091847518,800,385,210000,218181.818181818,6.87445946001938,TRUE,NA
"Beta left-high",2,402123,300,333,210000,103024,10473,0.0233506098239098,333,160,210000,218531.25,10.0654953640372,TRUE,NA
"Beta left-high",2,402123,300,800,210000,103024,10473,0.0444246549371648,800,380,210000,221052.631578947,6.89927216212756,TRUE,NA
"Beta left-high",2,402123,301,333,210000,107989,10357,0.024220626875728,333,162,210000,215833.333333333,10.027092898003,TRUE,NA
"Beta left-high",2,402123,301,800,210000,107989,10357,0.0460686852834134,800,423,210000,198581.560283688,6.7025986626053,TRUE,NA
"Beta left-high",2,402123,302,333,210000,104182,10593,0.0232138784187414,333,170,210000,205676.470588235,9.88118041203675,TRUE,NA
"Beta left-high",2,402123,302,800,210000,104182,10593,0.0437819973440808,800,403,210000,208436.724565757,6.78955541070708,TRUE,NA
"Beta left-high",2,402123,303,333,210000,104202,10262,0.02453430626231,333,189,210000,185000,9.57727778826045,TRUE,NA
"Beta left-high",2,402123,303,800,210000,104202,10262,0.0469920651347261,800,432,210000,194444.444444444,6.66575689937551,TRUE,NA
"Beta left-high",2,402123,304,333,210000,100985,10374,0.0239052549467161,333,162,210000,215833.333333333,10.027092898003,TRUE,NA
"Beta left-high",2,402123,304,800,210000,100985,10374,0.0453380931300741,800,395,210000,212658.227848101,6.82646486767687,TRUE,NA
"Beta left-high",2,402123,305,333,210000,108269,10466,0.0244199210188486,333,173,210000,202109.826589595,9.82942852517615,TRUE,NA
"Beta left-high",2,402123,305,800,210000,108269,10466,0.0444086503512967,800,424,210000,198113.20754717,6.69843806822168,TRUE,NA
"Beta left-high",2,402123,306,333,210000,112752,10606,0.0231119064402823,333,157,210000,222707.006369427,10.1246463858931,TRUE,NA
"Beta left-high",2,402123,306,800,210000,112752,10606,0.0424693991064092,800,405,210000,207407.407407407,6.78052541608063,TRUE,NA
"Beta left-high",2,402123,307,333,210000,99970,10565,0.0238581114931414,333,144,210000,242812.5,10.4047412926943,TRUE,NA
"Beta left-high",2,402123,307,800,210000,99970,10565,0.0433790908359366,800,359,210000,233983.286908078,7.00994437187391,TRUE,NA
"Beta left-high",2,402123,308,333,210000,105311,10483,0.0230652451640455,333,161,210000,217173.913043478,10.0461932176168,TRUE,NA
"Beta left-high",2,402123,308,800,210000,105311,10483,0.0452057429958029,800,394,210000,213197.969543147,6.83116955969639,TRUE,NA
"Beta left-high",2,402123,309,333,210000,104816,10556,0.0241202522112117,333,169,210000,206893.49112426,9.898777427369,TRUE,NA
"Beta left-high",2,402123,309,800,210000,104816,10556,0.0445202515325461,800,381,210000,220472.440944882,6.89426472174727,TRUE,NA
"Beta left-high",2,402123,310,333,210000,100890,10365,0.0252164288912044,333,157,210000,222707.006369427,10.1246463858931,TRUE,NA
"Beta left-high",2,402123,310,800,210000,100890,10365,0.045832111658765,800,388,210000,216494.845360825,6.85983693462991,TRUE,NA
"Beta left-high",2,402123,311,333,210000,105169,10293,0.0250384176284243,333,182,210000,192115.384615385,9.68293611816731,TRUE,NA
"Beta left-high",2,402123,311,800,210000,105169,10293,0.0456724084254111,800,419,210000,200477.326968974,6.71941331829732,TRUE,NA
"Beta left-high",2,402123,312,333,210000,103923,10545,0.0247109523254103,333,186,210000,187983.870967742,9.62172738044833,TRUE,NA
"Beta left-high",2,402123,312,800,210000,103923,10545,0.0444675790047848,800,397,210000,211586.901763224,6.81711696907119,TRUE,NA
"Beta left-high",2,402123,313,333,210000,100936,10693,0.0239157974963448,333,157,210000,222707.006369427,10.1246463858931,TRUE,NA
"Beta left-high",2,402123,313,800,210000,100936,10693,0.0444477755326729,800,373,210000,225201.072386059,6.93497068255915,TRUE,NA
"Beta left-high",2,402123,314,333,210000,108199,10544,0.023837696467897,333,182,210000,192115.384615385,9.68293611816731,TRUE,NA
"Beta left-high",2,402123,314,800,210000,108199,10544,0.0443326504258167,800,451,210000,186252.771618625,6.59220114192834,TRUE,NA
"Beta left-high",2,402123,315,333,210000,104152,10525,0.0243974355456558,333,170,210000,205676.470588235,9.88118041203675,TRUE,NA
"Beta left-high",2,402123,315,800,210000,104152,10525,0.0447427392315659,800,381,210000,220472.440944882,6.89426472174727,TRUE,NA
"Beta left-high",2,402123,316,333,210000,110164,10624,0.023724558153219,333,190,210000,184026.315789474,9.56272847417632,TRUE,NA
"Beta left-high",2,402123,316,800,210000,110164,10624,0.0432709039298048,800,408,210000,205882.352941176,6.76712426478136,TRUE,NA
"Beta left-high",2,402123,317,333,210000,107573,10375,0.0226684598028454,333,166,210000,210632.530120482,9.95264591849202,TRUE,NA
"Beta left-high",2,402123,317,800,210000,107573,10375,0.044636914003227,800,435,210000,193103.448275862,6.65377130960709,TRUE,NA
"Beta left-high",2,402123,318,333,210000,105461,10332,0.0235047884906761,333,150,210000,233100,10.2703877039828,TRUE,NA
"Beta left-high",2,402123,318,800,210000,105461,10332,0.0451207319711257,800,403,210000,208436.724565757,6.78955541070708,TRUE,NA
"Beta left-high",2,402123,319,333,210000,100000,10552,0.0268211145873863,333,185,210000,189000,9.6368174714222,TRUE,NA
"Beta left-high",2,402123,319,800,210000,100000,10552,0.0471198868556071,800,418,210000,200956.937799043,6.72366060040962,TRUE,NA
"Beta left-high",2,402123,320,333,210000,106217,10519,0.0246470908425936,333,164,210000,213201.219512195,9.98948480551183,TRUE,NA
"Beta left-high",2,402123,320,800,210000,106217,10519,0.046897459011869,800,441,210000,190476.19047619,6.63022653118845,TRUE,NA
"Beta left-high",2,402123,321,333,210000,103067,10557,0.0239214570443781,333,157,210000,222707.006369427,10.1246463858931,TRUE,NA
"Beta left-high",2,402123,321,800,210000,103067,10557,0.0429257332837952,800,374,210000,224598.930481283,6.92980048831585,TRUE,NA
"Beta left-high",2,402123,322,333,210000,104560,10619,0.0246359778215508,333,135,210000,259000,10.6248892228356,TRUE,NA
"Beta left-high",2,402123,322,800,210000,104560,10619,0.0441481794845932,800,348,210000,241379.310344828,7.07246767948303,TRUE,NA
"Beta left-high",2,402123,323,333,210000,102267,10640,0.0244732850186745,333,160,210000,218531.25,10.0654953640372,TRUE,NA
"Beta left-high",2,402123,323,800,210000,102267,10640,0.0440219220983434,800,375,210000,224000,6.92465403901817,TRUE,NA
"Beta left-high",2,402123,324,333,210000,102709,10334,0.02452986500964,333,175,210000,199800,9.79576715047429,TRUE,NA
"Beta left-high",2,402123,324,800,210000,102709,10334,0.0456809453430683,800,402,210000,208955.223880597,6.79409955652486,TRUE,NA
"Beta left-high",2,402123,325,333,210000,107589,10564,0.0246036637367533,333,186,210000,187983.870967742,9.62172738044833,TRUE,NA
"Beta left-high",2,402123,325,800,210000,107589,10564,0.0441879694388348,800,451,210000,186252.771618625,6.59220114192834,TRUE,NA
"Beta left-high",2,402123,326,333,210000,103053,10446,0.0236253815915889,333,167,210000,209371.25748503,9.93450735791223,TRUE,NA
"Beta left-high",2,402123,326,800,210000,103053,10446,0.0430378972209976,800,387,210000,217054.263565891,6.86468937207488,TRUE,NA
"Beta left-high",2,402123,327,333,210000,101857,10450,0.0249566947496191,333,163,210000,214509.202453988,10.0081911539992,TRUE,NA
"Beta left-high",2,402123,327,800,210000,101857,10450,0.044862112517585,800,406,210000,206896.551724138,6.77603931255901,TRUE,NA
"Beta left-high",2,402123,328,333,210000,105257,10191,0.0246533007440558,333,186,210000,187983.870967742,9.62172738044833,TRUE,NA
"Beta left-high",2,402123,328,800,210000,105257,10191,0.0457416753882318,800,418,210000,200956.937799043,6.72366060040962,TRUE,NA
"Beta left-high",2,402123,329,333,210000,106039,10458,0.0248864706549414,333,187,210000,186978.609625668,9.60677535660802,TRUE,NA
"Beta left-high",2,402123,329,800,210000,106039,10458,0.0460815912617181,800,426,210000,197183.098591549,6.69016780784906,TRUE,NA
"Beta left-high",2,402123,330,333,210000,101686,10495,0.0220551310166138,333,136,210000,257095.588235294,10.599226796713,TRUE,NA
"Beta left-high",2,402123,330,800,210000,101686,10495,0.0435123332830072,800,361,210000,232686.980609418,6.99892834070722,TRUE,NA
"Beta left-high",2,402123,331,333,210000,105780,10581,0.0239619914684777,333,186,210000,187983.870967742,9.62172738044833,TRUE,NA
"Beta left-high",2,402123,331,800,210000,105780,10581,0.0451002686409622,800,411,210000,204379.562043796,6.75389273950461,TRUE,NA
"Beta left-high",2,402123,332,333,210000,102432,10544,0.0230577660668711,333,153,210000,228529.411764706,10.2065505459796,TRUE,NA
"Beta left-high",2,402123,332,800,210000,102432,10544,0.0427332249068294,800,363,210000,231404.958677686,6.98801661845586,TRUE,NA
"Beta left-high",2,402123,333,333,210000,106802,10525,0.024094490409724,333,180,210000,194250,9.71440952806755,TRUE,NA
"Beta left-high",2,402123,333,800,210000,106802,10525,0.045378706780934,800,436,210000,192660.550458716,6.64980802053246,TRUE,NA
"Beta left-high",2,402123,334,333,210000,108248,10526,0.0228326894912618,333,163,210000,214509.202453988,10.0081911539992,TRUE,NA
"Beta left-high",2,402123,334,800,210000,108248,10526,0.0445497909223115,800,428,210000,196261.682242991,6.68196474659456,TRUE,NA
"Beta left-high",2,402123,335,333,210000,103760,10458,0.0242848684574204,333,177,210000,197542.372881356,9.76275432778563,TRUE,NA
"Beta left-high",2,402123,335,800,210000,103760,10458,0.0445379183606779,800,418,210000,200956.937799043,6.72366060040962,TRUE,NA
"Beta left-high",2,402123,336,333,210000,101585,10452,0.0241322488508568,333,178,210000,196432.584269663,9.74648512051155,TRUE,NA
"Beta left-high",2,402123,336,800,210000,101585,10452,0.0427225234321426,800,354,210000,237288.13559322,7.03795101318882,TRUE,NA
"Beta left-high",2,402123,337,333,210000,103643,10652,0.0230535159890183,333,154,210000,227045.454545455,10.185738159727,TRUE,NA
"Beta left-high",2,402123,337,800,210000,103643,10652,0.0432956730116919,800,347,210000,242074.92795389,7.07831976513202,TRUE,NA
"Beta left-high",2,402123,338,333,210000,105829,10566,0.0247791613533248,333,171,210000,204473.684210526,9.86375836520729,TRUE,NA
"Beta left-high",2,402123,338,800,210000,105829,10566,0.0459402357987292,800,410,210000,204878.048780488,6.75828460453265,TRUE,NA
"Beta left-high",2,402123,339,333,210000,108578,10602,0.02396836103249,333,159,210000,219905.660377358,10.0850026615991,TRUE,NA
"Beta left-high",2,402123,339,800,210000,108578,10602,0.0435872720971756,800,374,210000,224598.930481283,6.92980048831585,TRUE,NA
"Beta left-high",2,402123,340,333,210000,103849,10457,0.0270414170458317,333,174,210000,200948.275862069,9.8125155434919,TRUE,NA
"Beta left-high",2,402123,340,800,210000,103849,10457,0.046975434128653,800,415,210000,202409.638554217,6.73650892047155,TRUE,NA
"Beta left-high",2,402123,341,333,210000,107448,10675,0.0250506760352044,333,170,210000,205676.470588235,9.88118041203675,TRUE,NA
"Beta left-high",2,402123,341,800,210000,107448,10675,0.0454672218875465,800,404,210000,207920.792079208,6.78503073986764,TRUE,NA
"Beta left-high",2,402123,342,333,210000,104594,10336,0.0237004700233473,333,160,210000,218531.25,10.0654953640372,TRUE,NA
"Beta left-high",2,402123,342,800,210000,104594,10336,0.0444990044389097,800,412,210000,203883.495145631,6.74951935722968,TRUE,NA
"Beta left-high",2,402123,343,333,210000,103792,10417,0.0236844316766904,333,149,210000,234664.429530201,10.2921470492403,TRUE,NA
"Beta left-high",2,402123,343,800,210000,103792,10417,0.0444175408321708,800,390,210000,215384.615384615,6.85019653254194,TRUE,NA
"Beta left-high",2,402123,344,333,210000,106945,10448,0.0231447590728843,333,153,210000,228529.411764706,10.2065505459796,TRUE,NA
"Beta left-high",2,402123,344,800,210000,106945,10448,0.0439060202378683,800,386,210000,217616.580310881,6.86956349739337,TRUE,NA
"Beta left-high",2,402123,345,333,210000,103408,10725,0.0237582586752784,333,162,210000,215833.333333333,10.027092898003,TRUE,NA
"Beta left-high",2,402123,345,800,210000,103408,10725,0.0425692629894033,800,389,210000,215938.303341902,6.8550060370112,TRUE,NA
"Beta left-high",2,402123,346,333,210000,110186,10380,0.0250028633535832,333,188,210000,185984.042553191,9.59195946014975,TRUE,NA
"Beta left-high",2,402123,346,800,210000,110186,10380,0.0472110110235593,800,474,210000,177215.189873418,6.51008550688285,TRUE,NA
"Beta left-high",2,402123,347,333,210000,100397,10661,0.0254562524429348,333,189,210000,185000,9.57727778826045,TRUE,NA
"Beta left-high",2,402123,347,800,210000,100397,10661,0.0443132150986186,800,402,210000,208955.223880597,6.79409955652486,TRUE,NA
"Beta left-high",2,402123,348,333,210000,107001,10461,0.026582776607719,333,205,210000,170560.975609756,9.35920321012062,TRUE,NA
"Beta left-high",2,402123,348,800,210000,107001,10461,0.0471088027441544,800,432,210000,194444.444444444,6.66575689937551,TRUE,NA
"Beta left-high",2,402123,349,333,210000,109404,10556,0.0241580824741026,333,166,210000,210632.530120482,9.95264591849202,TRUE,NA
"Beta left-high",2,402123,349,800,210000,109404,10556,0.0454240176204998,800,421,210000,199524.940617577,6.71097131677406,TRUE,NA
"Beta left-high",2,402123,350,333,210000,105156,10367,0.0231738603191012,333,156,210000,224134.615384615,10.144789846321,TRUE,NA
"Beta left-high",2,402123,350,800,210000,105156,10367,0.0433451795353941,800,406,210000,206896.551724138,6.77603931255901,TRUE,NA
"Beta left-high",2,402123,351,333,210000,106591,10456,0.0238822196500535,333,176,210000,198664.772727273,9.77918088295926,TRUE,NA
"Beta left-high",2,402123,351,800,210000,106591,10456,0.0445276727118223,800,383,210000,219321.148825065,6.88431750196318,TRUE,NA
"Beta left-high",2,402123,352,333,210000,103473,10518,0.0239359710240674,333,163,210000,214509.202453988,10.0081911539992,TRUE,NA
"Beta left-high",2,402123,352,800,210000,103473,10518,0.0440577104610068,800,387,210000,217054.263565891,6.86468937207488,TRUE,NA
"Beta left-high",2,402123,353,333,210000,106055,10287,0.0238339930717513,333,163,210000,214509.202453988,10.0081911539992,TRUE,NA
"Beta left-high",2,402123,353,800,210000,106055,10287,0.0446305197726624,800,436,210000,192660.550458716,6.64980802053246,TRUE,NA
"Beta left-high",2,402123,354,333,210000,106725,10433,0.0237793398702507,333,165,210000,211909.090909091,9.97097074158352,TRUE,NA
"Beta left-high",2,402123,354,800,210000,106725,10433,0.0437665113376869,800,381,210000,220472.440944882,6.89426472174727,TRUE,NA
"Beta left-high",2,402123,355,333,210000,108905,10528,0.0261630654798425,333,200,210000,174825,9.42412844370524,TRUE,NA
"Beta left-high",2,402123,355,800,210000,108905,10528,0.0464651232837017,800,461,210000,182212.581344902,6.55561902973741,TRUE,NA
"Beta left-high",2,402123,356,333,210000,101758,10443,0.0247406516515925,333,153,210000,228529.411764706,10.2065505459796,TRUE,NA
"Beta left-high",2,402123,356,800,210000,101758,10443,0.0446080311734687,800,374,210000,224598.930481283,6.92980048831585,TRUE,NA
"Beta left-high",2,402123,357,333,210000,101375,10586,0.0238114400376118,333,155,210000,225580.64516129,10.1651525298793,TRUE,NA
"Beta left-high",2,402123,357,800,210000,101375,10586,0.0439843096949309,800,387,210000,217054.263565891,6.86468937207488,TRUE,NA
"Beta left-high",2,402123,358,333,210000,104547,10534,0.0269229835946173,333,190,210000,184026.315789474,9.56272847417632,TRUE,NA
"Beta left-high",2,402123,358,800,210000,104547,10534,0.0477027755966803,800,448,210000,187500,6.60345329845321,TRUE,NA
"Beta left-high",2,402123,359,333,210000,109333,10438,0.0251801328219607,333,182,210000,192115.384615385,9.68293611816731,TRUE,NA
"Beta left-high",2,402123,359,800,210000,109333,10438,0.0456419173968621,800,444,210000,189189.189189189,6.61866220742127,TRUE,NA
"Beta left-high",2,402123,360,333,210000,102088,10652,0.0240140590306816,333,178,210000,196432.584269663,9.74648512051155,TRUE,NA
"Beta left-high",2,402123,360,800,210000,102088,10652,0.0445622217678736,800,414,210000,202898.550724638,6.74082756532198,TRUE,NA
"Beta left-high",2,402123,361,333,210000,104838,10593,0.0249218011082746,333,193,210000,181165.803108808,9.51985653390033,TRUE,NA
"Beta left-high",2,402123,361,800,210000,104838,10593,0.0443356096170031,800,418,210000,200956.937799043,6.72366060040962,TRUE,NA
"Beta left-high",2,402123,362,333,210000,102249,10581,0.0252358849500062,333,175,210000,199800,9.79576715047429,TRUE,NA
"Beta left-high",2,402123,362,800,210000,102249,10581,0.045351698257626,800,431,210000,194895.591647332,6.66978433248901,TRUE,NA
"Beta left-high",2,402123,363,333,210000,105129,10461,0.0241972135603809,333,182,210000,192115.384615385,9.68293611816731,TRUE,NA
"Beta left-high",2,402123,363,800,210000,105129,10461,0.0441874792881053,800,437,210000,192219.679633867,6.6458605227564,TRUE,NA
"Beta left-high",2,402123,364,333,210000,108140,10601,0.0241187017904114,333,170,210000,205676.470588235,9.88118041203675,TRUE,NA
"Beta left-high",2,402123,364,800,210000,108140,10601,0.0446339168406731,800,420,210000,2e+05,6.7151835941356,TRUE,NA
"Beta left-high",2,402123,365,333,210000,107374,10327,0.0239576710048193,333,155,210000,225580.64516129,10.1651525298793,TRUE,NA
"Beta left-high",2,402123,365,800,210000,107374,10327,0.0457100392874335,800,419,210000,200477.326968974,6.71941331829732,TRUE,NA
"Beta left-high",2,402123,366,333,210000,102659,10726,0.0232953328735644,333,175,210000,199800,9.79576715047429,TRUE,NA
"Beta left-high",2,402123,366,800,210000,102659,10726,0.0445128678602188,800,429,210000,195804.195804196,6.67788815445777,TRUE,NA
"Beta left-high",2,402123,367,333,210000,108948,10558,0.0224550330234175,333,158,210000,221297.46835443,10.1047185098824,TRUE,NA
"Beta left-high",2,402123,367,800,210000,108948,10558,0.0430210833580959,800,412,210000,203883.495145631,6.74951935722968,TRUE,NA
"Beta left-high",2,402123,368,333,210000,104553,10319,0.0241825427148962,333,178,210000,196432.584269663,9.74648512051155,TRUE,NA
"Beta left-high",2,402123,368,800,210000,104553,10319,0.0441062011485782,800,387,210000,217054.263565891,6.86468937207488,TRUE,NA
"Beta left-high",2,402123,369,333,210000,107944,10549,0.0229680029592709,333,164,210000,213201.219512195,9.98948480551183,TRUE,NA
"Beta left-high",2,402123,369,800,210000,107944,10549,0.0444870428712407,800,428,210000,196261.682242991,6.68196474659456,TRUE,NA
"Beta left-high",2,402123,370,333,210000,109770,10508,0.0253082437926521,333,174,210000,200948.275862069,9.8125155434919,TRUE,NA
"Beta left-high",2,402123,370,800,210000,109770,10508,0.0463405369674425,800,421,210000,199524.940617577,6.71097131677406,TRUE,NA
"Beta left-high",2,402123,371,333,210000,110079,10528,0.0239309655931765,333,188,210000,185984.042553191,9.59195946014975,TRUE,NA
"Beta left-high",2,402123,371,800,210000,110079,10528,0.0446529411464415,800,429,210000,195804.195804196,6.67788815445777,TRUE,NA
"Beta left-high",2,402123,372,333,210000,101552,10373,0.0241783050398725,333,157,210000,222707.006369427,10.1246463858931,TRUE,NA
"Beta left-high",2,402123,372,800,210000,101552,10373,0.0449687247925274,800,369,210000,227642.276422764,6.95589231487478,TRUE,NA
"Beta left-high",2,402123,373,333,210000,98297,10459,0.0241671983978038,333,143,210000,244510.48951049,10.4280519203504,TRUE,NA
"Beta left-high",2,402123,373,800,210000,98297,10459,0.0432000565486004,800,334,210000,251497.005988024,7.15711440832848,TRUE,NA
"Beta left-high",2,402123,374,333,210000,107454,10364,0.0241108651055876,333,157,210000,222707.006369427,10.1246463858931,TRUE,NA
"Beta left-high",2,402123,374,800,210000,107454,10364,0.0453761107321465,800,442,210000,190045.248868778,6.62635656168337,TRUE,NA
"Beta left-high",2,402123,375,333,210000,105929,10600,0.0232827716546104,333,152,210000,230032.894736842,10.2275935883112,TRUE,NA
"Beta left-high",2,402123,375,800,210000,105929,10600,0.0425139979890119,800,378,210000,222222.222222222,6.90935549443293,TRUE,NA
"Beta left-high",2,402123,376,333,210000,96329,10543,0.0225188287270296,333,138,210000,253369.565217391,10.5488371415714,TRUE,NA
"Beta left-high",2,402123,376,800,210000,96329,10543,0.0422202572426614,800,330,210000,254545.454545455,7.18242279432604,TRUE,NA
"Beta left-high",2,402123,377,333,210000,105565,10619,0.0237420862001729,333,176,210000,198664.772727273,9.77918088295926,TRUE,NA
"Beta left-high",2,402123,377,800,210000,105565,10619,0.0438977996372614,800,388,210000,216494.845360825,6.85983693462991,TRUE,NA
"Beta left-high",2,402123,378,333,210000,107892,10612,0.022919575871994,333,149,210000,234664.429530201,10.2921470492403,TRUE,NA
"Beta left-high",2,402123,378,800,210000,107892,10612,0.0446707747585394,800,374,210000,224598.930481283,6.92980048831585,TRUE,NA
"Beta left-high",2,402123,379,333,210000,106242,10419,0.024030603711309,333,185,210000,189000,9.6368174714222,TRUE,NA
"Beta left-high",2,402123,379,800,210000,106242,10419,0.0433066287399124,800,412,210000,203883.495145631,6.74951935722968,TRUE,NA
"Beta left-high",2,402123,380,333,210000,103713,10498,0.023698109160037,333,152,210000,230032.894736842,10.2275935883112,TRUE,NA
"Beta left-high",2,402123,380,800,210000,103713,10498,0.0440754034027442,800,353,210000,237960.339943343,7.04363391946522,TRUE,NA
"Beta left-high",2,402123,381,333,210000,107734,10595,0.024087857229758,333,188,210000,185984.042553191,9.59195946014975,TRUE,NA
"Beta left-high",2,402123,381,800,210000,107734,10595,0.0429721280340734,800,411,210000,204379.562043796,6.75389273950461,TRUE,NA
"Beta left-high",2,402123,382,333,210000,109574,10672,0.0227923228050187,333,134,210000,260932.835820896,10.6508714476843,TRUE,NA
"Beta left-high",2,402123,382,800,210000,109574,10672,0.042144008191156,800,375,210000,224000,6.92465403901817,TRUE,NA
"Beta left-high",2,402123,383,333,210000,108397,10727,0.0222520769879605,333,135,210000,259000,10.6248892228356,TRUE,NA
"Beta left-high",2,402123,383,800,210000,108397,10727,0.0437951832205484,800,380,210000,221052.631578947,6.89927216212756,TRUE,NA
"Beta left-high",2,402123,384,333,210000,104994,10473,0.0232516730197642,333,143,210000,244510.48951049,10.4280519203504,TRUE,NA
"Beta left-high",2,402123,384,800,210000,104994,10473,0.043792480884247,800,375,210000,224000,6.92465403901817,TRUE,NA
"Beta left-high",2,402123,385,333,210000,105787,10577,0.0226570903976627,333,146,210000,239486.301369863,10.3589259872047,TRUE,NA
"Beta left-high",2,402123,385,800,210000,105787,10577,0.0437674840596275,800,384,210000,218750,6.87937741079022,TRUE,NA
"Beta left-high",2,402123,386,333,210000,105908,10573,0.0235287696046584,333,179,210000,195335.195530726,9.73037094417081,TRUE,NA
"Beta left-high",2,402123,386,800,210000,105908,10573,0.0454602972977795,800,423,210000,198581.560283688,6.7025986626053,TRUE,NA
"Beta left-high",2,402123,387,333,210000,100422,10510,0.0250837899566091,333,188,210000,185984.042553191,9.59195946014975,TRUE,NA
"Beta left-high",2,402123,387,800,210000,100422,10510,0.0457535285938534,800,422,210000,199052.132701422,6.70677637601546,TRUE,NA
"Beta left-high",2,402123,388,333,210000,99976,10598,0.02256064055857,333,149,210000,234664.429530201,10.2921470492403,TRUE,NA
"Beta left-high",2,402123,388,800,210000,99976,10598,0.0426552073142607,800,357,210000,235294.117647059,7.02106625629019,TRUE,NA
"Beta left-high",2,402123,389,333,210000,108000,10538,0.0236243643641824,333,171,210000,204473.684210526,9.86375836520729,TRUE,NA
"Beta left-high",2,402123,389,800,210000,108000,10538,0.0432158707075607,800,397,210000,211586.901763224,6.81711696907119,TRUE,NA
"Beta left-high",2,402123,390,333,210000,103843,10368,0.02372152682809,333,183,210000,191065.573770492,9.66741980399235,TRUE,NA
"Beta left-high",2,402123,390,800,210000,103843,10368,0.0452661962048836,800,427,210000,196721.31147541,6.68605792978917,TRUE,NA
"Beta left-high",2,402123,391,333,210000,105313,10568,0.0249749004446896,333,164,210000,213201.219512195,9.98948480551183,TRUE,NA
"Beta left-high",2,402123,391,800,210000,105313,10568,0.0456322908770863,800,410,210000,204878.048780488,6.75828460453265,TRUE,NA
"Beta left-high",2,402123,392,333,210000,100146,10628,0.0252635026644414,333,174,210000,200948.275862069,9.8125155434919,TRUE,NA
"Beta left-high",2,402123,392,800,210000,100146,10628,0.0453680424210364,800,398,210000,211055.27638191,6.81247348869172,TRUE,NA
"Beta left-high",2,402123,393,333,210000,105793,10365,0.0228497938418723,333,157,210000,222707.006369427,10.1246463858931,TRUE,NA
"Beta left-high",2,402123,393,800,210000,105793,10365,0.0421121797587777,800,376,210000,223404.255319149,6.91953116723056,TRUE,NA
"Beta left-high",2,402123,394,333,210000,106091,10509,0.0244868427270874,333,187,210000,186978.609625668,9.60677535660802,TRUE,NA
"Beta left-high",2,402123,394,800,210000,106091,10509,0.0440723748093775,800,456,210000,184210.526315789,6.57373496992597,TRUE,NA
"Beta left-high",2,402123,395,333,210000,100475,10441,0.0248876882199606,333,199,210000,175703.51758794,9.43744950740724,TRUE,NA
"Beta left-high",2,402123,395,800,210000,100475,10441,0.0445854611576392,800,397,210000,211586.901763224,6.81711696907119,TRUE,NA
"Beta left-high",2,402123,396,333,210000,108032,10693,0.0230509231730831,333,147,210000,237857.142857143,10.3364117472074,TRUE,NA
"Beta left-high",2,402123,396,800,210000,108032,10693,0.0445304685685034,800,426,210000,197183.098591549,6.69016780784906,TRUE,NA
"Beta left-high",2,402123,397,333,210000,106005,10459,0.024263503878619,333,151,210000,231556.291390728,10.2488712786515,TRUE,NA
"Beta left-high",2,402123,397,800,210000,106005,10459,0.045155699425696,800,396,210000,212121.212121212,6.82178071664205,TRUE,NA
"Beta left-high",2,402123,398,333,210000,103863,10552,0.0242593692556699,333,169,210000,206893.49112426,9.898777427369,TRUE,NA
"Beta left-high",2,402123,398,800,210000,103863,10552,0.0437027584845022,800,383,210000,219321.148825065,6.88431750196318,TRUE,NA
"Beta left-high",2,402123,399,333,210000,108120,10661,0.024390549832394,333,192,210000,182109.375,9.53401962745973,TRUE,NA
"Beta left-high",2,402123,399,800,210000,108120,10661,0.0439579589744173,800,390,210000,215384.615384615,6.85019653254194,TRUE,NA
"Beta left-high",2,402123,400,333,210000,102934,10382,0.025616712862977,333,182,210000,192115.384615385,9.68293611816731,TRUE,NA
"Beta left-high",2,402123,400,800,210000,102934,10382,0.0453890627081277,800,415,210000,202409.638554217,6.73650892047155,TRUE,NA
