"scenario","ratio_value","setting_seed","repetition","x_stop","n_target_total","n_marker_actual","n_target_band","x_end","x_count","n_count","c_true","c_hat","sigma_L","valid","invalid_reason"
"Beta left-high",1,401123,1,333,105000,106999,5272,0.0416006756608436,333,371,105000,94245.2830188679,8.10977033096673,TRUE,NA
"Beta left-high",1,401123,1,800,105000,106999,5272,0.0751119445967853,800,821,105000,102314.25091352,5.7848452753137,TRUE,NA
"Beta left-high",1,401123,2,333,105000,105028,5309,0.0390350829101071,333,286,105000,122255.244755245,8.58948379639248,TRUE,NA
"Beta left-high",1,401123,2,800,105000,105028,5309,0.0738934043683582,800,769,105000,109232.769830949,5.85560142630756,TRUE,NA
"Beta left-high",1,401123,3,333,105000,104167,5285,0.0398466802420314,333,353,105000,99050.9915014164,8.19407156555708,TRUE,NA
"Beta left-high",1,401123,3,800,105000,104167,5285,0.0760519454079526,800,853,105000,98475.9671746776,5.74521508030647,TRUE,NA
"Beta left-high",1,401123,4,333,105000,103129,5296,0.0365641413191736,333,316,105000,110648.734177215,8.39403160249634,TRUE,NA
"Beta left-high",1,401123,4,800,105000,103129,5296,0.0691703163920675,800,722,105000,116343.490304709,5.92744315922889,TRUE,NA
"Beta left-high",1,401123,5,333,105000,111368,5164,0.0371095549219873,333,307,105000,113892.508143322,8.44911159979167,TRUE,NA
"Beta left-high",1,401123,5,800,105000,111368,5164,0.0728879803030241,800,790,105000,106329.113924051,5.82601019064722,TRUE,NA
"Beta left-high",1,401123,6,333,105000,103430,5215,0.0401550207012275,333,350,105000,99900,8.20887480078011,TRUE,NA
"Beta left-high",1,401123,6,800,105000,103430,5215,0.0754617892286374,800,827,105000,101571.946795647,5.77720220534795,TRUE,NA
"Beta left-high",1,401123,7,333,105000,105513,5328,0.039107384116198,333,309,105000,113155.339805825,8.43662589370772,TRUE,NA
"Beta left-high",1,401123,7,800,105000,105513,5328,0.0707240008596197,800,737,105000,113975.576662144,5.90361651232798,TRUE,NA
"Beta left-high",1,401123,8,333,105000,104055,5340,0.0396263593019373,333,338,105000,103446.74556213,8.2704289937114,TRUE,NA
"Beta left-high",1,401123,8,800,105000,104055,5340,0.075732498578902,800,841,105000,99881.0939357907,5.75975462275534,TRUE,NA
"Beta left-high",1,401123,9,333,105000,103867,5221,0.0416241235181058,333,364,105000,96057.6923076923,8.14166594721139,TRUE,NA
"Beta left-high",1,401123,9,800,105000,103867,5221,0.0771261711348035,800,830,105000,101204.819277108,5.77341836908676,TRUE,NA
"Beta left-high",1,401123,10,333,105000,109910,5315,0.0388457518872182,333,322,105000,108586.956521739,8.3588335038193,TRUE,NA
"Beta left-high",1,401123,10,800,105000,109910,5315,0.0709605195476405,800,743,105000,113055.181695828,5.89432923200836,TRUE,NA
"Beta left-high",1,401123,11,333,105000,104363,5229,0.0412240537901287,333,370,105000,94500,8.11426053010877,TRUE,NA
"Beta left-high",1,401123,11,800,105000,104363,5229,0.0777350701305611,800,860,105000,97674.4186046512,5.73690455473753,TRUE,NA
"Beta left-high",1,401123,12,333,105000,105428,5273,0.0394259359946005,333,326,105000,107254.601226994,8.33600885011652,TRUE,NA
"Beta left-high",1,401123,12,800,105000,105428,5273,0.074035062751607,800,762,105000,110236.220472441,5.86579291089248,TRUE,NA
"Beta left-high",1,401123,13,333,105000,105282,5211,0.0402821819008511,333,338,105000,103446.74556213,8.2704289937114,TRUE,NA
"Beta left-high",1,401123,13,800,105000,105282,5211,0.0745585861651946,800,810,105000,103703.703703704,5.79912458098373,TRUE,NA
"Beta left-high",1,401123,14,333,105000,105260,5255,0.0387666326024585,333,319,105000,109608.150470219,8.37628553154077,TRUE,NA
"Beta left-high",1,401123,14,800,105000,105260,5255,0.0738559448404989,800,775,105000,108387.096774194,5.846998606112,TRUE,NA
"Beta left-high",1,401123,15,333,105000,105409,5211,0.0402097586314142,333,345,105000,101347.826086957,8.23405757630045,TRUE,NA
"Beta left-high",1,401123,15,800,105000,105409,5211,0.0744149299915078,800,811,105000,103575.832305795,5.797811925227,TRUE,NA
"Beta left-high",1,401123,16,333,105000,104135,5311,0.0384171139026631,333,333,105000,105000,8.29724212937552,TRUE,NA
"Beta left-high",1,401123,16,800,105000,104135,5311,0.0758091344504986,800,863,105000,97334.8783314021,5.73338053935609,TRUE,NA
"Beta left-high",1,401123,17,333,105000,104431,5253,0.0388772020108521,333,328,105000,106600.609756098,8.3247823876365,TRUE,NA
"Beta left-high",1,401123,17,800,105000,104431,5253,0.0749666182831152,800,815,105000,103067.484662577,5.79259057276887,TRUE,NA
"Beta left-high",1,401123,18,333,105000,101729,5338,0.0392502482949753,333,340,105000,102838.235294118,8.25990082442498,TRUE,NA
"Beta left-high",1,401123,18,800,105000,101729,5338,0.0751910424910371,800,790,105000,106329.113924051,5.82601019064722,TRUE,NA
"Beta left-high",1,401123,19,333,105000,103324,5258,0.0375397976076714,333,289,105000,120986.15916955,8.56832965332343,TRUE,NA
"Beta left-high",1,401123,19,800,105000,103324,5258,0.0740255713233731,800,754,105000,111405.835543767,5.87764973122081,TRUE,NA
"Beta left-high",1,401123,20,333,105000,101584,5252,0.0380416117937619,333,301,105000,116162.790697674,8.4874488679214,TRUE,NA
"Beta left-high",1,401123,20,800,105000,101584,5252,0.0743369314167863,800,780,105000,107692.307692308,5.83992120785348,TRUE,NA
"Beta left-high",1,401123,21,333,105000,103592,5313,0.0394301234521681,333,324,105000,107916.666666667,8.34735853155465,TRUE,NA
"Beta left-high",1,401123,21,800,105000,103592,5313,0.0724252530718193,800,792,105000,106060.606060606,5.82326622435268,TRUE,NA
"Beta left-high",1,401123,22,333,105000,101551,5260,0.039339292456642,333,330,105000,105954.545454545,8.31367711824824,TRUE,NA
"Beta left-high",1,401123,22,800,105000,101551,5260,0.0772992832135026,800,799,105000,105131.414267835,5.81376052560807,TRUE,NA
"Beta left-high",1,401123,23,333,105000,103681,5398,0.0403451740475478,333,354,105000,98771.186440678,8.18918704720289,TRUE,NA
"Beta left-high",1,401123,23,800,105000,103681,5398,0.0747063718258301,800,784,105000,107142.857142857,5.83431820646083,TRUE,NA
"Beta left-high",1,401123,24,333,105000,103753,5329,0.0382491172814319,333,303,105000,115396.03960396,8.47452047336527,TRUE,NA
"Beta left-high",1,401123,24,800,105000,103753,5329,0.0736333491091085,800,774,105000,108527.131782946,5.84842402141388,TRUE,NA
"Beta left-high",1,401123,25,333,105000,112472,5228,0.0386681148935521,333,328,105000,106600.609756098,8.3247823876365,TRUE,NA
"Beta left-high",1,401123,25,800,105000,112472,5228,0.076386794537794,800,838,105000,100238.663484487,5.7634487173712,TRUE,NA
"Beta left-high",1,401123,26,333,105000,103489,5400,0.0373884481701786,333,330,105000,105954.545454545,8.31367711824824,TRUE,NA
"Beta left-high",1,401123,26,800,105000,103489,5400,0.0714872001295402,800,752,105000,111702.127659574,5.88064955883698,TRUE,NA
"Beta left-high",1,401123,27,333,105000,107217,5216,0.0403157742826907,333,363,105000,96322.3140495868,8.14631243507424,TRUE,NA
"Beta left-high",1,401123,27,800,105000,107217,5216,0.075603082511214,800,869,105000,96662.830840046,5.72639910898064,TRUE,NA
"Beta left-high",1,401123,28,333,105000,108189,5127,0.0405212667772307,333,339,105000,103141.592920354,8.2651510571314,TRUE,NA
"Beta left-high",1,401123,28,800,105000,108189,5127,0.0753568343688484,800,819,105000,102564.102564103,5.7874155806747,TRUE,NA
"Beta left-high",1,401123,29,333,105000,103880,5210,0.0382887950752705,333,314,105000,111353.503184713,8.40602942425351,TRUE,NA
"Beta left-high",1,401123,29,800,105000,103880,5210,0.0739922598020835,800,785,105000,107006.369426752,5.83292554355092,TRUE,NA
"Beta left-high",1,401123,30,333,105000,106578,5172,0.0406602770745962,333,347,105000,100763.688760807,8.2239066584859,TRUE,NA
"Beta left-high",1,401123,30,800,105000,106578,5172,0.0761220165396819,800,804,105000,104477.611940299,5.80706275484411,TRUE,NA
"Beta left-high",1,401123,31,333,105000,102718,5303,0.0400802638670547,333,316,105000,110648.734177215,8.39403160249634,TRUE,NA
"Beta left-high",1,401123,31,800,105000,102718,5303,0.0746781927624638,800,750,105000,112000,5.88366384379303,TRUE,NA
"Beta left-high",1,401123,32,333,105000,108627,5254,0.0378003492370763,333,337,105000,103753.709198813,8.27573485727431,TRUE,NA
"Beta left-high",1,401123,32,800,105000,108627,5254,0.0735365834135061,800,843,105000,99644.128113879,5.75730519405192,TRUE,NA
"Beta left-high",1,401123,33,333,105000,104292,5323,0.039331572573996,333,330,105000,105954.545454545,8.31367711824824,TRUE,NA
"Beta left-high",1,401123,33,800,105000,104292,5323,0.073064822381615,800,803,105000,104607.721046077,5.80839625180282,TRUE,NA
"Beta left-high",1,401123,34,333,105000,105275,5269,0.0368624501799364,333,287,105000,121829.268292683,8.58238909036213,TRUE,NA
"Beta left-high",1,401123,34,800,105000,105275,5269,0.0714726728524949,800,716,105000,117318.43575419,5.93722555916073,TRUE,NA
"Beta left-high",1,401123,35,333,105000,106994,5217,0.0394311338427009,333,332,105000,105316.265060241,8.30269106080462,TRUE,NA
"Beta left-high",1,401123,35,800,105000,106994,5217,0.0779302303687734,800,883,105000,95130.2378255946,5.71044614771865,TRUE,NA
"Beta left-high",1,401123,36,333,105000,106390,5299,0.0384580859535508,333,347,105000,100763.688760807,8.2239066584859,TRUE,NA
"Beta left-high",1,401123,36,800,105000,106390,5299,0.0733758930564427,800,821,105000,102314.25091352,5.7848452753137,TRUE,NA
"Beta left-high",1,401123,37,333,105000,105341,5208,0.0398516336783009,333,318,105000,109952.830188679,8.38216784632455,TRUE,NA
"Beta left-high",1,401123,37,800,105000,105341,5208,0.0766757986531841,800,780,105000,107692.307692308,5.83992120785348,TRUE,NA
"Beta left-high",1,401123,38,333,105000,107849,5315,0.0358640085387469,333,302,105000,115778.145695364,8.4809657294975,TRUE,NA
"Beta left-high",1,401123,38,800,105000,107849,5315,0.0705664216293773,800,748,105000,112299.465240642,5.88669269205071,TRUE,NA
"Beta left-high",1,401123,39,333,105000,105225,5148,0.0384607022550781,333,363,105000,96322.3140495868,8.14631243507424,TRUE,NA
"Beta left-high",1,401123,39,800,105000,105225,5148,0.0746152761183695,800,835,105000,100598.80239521,5.76716696460365,TRUE,NA
"Beta left-high",1,401123,40,333,105000,106461,5293,0.0399177726222201,333,370,105000,94500,8.11426053010877,TRUE,NA
"Beta left-high",1,401123,40,800,105000,106461,5293,0.0727178574841622,800,811,105000,103575.832305795,5.797811925227,TRUE,NA
"Beta left-high",1,401123,41,333,105000,107491,5314,0.037904151977034,333,358,105000,97667.5977653631,8.16989337857654,TRUE,NA
"Beta left-high",1,401123,41,800,105000,107491,5314,0.0712905410589409,800,794,105000,105793.450881612,5.82053479774077,TRUE,NA
"Beta left-high",1,401123,42,333,105000,105024,5326,0.0387091032346041,333,308,105000,113522.727272727,8.4428507857824,TRUE,NA
"Beta left-high",1,401123,42,800,105000,105024,5326,0.0727535873793076,800,804,105000,104477.611940299,5.80706275484411,TRUE,NA
"Beta left-high",1,401123,43,333,105000,110377,5189,0.040568991622186,333,354,105000,98771.186440678,8.18918704720289,TRUE,NA
"Beta left-high",1,401123,43,800,105000,110377,5189,0.0785079625810114,800,893,105000,94064.9496080627,5.69933111690295,TRUE,NA
"Beta left-high",1,401123,44,333,105000,101113,5262,0.0382740028493797,333,281,105000,124430.604982206,8.62562377660617,TRUE,NA
"Beta left-high",1,401123,44,800,105000,101113,5262,0.0704698032709517,800,671,105000,125186.289120715,6.0155877976015,TRUE,NA
"Beta left-high",1,401123,45,333,105000,100160,5116,0.03923278934041,333,278,105000,125773.381294964,8.64785637860833,TRUE,NA
"Beta left-high",1,401123,45,800,105000,100160,5116,0.0768036183504665,800,736,105000,114130.434782609,5.90517767854306,TRUE,NA
"Beta left-high",1,401123,46,333,105000,108573,5262,0.0414518276958259,333,377,105000,92745.3580901857,8.08327878168544,TRUE,NA
"Beta left-high",1,401123,46,800,105000,108573,5262,0.0760231410434313,800,858,105000,97902.0979020979,5.73926637719802,TRUE,NA
"Beta left-high",1,401123,47,333,105000,102654,5207,0.0410015529837748,333,367,105000,95272.4795640327,8.12786277730646,TRUE,NA
"Beta left-high",1,401123,47,800,105000,102654,5207,0.0753650749303147,800,809,105000,103831.891223733,5.80044018371199,TRUE,NA
"Beta left-high",1,401123,48,333,105000,105867,5274,0.0372658922686582,333,304,105000,115016.447368421,8.46811276292181,TRUE,NA
"Beta left-high",1,401123,48,800,105000,105867,5274,0.0717670849005259,800,770,105000,109090.909090909,5.8541591950029,TRUE,NA
"Beta left-high",1,401123,49,333,105000,100399,5230,0.0410696189433793,333,333,105000,105000,8.29724212937552,TRUE,NA
"Beta left-high",1,401123,49,800,105000,100399,5230,0.0761671552646414,800,826,105000,101694.915254237,5.77846903804895,TRUE,NA
"Beta left-high",1,401123,50,333,105000,104874,5240,0.0393828185448282,333,310,105000,112790.322580645,8.43043661025828,TRUE,NA
"Beta left-high",1,401123,50,800,105000,104874,5240,0.0754909293551261,800,804,105000,104477.611940299,5.80706275484411,TRUE,NA
"Beta left-high",1,401123,51,333,105000,106657,5327,0.0379253695646287,333,310,105000,112790.322580645,8.43043661025828,TRUE,NA
"Beta left-high",1,401123,51,800,105000,106657,5327,0.073609254486974,800,790,105000,106329.113924051,5.82601019064722,TRUE,NA
"Beta left-high",1,401123,52,333,105000,109510,5247,0.0404458451039246,333,343,105000,101938.775510204,8.24431415424542,TRUE,NA
"Beta left-high",1,401123,52,800,105000,109510,5247,0.0750298574492557,800,839,105000,100119.189511323,5.7622146806349,TRUE,NA
"Beta left-high",1,401123,53,333,105000,103528,5336,0.0372994209687963,333,318,105000,109952.830188679,8.38216784632455,TRUE,NA
"Beta left-high",1,401123,53,800,105000,103528,5336,0.0745615480022052,800,796,105000,105527.638190955,5.81781582415392,TRUE,NA
"Beta left-high",1,401123,54,333,105000,104233,5278,0.0396674629515803,333,381,105000,91771.6535433071,8.06603471871768,TRUE,NA
"Beta left-high",1,401123,54,800,105000,104233,5278,0.0738708954808251,800,855,105000,98245.6140350877,5.74282799029995,TRUE,NA
"Beta left-high",1,401123,55,333,105000,102665,5236,0.0408552946118082,333,328,105000,106600.609756098,8.3247823876365,TRUE,NA
"Beta left-high",1,401123,55,800,105000,102665,5236,0.0746380667914339,800,787,105000,106734.434561626,5.83014984356145,TRUE,NA
"Beta left-high",1,401123,56,333,105000,103721,5263,0.0408431581328257,333,361,105000,96855.9556786704,8.15567458573384,TRUE,NA
"Beta left-high",1,401123,56,800,105000,103721,5263,0.074562455502829,800,844,105000,99526.0663507109,5.75608444392988,TRUE,NA
"Beta left-high",1,401123,57,333,105000,105996,5195,0.0398345117376061,333,342,105000,102236.842105263,8.24948259015833,TRUE,NA
"Beta left-high",1,401123,57,800,105000,105996,5195,0.0748316581861305,800,833,105000,100840.336134454,5.76965933259429,TRUE,NA
"Beta left-high",1,401123,58,333,105000,107301,5252,0.036104852460276,333,284,105000,123116.197183099,8.60380523542275,TRUE,NA
"Beta left-high",1,401123,58,800,105000,107301,5252,0.0715597976095284,800,773,105000,108667.529107374,5.8498527760487,TRUE,NA
"Beta left-high",1,401123,59,333,105000,101424,5130,0.0399110458838691,333,326,105000,107254.601226994,8.33600885011652,TRUE,NA
"Beta left-high",1,401123,59,800,105000,101424,5130,0.0773071031064599,800,810,105000,103703.703703704,5.79912458098373,TRUE,NA
"Beta left-high",1,401123,60,333,105000,102667,5274,0.0385129960813187,333,305,105000,114639.344262295,8.46174226559494,TRUE,NA
"Beta left-high",1,401123,60,800,105000,102667,5274,0.0750953930098434,800,818,105000,102689.486552567,5.78870501655851,TRUE,NA
"Beta left-high",1,401123,61,333,105000,106339,5335,0.0384476364612267,333,333,105000,105000,8.29724212937552,TRUE,NA
"Beta left-high",1,401123,61,800,105000,106339,5335,0.0725382902060156,800,770,105000,109090.909090909,5.8541591950029,TRUE,NA
"Beta left-high",1,401123,62,333,105000,103788,5229,0.0414221286039504,333,349,105000,100186.246418338,8.21385975363555,TRUE,NA
"Beta left-high",1,401123,62,800,105000,103788,5229,0.0802545415090453,800,883,105000,95130.2378255946,5.71044614771865,TRUE,NA
"Beta left-high",1,401123,63,333,105000,102449,5248,0.0364358396752365,333,309,105000,113155.339805825,8.43662589370772,TRUE,NA
"Beta left-high",1,401123,63,800,105000,102449,5248,0.0706649609251803,800,755,105000,111258.278145695,5.87615520608559,TRUE,NA
"Beta left-high",1,401123,64,333,105000,105141,5235,0.0396943470228417,333,331,105000,105634.441087613,8.30816931014239,TRUE,NA
"Beta left-high",1,401123,64,800,105000,105141,5235,0.0723841549067365,800,778,105000,107969.151670951,5.84274227828355,TRUE,NA
"Beta left-high",1,401123,65,333,105000,107256,5070,0.0379403677684335,333,343,105000,101938.775510204,8.24431415424542,TRUE,NA
"Beta left-high",1,401123,65,800,105000,107256,5070,0.0758428636156284,800,865,105000,97109.8265895954,5.73104358167363,TRUE,NA
"Beta left-high",1,401123,66,333,105000,101335,5255,0.0371658529807412,333,309,105000,113155.339805825,8.43662589370772,TRUE,NA
"Beta left-high",1,401123,66,800,105000,101335,5255,0.0708535557439215,800,739,105000,113667.117726658,5.90050562433323,TRUE,NA
"Beta left-high",1,401123,67,333,105000,108429,5361,0.0401534450787466,333,372,105000,93991.935483871,8.1053018052113,TRUE,NA
"Beta left-high",1,401123,67,800,105000,108429,5361,0.0749374013255683,800,816,105000,102941.176470588,5.7912925029054,TRUE,NA
"Beta left-high",1,401123,68,333,105000,104999,5241,0.0363277347529337,333,301,105000,116162.790697674,8.4874488679214,TRUE,NA
"Beta left-high",1,401123,68,800,105000,104999,5241,0.0726766508854307,800,769,105000,109232.769830949,5.85560142630756,TRUE,NA
"Beta left-high",1,401123,69,333,105000,105644,5327,0.0400903312273201,333,386,105000,90582.9015544041,8.04493211125796,TRUE,NA
"Beta left-high",1,401123,69,800,105000,105644,5327,0.0760875570744832,800,860,105000,97674.4186046512,5.73690455473753,TRUE,NA
"Beta left-high",1,401123,70,333,105000,108663,5312,0.0378574624849797,333,293,105000,119334.470989761,8.54071951045218,TRUE,NA
"Beta left-high",1,401123,70,800,105000,108663,5312,0.0716483610179025,800,749,105000,112149.53271028,5.88517644084576,TRUE,NA
"Beta left-high",1,401123,71,333,105000,105151,5184,0.0425853437629814,333,399,105000,87631.5789473684,7.9922996418464,TRUE,NA
"Beta left-high",1,401123,71,800,105000,105151,5184,0.0784790468069708,800,852,105000,98591.5492957746,5.746412454332,TRUE,NA
"Beta left-high",1,401123,72,333,105000,105531,5263,0.0397268180187821,333,324,105000,107916.666666667,8.34735853155465,TRUE,NA
"Beta left-high",1,401123,72,800,105000,105531,5263,0.0768966953218194,800,831,105000,101083.032490975,5.77216261357801,TRUE,NA
"Beta left-high",1,401123,73,333,105000,105232,5203,0.039450346373521,333,361,105000,96855.9556786704,8.15567458573384,TRUE,NA
"Beta left-high",1,401123,73,800,105000,105232,5203,0.0747941847772486,800,833,105000,100840.336134454,5.76965933259429,TRUE,NA
"Beta left-high",1,401123,74,333,105000,105273,5130,0.0418373350619292,333,371,105000,94245.2830188679,8.10977033096673,TRUE,NA
"Beta left-high",1,401123,74,800,105000,105273,5130,0.0766133332803474,800,855,105000,98245.6140350877,5.74282799029995,TRUE,NA
"Beta left-high",1,401123,75,333,105000,99883,5347,0.040030061368936,333,338,105000,103446.74556213,8.2704289937114,TRUE,NA
"Beta left-high",1,401123,75,800,105000,99883,5347,0.0726404318412632,800,758,105000,110817.941952507,5.87169302932529,TRUE,NA
"Beta left-high",1,401123,76,333,105000,101494,5184,0.0360930449287782,333,306,105000,114264.705882353,8.45540865278229,TRUE,NA
"Beta left-high",1,401123,76,800,105000,101494,5184,0.0727465722079937,800,752,105000,111702.127659574,5.88064955883698,TRUE,NA
"Beta left-high",1,401123,77,333,105000,105089,5221,0.039338672040534,333,370,105000,94500,8.11426053010877,TRUE,NA
"Beta left-high",1,401123,77,800,105000,105089,5221,0.0778013542542807,800,929,105000,90419.8062432723,5.66113323826888,TRUE,NA
"Beta left-high",1,401123,78,333,105000,106054,5216,0.038401411514627,333,321,105000,108925.23364486,8.36461863437491,TRUE,NA
"Beta left-high",1,401123,78,800,105000,106054,5216,0.0743168065913223,800,778,105000,107969.151670951,5.84274227828355,TRUE,NA
"Beta left-high",1,401123,79,333,105000,105586,5218,0.0413217880997779,333,366,105000,95532.7868852459,8.13244128752484,TRUE,NA
"Beta left-high",1,401123,79,800,105000,105586,5218,0.075388920718227,800,846,105000,99290.780141844,5.75365082905551,TRUE,NA
"Beta left-high",1,401123,80,333,105000,108929,5329,0.0391666457636503,333,373,105000,93739.946380697,8.1008547942785,TRUE,NA
"Beta left-high",1,401123,80,800,105000,108929,5329,0.0740689807261972,800,835,105000,100598.80239521,5.76716696460365,TRUE,NA
"Beta left-high",1,401123,81,333,105000,103713,5248,0.0388917219954916,333,312,105000,112067.307692308,8.41816363435257,TRUE,NA
"Beta left-high",1,401123,81,800,105000,103713,5248,0.0737993553834578,800,787,105000,106734.434561626,5.83014984356145,TRUE,NA
"Beta left-high",1,401123,82,333,105000,109596,5291,0.0363497687949163,333,335,105000,104373.134328358,8.28643126998051,TRUE,NA
"Beta left-high",1,401123,82,800,105000,109596,5291,0.0732083228922937,800,857,105000,98016.3360560093,5.7404510562031,TRUE,NA
"Beta left-high",1,401123,83,333,105000,102991,5180,0.0375983417989689,333,307,105000,113892.508143322,8.44911159979167,TRUE,NA
"Beta left-high",1,401123,83,800,105000,102991,5180,0.0730510123236093,800,765,105000,109803.921568627,5.86140446635963,TRUE,NA
"Beta left-high",1,401123,84,333,105000,105910,5266,0.0354904872660829,333,314,105000,111353.503184713,8.40602942425351,TRUE,NA
"Beta left-high",1,401123,84,800,105000,105910,5266,0.0716554452281942,800,766,105000,109660.574412533,5.85994856467446,TRUE,NA
"Beta left-high",1,401123,85,333,105000,107496,5211,0.0401547160488846,333,367,105000,95272.4795640327,8.12786277730646,TRUE,NA
"Beta left-high",1,401123,85,800,105000,107496,5211,0.075361207928593,800,844,105000,99526.0663507109,5.75608444392988,TRUE,NA
"Beta left-high",1,401123,86,333,105000,105654,5216,0.0370412038926097,333,314,105000,111353.503184713,8.40602942425351,TRUE,NA
"Beta left-high",1,401123,86,800,105000,105654,5216,0.0714566682257711,800,753,105000,111553.784860558,5.87914784444343,TRUE,NA
"Beta left-high",1,401123,87,333,105000,107989,5297,0.0389304406636374,333,311,105000,112427.652733119,8.4242826258066,TRUE,NA
"Beta left-high",1,401123,87,800,105000,107989,5297,0.0731382203830862,800,755,105000,111258.278145695,5.87615520608559,TRUE,NA
"Beta left-high",1,401123,88,333,105000,108234,5231,0.0401724318714059,333,346,105000,101054.913294798,8.22896901364322,TRUE,NA
"Beta left-high",1,401123,88,800,105000,108234,5231,0.0771160591625879,800,848,105000,99056.6037735849,5.75122767099449,TRUE,NA
"Beta left-high",1,401123,89,333,105000,100176,5245,0.0395663012235473,333,320,105000,109265.625,8.37043588610856,TRUE,NA
"Beta left-high",1,401123,89,800,105000,100176,5245,0.0787351850930321,800,823,105000,102065.613608748,5.78228632810412,TRUE,NA
"Beta left-high",1,401123,90,333,105000,107900,5209,0.0389956797902339,333,344,105000,101642.441860465,8.2391725534373,TRUE,NA
"Beta left-high",1,401123,90,800,105000,107900,5209,0.0720856465601374,800,786,105000,106870.229007634,5.83153609299099,TRUE,NA
"Beta left-high",1,401123,91,333,105000,104694,5154,0.0386172591591188,333,303,105000,115396.03960396,8.47452047336527,TRUE,NA
"Beta left-high",1,401123,91,800,105000,104694,5154,0.0737780953943525,800,762,105000,110236.220472441,5.86579291089248,TRUE,NA
"Beta left-high",1,401123,92,333,105000,105513,5260,0.0407441841445212,333,363,105000,96322.3140495868,8.14631243507424,TRUE,NA
"Beta left-high",1,401123,92,800,105000,105513,5260,0.0744839916177467,800,788,105000,106598.984771574,5.82876678409535,TRUE,NA
"Beta left-high",1,401123,93,333,105000,97061,5177,0.0405208690629803,333,338,105000,103446.74556213,8.2704289937114,TRUE,NA
"Beta left-high",1,401123,93,800,105000,97061,5177,0.0783453515432013,800,811,105000,103575.832305795,5.797811925227,TRUE,NA
"Beta left-high",1,401123,94,333,105000,105665,5311,0.0379432635104294,333,342,105000,102236.842105263,8.24948259015833,TRUE,NA
"Beta left-high",1,401123,94,800,105000,105665,5311,0.0740066525524364,800,819,105000,102564.102564103,5.7874155806747,TRUE,NA
"Beta left-high",1,401123,95,333,105000,107288,5350,0.0386449365303452,333,316,105000,110648.734177215,8.39403160249634,TRUE,NA
"Beta left-high",1,401123,95,800,105000,107288,5350,0.0724240701491622,800,783,105000,107279.69348659,5.83571409299333,TRUE,NA
"Beta left-high",1,401123,96,333,105000,106833,5277,0.0412518921634823,333,373,105000,93739.946380697,8.1008547942785,TRUE,NA
"Beta left-high",1,401123,96,800,105000,106833,5277,0.0717373647316717,800,802,105000,104738.154613466,5.80973276696946,TRUE,NA
"Beta left-high",1,401123,97,333,105000,103700,5207,0.0385201138289714,333,318,105000,109952.830188679,8.38216784632455,TRUE,NA
"Beta left-high",1,401123,97,800,105000,103700,5207,0.0728387539766252,800,775,105000,108387.096774194,5.846998606112,TRUE,NA
"Beta left-high",1,401123,98,333,105000,102744,5219,0.0387827165497239,333,336,105000,104062.5,8.28106887336163,TRUE,NA
"Beta left-high",1,401123,98,800,105000,102744,5219,0.0741485429006249,800,777,105000,108108.108108108,5.84415774628277,TRUE,NA
"Beta left-high",1,401123,99,333,105000,105172,5238,0.041067675672974,333,344,105000,101642.441860465,8.2391725534373,TRUE,NA
"Beta left-high",1,401123,99,800,105000,105172,5238,0.0777074640127333,800,852,105000,98591.5492957746,5.746412454332,TRUE,NA
"Beta left-high",1,401123,100,333,105000,106062,5235,0.0375878323588346,333,294,105000,118928.571428571,8.53392069131363,TRUE,NA
"Beta left-high",1,401123,100,800,105000,106062,5235,0.0752093955804031,800,830,105000,101204.819277108,5.77341836908676,TRUE,NA
"Beta left-high",1,401123,101,333,105000,103772,5256,0.0374846821263361,333,308,105000,113522.727272727,8.4428507857824,TRUE,NA
"Beta left-high",1,401123,101,800,105000,103772,5256,0.0731194314270947,800,769,105000,109232.769830949,5.85560142630756,TRUE,NA
"Beta left-high",1,401123,102,333,105000,106141,5265,0.0382791647713174,333,355,105000,98492.9577464789,8.18432715670391,TRUE,NA
"Beta left-high",1,401123,102,800,105000,106141,5265,0.0744584363235819,800,839,105000,100119.189511323,5.7622146806349,TRUE,NA
"Beta left-high",1,401123,103,333,105000,101989,5219,0.0370078014760822,333,288,105000,121406.25,8.57533784440452,TRUE,NA
"Beta left-high",1,401123,103,800,105000,101989,5219,0.0695480434017159,800,666,105000,126126.126126126,6.02488024017399,TRUE,NA
"Beta left-high",1,401123,104,333,105000,100503,5381,0.037644031507289,333,308,105000,113522.727272727,8.4428507857824,TRUE,NA
"Beta left-high",1,401123,104,800,105000,100503,5381,0.0709373511493964,800,725,105000,115862.068965517,5.92260671847286,TRUE,NA
"Beta left-high",1,401123,105,333,105000,107665,5250,0.0391202694581297,333,328,105000,106600.609756098,8.3247823876365,TRUE,NA
"Beta left-high",1,401123,105,800,105000,107665,5250,0.0732682212864177,800,770,105000,109090.909090909,5.8541591950029,TRUE,NA
"Beta left-high",1,401123,106,333,105000,108519,5229,0.0407804803976239,333,361,105000,96855.9556786704,8.15567458573384,TRUE,NA
"Beta left-high",1,401123,106,800,105000,108519,5229,0.0767897362089226,800,833,105000,100840.336134454,5.76965933259429,TRUE,NA
"Beta left-high",1,401123,107,333,105000,106155,5338,0.0400206787237383,333,374,105000,93489.3048128342,8.09642914116418,TRUE,NA
"Beta left-high",1,401123,107,800,105000,106155,5338,0.074441250706579,800,830,105000,101204.819277108,5.77341836908676,TRUE,NA
"Beta left-high",1,401123,108,333,105000,112546,5222,0.0379966096828102,333,345,105000,101347.826086957,8.23405757630045,TRUE,NA
"Beta left-high",1,401123,108,800,105000,112546,5222,0.0727414781154666,800,838,105000,100238.663484487,5.7634487173712,TRUE,NA
"Beta left-high",1,401123,109,333,105000,107581,5323,0.038508534205063,333,298,105000,117332.214765101,8.50712900474184,TRUE,NA
"Beta left-high",1,401123,109,800,105000,107581,5323,0.0713299237831427,800,719,105000,116828.92906815,5.9323159672147,TRUE,NA
"Beta left-high",1,401123,110,333,105000,111541,5225,0.0394077921027294,333,344,105000,101642.441860465,8.2391725534373,TRUE,NA
"Beta left-high",1,401123,110,800,105000,111541,5225,0.0744712349801446,800,822,105000,102189.781021898,5.78356438669775,TRUE,NA
"Beta left-high",1,401123,111,333,105000,101620,5305,0.0392930064158532,333,327,105000,106926.605504587,8.33038034418632,TRUE,NA
"Beta left-high",1,401123,111,800,105000,101620,5305,0.0733037150892685,800,756,105000,111111.111111111,5.87466425601815,TRUE,NA
"Beta left-high",1,401123,112,333,105000,99144,5194,0.0393792289825257,333,314,105000,111353.503184713,8.40602942425351,TRUE,NA
"Beta left-high",1,401123,112,800,105000,99144,5194,0.0753622355282442,800,781,105000,107554.417413572,5.83851558228319,TRUE,NA
"Beta left-high",1,401123,113,333,105000,101776,5307,0.0370453816142649,333,310,105000,112790.322580645,8.43043661025828,TRUE,NA
"Beta left-high",1,401123,113,800,105000,101776,5307,0.0713013828131981,800,748,105000,112299.465240642,5.88669269205071,TRUE,NA
"Beta left-high",1,401123,114,333,105000,102500,5212,0.0371928052100879,333,298,105000,117332.214765101,8.50712900474184,TRUE,NA
"Beta left-high",1,401123,114,800,105000,102500,5212,0.0713390713056614,800,738,105000,113821.138211382,5.90205916564541,TRUE,NA
"Beta left-high",1,401123,115,333,105000,102899,5212,0.0394141097168069,333,358,105000,97667.5977653631,8.16989337857654,TRUE,NA
"Beta left-high",1,401123,115,800,105000,102899,5212,0.0748120481406939,800,847,105000,99173.5537190083,5.75243794718058,TRUE,NA
"Beta left-high",1,401123,116,333,105000,105498,5223,0.0359017126062812,333,307,105000,113892.508143322,8.44911159979167,TRUE,NA
"Beta left-high",1,401123,116,800,105000,105498,5223,0.0729558920357265,800,782,105000,107416.879795396,5.83711321447428,TRUE,NA
"Beta left-high",1,401123,117,333,105000,104724,5313,0.0391979233834126,333,329,105000,106276.595744681,8.31921472866097,TRUE,NA
"Beta left-high",1,401123,117,800,105000,104724,5313,0.0717646811623808,800,763,105000,110091.743119266,5.86432662703697,TRUE,NA
"Beta left-high",1,401123,118,333,105000,107276,5304,0.0359639383751987,333,308,105000,113522.727272727,8.4428507857824,TRUE,NA
"Beta left-high",1,401123,118,800,105000,107276,5304,0.0712196542413203,800,816,105000,102941.176470588,5.7912925029054,TRUE,NA
"Beta left-high",1,401123,119,333,105000,103391,5155,0.0407252724373267,333,369,105000,94756.0975609756,8.11877256278091,TRUE,NA
"Beta left-high",1,401123,119,800,105000,103391,5155,0.0776716201706492,800,886,105000,94808.1264108352,5.70708757677676,TRUE,NA
"Beta left-high",1,401123,120,333,105000,109657,5094,0.0399125777912362,333,345,105000,101347.826086957,8.23405757630045,TRUE,NA
"Beta left-high",1,401123,120,800,105000,109657,5094,0.0736551653978503,800,778,105000,107969.151670951,5.84274227828355,TRUE,NA
"Beta left-high",1,401123,121,333,105000,104026,5296,0.0393492819207075,333,324,105000,107916.666666667,8.34735853155465,TRUE,NA
"Beta left-high",1,401123,121,800,105000,104026,5296,0.0751533803045327,800,773,105000,108667.529107374,5.8498527760487,TRUE,NA
"Beta left-high",1,401123,122,333,105000,103315,5186,0.038639211454478,333,327,105000,106926.605504587,8.33038034418632,TRUE,NA
"Beta left-high",1,401123,122,800,105000,103315,5186,0.0740630771082936,800,773,105000,108667.529107374,5.8498527760487,TRUE,NA
"Beta left-high",1,401123,123,333,105000,107619,5214,0.0392785502552741,333,345,105000,101347.826086957,8.23405757630045,TRUE,NA
"Beta left-high",1,401123,123,800,105000,107619,5214,0.0742838066080119,800,841,105000,99881.0939357907,5.75975462275534,TRUE,NA
"Beta left-high",1,401123,124,333,105000,101214,5311,0.0381878036389109,333,328,105000,106600.609756098,8.3247823876365,TRUE,NA
"Beta left-high",1,401123,124,800,105000,101214,5311,0.0719327369980589,800,750,105000,112000,5.88366384379303,TRUE,NA
"Beta left-high",1,401123,125,333,105000,108283,5222,0.036856482305754,333,293,105000,119334.470989761,8.54071951045218,TRUE,NA
"Beta left-high",1,401123,125,800,105000,108283,5222,0.0682020824564715,800,706,105000,118980.169971671,5.95386201069797,TRUE,NA
"Beta left-high",1,401123,126,333,105000,102010,5265,0.0358956322903736,333,309,105000,113155.339805825,8.43662589370772,TRUE,NA
"Beta left-high",1,401123,126,800,105000,102010,5265,0.0706753810395935,800,767,105000,109517.601043025,5.85849609894922,TRUE,NA
"Beta left-high",1,401123,127,333,105000,103176,5177,0.0427544574430322,333,349,105000,100186.246418338,8.21385975363555,TRUE,NA
"Beta left-high",1,401123,127,800,105000,103176,5177,0.0787485615203792,800,834,105000,100719.424460432,5.7684117889836,TRUE,NA
"Beta left-high",1,401123,128,333,105000,100605,5385,0.0393561364933537,333,333,105000,105000,8.29724212937552,TRUE,NA
"Beta left-high",1,401123,128,800,105000,100605,5385,0.0714280352181641,800,753,105000,111553.784860558,5.87914784444343,TRUE,NA
"Beta left-high",1,401123,129,333,105000,105058,5312,0.0369174942927047,333,332,105000,105316.265060241,8.30269106080462,TRUE,NA
"Beta left-high",1,401123,129,800,105000,105058,5312,0.0708527979967576,800,777,105000,108108.108108108,5.84415774628277,TRUE,NA
"Beta left-high",1,401123,130,333,105000,110429,5237,0.0371106852332367,333,307,105000,113892.508143322,8.44911159979167,TRUE,NA
"Beta left-high",1,401123,130,800,105000,110429,5237,0.0732534684111783,800,787,105000,106734.434561626,5.83014984356145,TRUE,NA
"Beta left-high",1,401123,131,333,105000,107450,5080,0.0396667397608391,333,353,105000,99050.9915014164,8.19407156555708,TRUE,NA
"Beta left-high",1,401123,131,800,105000,107450,5080,0.0756721667099266,800,884,105000,95022.6244343891,5.70932431098411,TRUE,NA
"Beta left-high",1,401123,132,333,105000,105220,5170,0.0379274594911193,333,314,105000,111353.503184713,8.40602942425351,TRUE,NA
"Beta left-high",1,401123,132,800,105000,105220,5170,0.0747498992386719,800,780,105000,107692.307692308,5.83992120785348,TRUE,NA
"Beta left-high",1,401123,133,333,105000,103903,5333,0.038499921637386,333,342,105000,102236.842105263,8.24948259015833,TRUE,NA
"Beta left-high",1,401123,133,800,105000,103903,5333,0.0732926600513077,800,795,105000,105660.377358491,5.8191737597038,TRUE,NA
"Beta left-high",1,401123,134,333,105000,108083,5283,0.0419852407325009,333,355,105000,98492.9577464789,8.18432715670391,TRUE,NA
"Beta left-high",1,401123,134,800,105000,108083,5283,0.0769684646904832,800,836,105000,100478.468899522,5.76592485048689,TRUE,NA
"Beta left-high",1,401123,135,333,105000,105796,5255,0.0375603995428448,333,297,105000,117727.272727273,8.51376712116838,TRUE,NA
"Beta left-high",1,401123,135,800,105000,105796,5255,0.0730230821924545,800,764,105000,109947.643979058,5.86286381634659,TRUE,NA
"Beta left-high",1,401123,136,333,105000,102937,5387,0.038808064239506,333,301,105000,116162.790697674,8.4874488679214,TRUE,NA
"Beta left-high",1,401123,136,800,105000,102937,5387,0.0724736428063411,800,725,105000,115862.068965517,5.92260671847286,TRUE,NA
"Beta left-high",1,401123,137,333,105000,109827,5165,0.0395984637422549,333,328,105000,106600.609756098,8.3247823876365,TRUE,NA
"Beta left-high",1,401123,137,800,105000,109827,5165,0.0715931573687803,800,767,105000,109517.601043025,5.85849609894922,TRUE,NA
"Beta left-high",1,401123,138,333,105000,100884,5205,0.0380138065342624,333,307,105000,113892.508143322,8.44911159979167,TRUE,NA
"Beta left-high",1,401123,138,800,105000,100884,5205,0.0714709663066115,800,740,105000,113513.513513514,5.89895587429992,TRUE,NA
"Beta left-high",1,401123,139,333,105000,103025,5231,0.0370047238479699,333,292,105000,119743.150684932,8.54755943330725,TRUE,NA
"Beta left-high",1,401123,139,800,105000,103025,5231,0.0740082661049705,800,777,105000,108108.108108108,5.84415774628277,TRUE,NA
"Beta left-high",1,401123,140,333,105000,103295,5265,0.0376552977811621,333,319,105000,109608.150470219,8.37628553154077,TRUE,NA
"Beta left-high",1,401123,140,800,105000,103295,5265,0.0751814088372603,800,800,105000,105000,5.81241489343492,TRUE,NA
"Beta left-high",1,401123,141,333,105000,108745,5230,0.040950833191317,333,345,105000,101347.826086957,8.23405757630045,TRUE,NA
"Beta left-high",1,401123,141,800,105000,108745,5230,0.0739896612408659,800,800,105000,105000,5.81241489343492,TRUE,NA
"Beta left-high",1,401123,142,333,105000,103920,5330,0.037866896523278,333,322,105000,108586.956521739,8.3588335038193,TRUE,NA
"Beta left-high",1,401123,142,800,105000,103920,5330,0.0702013714647016,800,764,105000,109947.643979058,5.86286381634659,TRUE,NA
"Beta left-high",1,401123,143,333,105000,111470,5328,0.040246346855431,333,372,105000,93991.935483871,8.1053018052113,TRUE,NA
"Beta left-high",1,401123,143,800,105000,111470,5328,0.0749825671885192,800,856,105000,98130.8411214953,5.74163825785622,TRUE,NA
"Beta left-high",1,401123,144,333,105000,104892,5225,0.0425949494560429,333,386,105000,90582.9015544041,8.04493211125796,TRUE,NA
"Beta left-high",1,401123,144,800,105000,104892,5225,0.0747949982042728,800,812,105000,103448.275862069,5.79650220645042,TRUE,NA
"Beta left-high",1,401123,145,333,105000,108477,5195,0.0391912601777642,333,377,105000,92745.3580901857,8.08327878168544,TRUE,NA
"Beta left-high",1,401123,145,800,105000,108477,5195,0.0728188753969325,800,881,105000,95346.1975028377,5.71269679673102,TRUE,NA
"Beta left-high",1,401123,146,333,105000,104052,5103,0.038783924622223,333,347,105000,100763.688760807,8.2239066584859,TRUE,NA
"Beta left-high",1,401123,146,800,105000,104052,5103,0.07210826739226,800,779,105000,107830.55198973,5.84133010267284,TRUE,NA
"Beta left-high",1,401123,147,333,105000,105331,5245,0.0375432839160453,333,320,105000,109265.625,8.37043588610856,TRUE,NA
"Beta left-high",1,401123,147,800,105000,105331,5245,0.0703256438812709,800,722,105000,116343.490304709,5.92744315922889,TRUE,NA
"Beta left-high",1,401123,148,333,105000,107679,5190,0.0403103565197233,333,352,105000,99332.3863636364,8.19898090207222,TRUE,NA
"Beta left-high",1,401123,148,800,105000,107679,5190,0.0747389598757075,800,808,105000,103960.396039604,5.80175874344896,TRUE,NA
"Beta left-high",1,401123,149,333,105000,107290,5264,0.0392579073346389,333,321,105000,108925.23364486,8.36461863437491,TRUE,NA
"Beta left-high",1,401123,149,800,105000,107290,5264,0.0750909835861375,800,799,105000,105131.414267835,5.81376052560807,TRUE,NA
"Beta left-high",1,401123,150,333,105000,101757,5136,0.0394076327107738,333,334,105000,104685.628742515,8.29182227763796,TRUE,NA
"Beta left-high",1,401123,150,800,105000,101757,5136,0.0784449857912258,800,844,105000,99526.0663507109,5.75608444392988,TRUE,NA
"Beta left-high",1,401123,151,333,105000,103792,5128,0.0373027359931139,333,308,105000,113522.727272727,8.4428507857824,TRUE,NA
"Beta left-high",1,401123,151,800,105000,103792,5128,0.0749903743594687,800,822,105000,102189.781021898,5.78356438669775,TRUE,NA
"Beta left-high",1,401123,152,333,105000,101536,5277,0.0373379251783973,333,291,105000,120154.639175258,8.55444084039623,TRUE,NA
"Beta left-high",1,401123,152,800,105000,101536,5277,0.073401916943208,800,768,105000,109375,5.8570470569014,TRUE,NA
"Beta left-high",1,401123,153,333,105000,103067,5111,0.0387573384562665,333,362,105000,96588.3977900552,8.15098192340771,TRUE,NA
"Beta left-high",1,401123,153,800,105000,103067,5111,0.0751477643541855,800,846,105000,99290.780141844,5.75365082905551,TRUE,NA
"Beta left-high",1,401123,154,333,105000,112103,5163,0.0383461413772651,333,325,105000,107584.615384615,8.34166816006756,TRUE,NA
"Beta left-high",1,401123,154,800,105000,112103,5163,0.0742199625528981,800,851,105000,98707.4030552291,5.74761239207401,TRUE,NA
"Beta left-high",1,401123,155,333,105000,101512,5209,0.0402968396615944,333,350,105000,99900,8.20887480078011,TRUE,NA
"Beta left-high",1,401123,155,800,105000,101512,5209,0.0765477628659093,800,800,105000,105000,5.81241489343492,TRUE,NA
"Beta left-high",1,401123,156,333,105000,107994,5166,0.0368323482284443,333,317,105000,110299.684542587,8.38808310929113,TRUE,NA
"Beta left-high",1,401123,156,800,105000,107994,5166,0.0723834589910454,800,816,105000,102941.176470588,5.7912925029054,TRUE,NA
"Beta left-high",1,401123,157,333,105000,109464,5179,0.0385308150822256,333,318,105000,109952.830188679,8.38216784632455,TRUE,NA
"Beta left-high",1,401123,157,800,105000,109464,5179,0.0753936318999791,800,837,105000,100358.422939068,5.76468543770552,TRUE,NA
"Beta left-high",1,401123,158,333,105000,105582,5258,0.0426428922382186,333,390,105000,89653.8461538462,8.02840099674149,TRUE,NA
"Beta left-high",1,401123,158,800,105000,105582,5258,0.0782579915648,800,891,105000,94276.0942760943,5.70153588518935,TRUE,NA
"Beta left-high",1,401123,159,333,105000,106055,5350,0.0377362179387871,333,315,105000,111000,8.40001361126789,TRUE,NA
"Beta left-high",1,401123,159,800,105000,106055,5350,0.0722657643752849,800,759,105000,110671.936758893,5.87021272697668,TRUE,NA
"Beta left-high",1,401123,160,333,105000,104827,5220,0.0387479571830698,333,345,105000,101347.826086957,8.23405757630045,TRUE,NA
"Beta left-high",1,401123,160,800,105000,104827,5220,0.0744501961380046,800,792,105000,106060.606060606,5.82326622435268,TRUE,NA
"Beta left-high",1,401123,161,333,105000,108345,5209,0.0424968695635414,333,395,105000,88518.9873417722,8.00816162547039,TRUE,NA
"Beta left-high",1,401123,161,800,105000,108345,5209,0.0752798825461711,800,882,105000,95238.0952380952,5.71157030720534,TRUE,NA
"Beta left-high",1,401123,162,333,105000,103397,5190,0.0377264890464166,333,362,105000,96588.3977900552,8.15098192340771,TRUE,NA
"Beta left-high",1,401123,162,800,105000,103397,5190,0.0744110407024368,800,864,105000,97222.2222222222,5.73221082720255,TRUE,NA
"Beta left-high",1,401123,163,333,105000,105048,5319,0.0387556124251244,333,333,105000,105000,8.29724212937552,TRUE,NA
"Beta left-high",1,401123,163,800,105000,105048,5319,0.0717596227186443,800,745,105000,112751.677852349,5.89126350500216,TRUE,NA
"Beta left-high",1,401123,164,333,105000,107791,5286,0.0372943377951083,333,298,105000,117332.214765101,8.50712900474184,TRUE,NA
"Beta left-high",1,401123,164,800,105000,107791,5286,0.0723752847383072,800,797,105000,105395.232120452,5.81646098038446,TRUE,NA
"Beta left-high",1,401123,165,333,105000,104996,5246,0.0379174786307695,333,283,105000,123551.236749117,8.61103280503509,TRUE,NA
"Beta left-high",1,401123,165,800,105000,104996,5246,0.0723684979546988,800,706,105000,118980.169971671,5.95386201069797,TRUE,NA
"Beta left-high",1,401123,166,333,105000,105750,5312,0.038707266198862,333,353,105000,99050.9915014164,8.19407156555708,TRUE,NA
"Beta left-high",1,401123,166,800,105000,105750,5312,0.0731284309276965,800,842,105000,99762.4703087886,5.75852858410845,TRUE,NA
"Beta left-high",1,401123,167,333,105000,106758,5272,0.0421123337790066,333,341,105000,102536.656891496,8.25467807488184,TRUE,NA
"Beta left-high",1,401123,167,800,105000,106758,5272,0.0744141473289113,800,807,105000,104089.219330855,5.80308027027782,TRUE,NA
"Beta left-high",1,401123,168,333,105000,104683,5214,0.0374704756218537,333,306,105000,114264.705882353,8.45540865278229,TRUE,NA
"Beta left-high",1,401123,168,800,105000,104683,5214,0.0708958909735179,800,786,105000,106870.229007634,5.83153609299099,TRUE,NA
"Beta left-high",1,401123,169,333,105000,102746,5388,0.0403061230966676,333,331,105000,105634.441087613,8.30816931014239,TRUE,NA
"Beta left-high",1,401123,169,800,105000,102746,5388,0.0734870244734961,800,781,105000,107554.417413572,5.83851558228319,TRUE,NA
"Beta left-high",1,401123,170,333,105000,110222,5272,0.0399601974115799,333,349,105000,100186.246418338,8.21385975363555,TRUE,NA
"Beta left-high",1,401123,170,800,105000,110222,5272,0.0741704155808326,800,801,105000,104868.913857678,5.81107231070914,TRUE,NA
"Beta left-high",1,401123,171,333,105000,108225,5174,0.0392580124081225,333,369,105000,94756.0975609756,8.11877256278091,TRUE,NA
"Beta left-high",1,401123,171,800,105000,108225,5174,0.0739100164448599,800,832,105000,100961.538461538,5.7709096044432,TRUE,NA
"Beta left-high",1,401123,172,333,105000,104341,5176,0.0381581735274774,333,351,105000,99615.3846153846,8.20391524904314,TRUE,NA
"Beta left-high",1,401123,172,800,105000,104341,5176,0.0764191541830867,800,853,105000,98475.9671746776,5.74521508030647,TRUE,NA
"Beta left-high",1,401123,173,333,105000,104560,5236,0.0396612994390792,333,341,105000,102536.656891496,8.25467807488184,TRUE,NA
"Beta left-high",1,401123,173,800,105000,104560,5236,0.0768400963638814,800,843,105000,99644.128113879,5.75730519405192,TRUE,NA
"Beta left-high",1,401123,174,333,105000,100667,5321,0.0383909646102758,333,298,105000,117332.214765101,8.50712900474184,TRUE,NA
"Beta left-high",1,401123,174,800,105000,100667,5321,0.0715354504975297,800,737,105000,113975.576662144,5.90361651232798,TRUE,NA
"Beta left-high",1,401123,175,333,105000,101675,5271,0.0388722697681435,333,316,105000,110648.734177215,8.39403160249634,TRUE,NA
"Beta left-high",1,401123,175,800,105000,101675,5271,0.0707971043998328,800,682,105000,123167.15542522,5.99557532616049,TRUE,NA
"Beta left-high",1,401123,176,333,105000,105814,5256,0.0399051490834969,333,320,105000,109265.625,8.37043588610856,TRUE,NA
"Beta left-high",1,401123,176,800,105000,105814,5256,0.0745071049353763,800,804,105000,104477.611940299,5.80706275484411,TRUE,NA
"Beta left-high",1,401123,177,333,105000,109842,5267,0.0409031925274932,333,355,105000,98492.9577464789,8.18432715670391,TRUE,NA
"Beta left-high",1,401123,177,800,105000,109842,5267,0.0738059094088336,800,812,105000,103448.275862069,5.79650220645042,TRUE,NA
"Beta left-high",1,401123,178,333,105000,103743,5282,0.0403790914167303,333,296,105000,118125,8.52044486557115,TRUE,NA
"Beta left-high",1,401123,178,800,105000,103743,5282,0.0733786197715664,800,721,105000,116504.854368932,5.92906336730642,TRUE,NA
"Beta left-high",1,401123,179,333,105000,100725,5239,0.0383073830519304,333,284,105000,123116.197183099,8.60380523542275,TRUE,NA
"Beta left-high",1,401123,179,800,105000,100725,5239,0.073936103703891,800,720,105000,116666.666666667,5.93068763149038,TRUE,NA
"Beta left-high",1,401123,180,333,105000,103983,5183,0.0403026447335075,333,338,105000,103446.74556213,8.2704289937114,TRUE,NA
"Beta left-high",1,401123,180,800,105000,103983,5183,0.0760369637679942,800,781,105000,107554.417413572,5.83851558228319,TRUE,NA
"Beta left-high",1,401123,181,333,105000,108100,5138,0.040745973189163,333,366,105000,95532.7868852459,8.13244128752484,TRUE,NA
"Beta left-high",1,401123,181,800,105000,108100,5138,0.0743759296561994,800,843,105000,99644.128113879,5.75730519405192,TRUE,NA
"Beta left-high",1,401123,182,333,105000,106250,5131,0.0433725884919364,333,349,105000,100186.246418338,8.21385975363555,TRUE,NA
"Beta left-high",1,401123,182,800,105000,106250,5131,0.0794601138204327,800,836,105000,100478.468899522,5.76592485048689,TRUE,NA
"Beta left-high",1,401123,183,333,105000,107743,5198,0.0409268017057805,333,337,105000,103753.709198813,8.27573485727431,TRUE,NA
"Beta left-high",1,401123,183,800,105000,107743,5198,0.0782295511487061,800,836,105000,100478.468899522,5.76592485048689,TRUE,NA
"Beta left-high",1,401123,184,333,105000,101530,5257,0.0399873546711325,333,331,105000,105634.441087613,8.30816931014239,TRUE,NA
"Beta left-high",1,401123,184,800,105000,101530,5257,0.0774478590150354,800,788,105000,106598.984771574,5.82876678409535,TRUE,NA
"Beta left-high",1,401123,185,333,105000,105301,5197,0.042474774811425,333,384,105000,91054.6875,8.0533138266257,TRUE,NA
"Beta left-high",1,401123,185,800,105000,105301,5197,0.0765891920151646,800,874,105000,96109.8398169336,5.7206480831002,TRUE,NA
"Beta left-high",1,401123,186,333,105000,102801,5270,0.0366836678265857,333,316,105000,110648.734177215,8.39403160249634,TRUE,NA
"Beta left-high",1,401123,186,800,105000,102801,5270,0.0704033202308238,800,783,105000,107279.69348659,5.83571409299333,TRUE,NA
"Beta left-high",1,401123,187,333,105000,104603,5262,0.0381217020130039,333,306,105000,114264.705882353,8.45540865278229,TRUE,NA
"Beta left-high",1,401123,187,800,105000,104603,5262,0.0734839194545908,800,757,105000,110964.332892999,5.87317686806237,TRUE,NA
"Beta left-high",1,401123,188,333,105000,110869,5273,0.0402823878919888,333,360,105000,97125,8.1603905973447,TRUE,NA
"Beta left-high",1,401123,188,800,105000,110869,5273,0.0740376760479724,800,816,105000,102941.176470588,5.7912925029054,TRUE,NA
"Beta left-high",1,401123,189,333,105000,105368,5201,0.0382536024818344,333,316,105000,110648.734177215,8.39403160249634,TRUE,NA
"Beta left-high",1,401123,189,800,105000,105368,5201,0.071935467033425,800,778,105000,107969.151670951,5.84274227828355,TRUE,NA
"Beta left-high",1,401123,190,333,105000,105224,5258,0.0397077098655151,333,323,105000,108250.773993808,8.35308022500895,TRUE,NA
"Beta left-high",1,401123,190,800,105000,105224,5258,0.0760791920260828,800,814,105000,103194.103194103,5.79389154009948,TRUE,NA
"Beta left-high",1,401123,191,333,105000,103374,5260,0.0424235972741179,333,384,105000,91054.6875,8.0533138266257,TRUE,NA
"Beta left-high",1,401123,191,800,105000,103374,5260,0.0770610853287837,800,869,105000,96662.830840046,5.72639910898064,TRUE,NA
"Beta left-high",1,401123,192,333,105000,102796,5204,0.0383190883492926,333,290,105000,120568.965517241,8.56136411701685,TRUE,NA
"Beta left-high",1,401123,192,800,105000,102796,5204,0.0745411274582512,800,769,105000,109232.769830949,5.85560142630756,TRUE,NA
"Beta left-high",1,401123,193,333,105000,101976,5209,0.0396477266813489,333,315,105000,111000,8.40001361126789,TRUE,NA
"Beta left-high",1,401123,193,800,105000,101976,5209,0.0735678274576749,800,728,105000,115384.615384615,5.91780623455075,TRUE,NA
"Beta left-high",1,401123,194,333,105000,101876,5242,0.0404333975212339,333,351,105000,99615.3846153846,8.20391524904314,TRUE,NA
"Beta left-high",1,401123,194,800,105000,101876,5242,0.075106409368604,800,794,105000,105793.450881612,5.82053479774077,TRUE,NA
"Beta left-high",1,401123,195,333,105000,105090,5174,0.0372231738457425,333,321,105000,108925.23364486,8.36461863437491,TRUE,NA
"Beta left-high",1,401123,195,800,105000,105090,5174,0.0727385050909788,800,768,105000,109375,5.8570470569014,TRUE,NA
"Beta left-high",1,401123,196,333,105000,102495,5202,0.0392056983233291,333,306,105000,114264.705882353,8.45540865278229,TRUE,NA
"Beta left-high",1,401123,196,800,105000,102495,5202,0.0749773505145709,800,768,105000,109375,5.8570470569014,TRUE,NA
"Beta left-high",1,401123,197,333,105000,104400,5137,0.0415471778917392,333,389,105000,89884.3187660668,8.03250507609488,TRUE,NA
"Beta left-high",1,401123,197,800,105000,104400,5137,0.0771930216595006,800,866,105000,96997.6905311778,5.72987879490296,TRUE,NA
"Beta left-high",1,401123,198,333,105000,100285,5306,0.0377995952178366,333,322,105000,108586.956521739,8.3588335038193,TRUE,NA
"Beta left-high",1,401123,198,800,105000,100285,5306,0.0740009058590763,800,796,105000,105527.638190955,5.81781582415392,TRUE,NA
"Beta left-high",1,401123,199,333,105000,102043,5281,0.0373850840240545,333,325,105000,107584.615384615,8.34166816006756,TRUE,NA
"Beta left-high",1,401123,199,800,105000,102043,5281,0.0714675096786618,800,800,105000,105000,5.81241489343492,TRUE,NA
"Beta left-high",1,401123,200,333,105000,105268,5158,0.0401273815612888,333,332,105000,105316.265060241,8.30269106080462,TRUE,NA
"Beta left-high",1,401123,200,800,105000,105268,5158,0.077685915692253,800,847,105000,99173.5537190083,5.75243794718058,TRUE,NA
"Beta left-high",1,401123,201,333,105000,102958,5165,0.0395146191574624,333,315,105000,111000,8.40001361126789,TRUE,NA
"Beta left-high",1,401123,201,800,105000,102958,5165,0.0748908977580483,800,785,105000,107006.369426752,5.83292554355092,TRUE,NA
"Beta left-high",1,401123,202,333,105000,102670,5312,0.0398260197391108,333,328,105000,106600.609756098,8.3247823876365,TRUE,NA
"Beta left-high",1,401123,202,800,105000,102670,5312,0.0739407808769571,800,764,105000,109947.643979058,5.86286381634659,TRUE,NA
"Beta left-high",1,401123,203,333,105000,106982,5155,0.0407967916538221,333,355,105000,98492.9577464789,8.18432715670391,TRUE,NA
"Beta left-high",1,401123,203,800,105000,106982,5155,0.0746122173303533,800,806,105000,104218.362282878,5.8044047743281,TRUE,NA
"Beta left-high",1,401123,204,333,105000,103305,5197,0.0386709288911748,333,347,105000,100763.688760807,8.2239066584859,TRUE,NA
"Beta left-high",1,401123,204,800,105000,103305,5197,0.0729846668579797,800,796,105000,105527.638190955,5.81781582415392,TRUE,NA
"Beta left-high",1,401123,205,333,105000,107082,5236,0.0409652928753061,333,385,105000,90818.1818181818,8.04911317459756,TRUE,NA
"Beta left-high",1,401123,205,800,105000,107082,5236,0.0761835315862778,800,860,105000,97674.4186046512,5.73690455473753,TRUE,NA
"Beta left-high",1,401123,206,333,105000,103058,5344,0.0381527752684868,333,307,105000,113892.508143322,8.44911159979167,TRUE,NA
"Beta left-high",1,401123,206,800,105000,103058,5344,0.0716749972469277,800,706,105000,118980.169971671,5.95386201069797,TRUE,NA
"Beta left-high",1,401123,207,333,105000,109548,5336,0.0398197887990102,333,336,105000,104062.5,8.28106887336163,TRUE,NA
"Beta left-high",1,401123,207,800,105000,109548,5336,0.073657781681987,800,854,105000,98360.6557377049,5.7440202617122,TRUE,NA
"Beta left-high",1,401123,208,333,105000,103174,5032,0.0417699621886692,333,382,105000,91531.4136125654,8.06177445694546,TRUE,NA
"Beta left-high",1,401123,208,800,105000,103174,5032,0.0773303454580138,800,838,105000,100238.663484487,5.7634487173712,TRUE,NA
"Beta left-high",1,401123,209,333,105000,107604,5132,0.0388278828521596,333,354,105000,98771.186440678,8.18918704720289,TRUE,NA
"Beta left-high",1,401123,209,800,105000,107604,5132,0.0751148772220642,800,837,105000,100358.422939068,5.76468543770552,TRUE,NA
"Beta left-high",1,401123,210,333,105000,112794,5298,0.038672299652208,333,361,105000,96855.9556786704,8.15567458573384,TRUE,NA
"Beta left-high",1,401123,210,800,105000,112794,5298,0.0771106195001868,800,862,105000,97447.7958236659,5.73455272603452,TRUE,NA
"Beta left-high",1,401123,211,333,105000,106656,5208,0.0395150903443998,333,348,105000,100474.137931034,8.21887030603124,TRUE,NA
"Beta left-high",1,401123,211,800,105000,106656,5208,0.0771704403729721,800,876,105000,95890.4109589041,5.71836445214707,TRUE,NA
"Beta left-high",1,401123,212,333,105000,101985,5371,0.0385639839386664,333,306,105000,114264.705882353,8.45540865278229,TRUE,NA
"Beta left-high",1,401123,212,800,105000,101985,5371,0.0714836365897755,800,727,105000,115543.328748281,5.91940242573042,TRUE,NA
"Beta left-high",1,401123,213,333,105000,107157,5358,0.0380958296660456,333,295,105000,118525.423728814,8.52716260007981,TRUE,NA
"Beta left-high",1,401123,213,800,105000,107157,5358,0.0722912066620278,800,747,105000,112449.799196787,5.888212610817,TRUE,NA
"Beta left-high",1,401123,214,333,105000,106372,5190,0.0406950891340975,333,379,105000,92255.9366754617,8.07461585450728,TRUE,NA
"Beta left-high",1,401123,214,800,105000,106372,5190,0.0743696097207594,800,798,105000,105263.157894737,5.81510921773839,TRUE,NA
"Beta left-high",1,401123,215,333,105000,108287,5263,0.0415855318718987,333,376,105000,92992.0212765957,8.08764128805829,TRUE,NA
"Beta left-high",1,401123,215,800,105000,108287,5263,0.0760119331763756,800,855,105000,98245.6140350877,5.74282799029995,TRUE,NA
"Beta left-high",1,401123,216,333,105000,106267,5305,0.038934081523582,333,302,105000,115778.145695364,8.4809657294975,TRUE,NA
"Beta left-high",1,401123,216,800,105000,106267,5305,0.0741281414088502,800,798,105000,105263.157894737,5.81510921773839,TRUE,NA
"Beta left-high",1,401123,217,333,105000,104406,5375,0.0373133210358881,333,312,105000,112067.307692308,8.41816363435257,TRUE,NA
"Beta left-high",1,401123,217,800,105000,104406,5375,0.0694097058283128,800,734,105000,114441.416893733,5.90831152657499,TRUE,NA
"Beta left-high",1,401123,218,333,105000,108488,5271,0.0415672958409517,333,394,105000,88743.654822335,8.01217246340545,TRUE,NA
"Beta left-high",1,401123,218,800,105000,108488,5271,0.0768210312802058,800,902,105000,93126.3858093126,5.68952031321909,TRUE,NA
"Beta left-high",1,401123,219,333,105000,101721,5408,0.0390355771557198,333,304,105000,115016.447368421,8.46811276292181,TRUE,NA
"Beta left-high",1,401123,219,800,105000,101721,5408,0.0718752741404044,800,746,105000,112600.536193029,5.88973621062009,TRUE,NA
"Beta left-high",1,401123,220,333,105000,107010,5287,0.0393573853387405,333,343,105000,101938.775510204,8.24431415424542,TRUE,NA
"Beta left-high",1,401123,220,800,105000,107010,5287,0.0739374369930806,800,841,105000,99881.0939357907,5.75975462275534,TRUE,NA
"Beta left-high",1,401123,221,333,105000,106751,5264,0.0387408633922079,333,339,105000,103141.592920354,8.2651510571314,TRUE,NA
"Beta left-high",1,401123,221,800,105000,106751,5264,0.0732607367316902,800,841,105000,99881.0939357907,5.75975462275534,TRUE,NA
"Beta left-high",1,401123,222,333,105000,105912,5277,0.0381952434936782,333,336,105000,104062.5,8.28106887336163,TRUE,NA
"Beta left-high",1,401123,222,800,105000,105912,5277,0.074647281325444,800,836,105000,100478.468899522,5.76592485048689,TRUE,NA
"Beta left-high",1,401123,223,333,105000,112584,5176,0.0379268356327308,333,325,105000,107584.615384615,8.34166816006756,TRUE,NA
"Beta left-high",1,401123,223,800,105000,112584,5176,0.0725380876739691,800,819,105000,102564.102564103,5.7874155806747,TRUE,NA
"Beta left-high",1,401123,224,333,105000,107866,5169,0.0405780872722944,333,358,105000,97667.5977653631,8.16989337857654,TRUE,NA
"Beta left-high",1,401123,224,800,105000,107866,5169,0.0744899129610951,800,829,105000,101326.899879373,5.77467688009813,TRUE,NA
"Beta left-high",1,401123,225,333,105000,101423,5331,0.0384733628279688,333,302,105000,115778.145695364,8.4809657294975,TRUE,NA
"Beta left-high",1,401123,225,800,105000,101423,5331,0.0731359807564964,800,783,105000,107279.69348659,5.83571409299333,TRUE,NA
"Beta left-high",1,401123,226,333,105000,107697,5237,0.0379953249399074,333,309,105000,113155.339805825,8.43662589370772,TRUE,NA
"Beta left-high",1,401123,226,800,105000,107697,5237,0.0724580056614625,800,805,105000,104347.826086957,5.80573226577589,TRUE,NA
"Beta left-high",1,401123,227,333,105000,107210,5320,0.0391133496099296,333,347,105000,100763.688760807,8.2239066584859,TRUE,NA
"Beta left-high",1,401123,227,800,105000,107210,5320,0.0735323536814403,800,816,105000,102941.176470588,5.7912925029054,TRUE,NA
"Beta left-high",1,401123,228,333,105000,104326,5208,0.0379387242125162,333,363,105000,96322.3140495868,8.14631243507424,TRUE,NA
"Beta left-high",1,401123,228,800,105000,104326,5208,0.0734344352006433,800,834,105000,100719.424460432,5.7684117889836,TRUE,NA
"Beta left-high",1,401123,229,333,105000,107193,5169,0.0375186937601323,333,336,105000,104062.5,8.28106887336163,TRUE,NA
"Beta left-high",1,401123,229,800,105000,107193,5169,0.0724581249725372,800,796,105000,105527.638190955,5.81781582415392,TRUE,NA
"Beta left-high",1,401123,230,333,105000,101827,5245,0.0399721056368085,333,347,105000,100763.688760807,8.2239066584859,TRUE,NA
"Beta left-high",1,401123,230,800,105000,101827,5245,0.072859442351363,800,781,105000,107554.417413572,5.83851558228319,TRUE,NA
"Beta left-high",1,401123,231,333,105000,105769,5317,0.0380314602201605,333,327,105000,106926.605504587,8.33038034418632,TRUE,NA
"Beta left-high",1,401123,231,800,105000,105769,5317,0.0738429077159354,800,839,105000,100119.189511323,5.7622146806349,TRUE,NA
"Beta left-high",1,401123,232,333,105000,101446,5170,0.040190361099781,333,335,105000,104373.134328358,8.28643126998051,TRUE,NA
"Beta left-high",1,401123,232,800,105000,101446,5170,0.0746097776201367,800,790,105000,106329.113924051,5.82601019064722,TRUE,NA
"Beta left-high",1,401123,233,333,105000,109954,5210,0.03945694535706,333,318,105000,109952.830188679,8.38216784632455,TRUE,NA
"Beta left-high",1,401123,233,800,105000,109954,5210,0.0738323689476106,800,838,105000,100238.663484487,5.7634487173712,TRUE,NA
"Beta left-high",1,401123,234,333,105000,101756,5338,0.0394324777330589,333,350,105000,99900,8.20887480078011,TRUE,NA
"Beta left-high",1,401123,234,800,105000,101756,5338,0.0757189897618967,800,821,105000,102314.25091352,5.7848452753137,TRUE,NA
"Beta left-high",1,401123,235,333,105000,102994,5272,0.0382541945521577,333,294,105000,118928.571428571,8.53392069131363,TRUE,NA
"Beta left-high",1,401123,235,800,105000,102994,5272,0.0707721998265689,800,749,105000,112149.53271028,5.88517644084576,TRUE,NA
"Beta left-high",1,401123,236,333,105000,99193,5212,0.0395245321984669,333,299,105000,116939.799331104,8.50053015858222,TRUE,NA
"Beta left-high",1,401123,236,800,105000,99193,5212,0.0746377505065273,800,709,105000,118476.727785614,5.94882671195373,TRUE,NA
"Beta left-high",1,401123,237,333,105000,99437,5237,0.0402350329339048,333,311,105000,112427.652733119,8.4242826258066,TRUE,NA
"Beta left-high",1,401123,237,800,105000,99437,5237,0.073907627423178,800,762,105000,110236.220472441,5.86579291089248,TRUE,NA
"Beta left-high",1,401123,238,333,105000,106364,5332,0.0381672379674707,333,365,105000,95794.5205479452,8.13704228804463,TRUE,NA
"Beta left-high",1,401123,238,800,105000,106364,5332,0.0741810221935892,800,844,105000,99526.0663507109,5.75608444392988,TRUE,NA
"Beta left-high",1,401123,239,333,105000,111557,5254,0.0367302297430574,333,304,105000,115016.447368421,8.46811276292181,TRUE,NA
"Beta left-high",1,401123,239,800,105000,111557,5254,0.0726240423727706,800,788,105000,106598.984771574,5.82876678409535,TRUE,NA
"Beta left-high",1,401123,240,333,105000,104490,5292,0.0414253556134356,333,349,105000,100186.246418338,8.21385975363555,TRUE,NA
"Beta left-high",1,401123,240,800,105000,104490,5292,0.0773695118575151,800,856,105000,98130.8411214953,5.74163825785622,TRUE,NA
"Beta left-high",1,401123,241,333,105000,105084,5332,0.0398373665876062,333,337,105000,103753.709198813,8.27573485727431,TRUE,NA
"Beta left-high",1,401123,241,800,105000,105084,5332,0.0758012945106876,800,828,105000,101449.275362319,5.77593815578165,TRUE,NA
"Beta left-high",1,401123,242,333,105000,106978,5251,0.0378382987174279,333,282,105000,123989.361702128,8.61830550811791,TRUE,NA
"Beta left-high",1,401123,242,800,105000,106978,5251,0.0748583844499883,800,803,105000,104607.721046077,5.80839625180282,TRUE,NA
"Beta left-high",1,401123,243,333,105000,106546,5329,0.0418760552528004,333,392,105000,89196.4285714286,8.02024943534094,TRUE,NA
"Beta left-high",1,401123,243,800,105000,106546,5329,0.0744508207370214,800,842,105000,99762.4703087886,5.75852858410845,TRUE,NA
"Beta left-high",1,401123,244,333,105000,108124,5251,0.0424258318649297,333,395,105000,88518.9873417722,8.00816162547039,TRUE,NA
"Beta left-high",1,401123,244,800,105000,108124,5251,0.0757946350691892,800,834,105000,100719.424460432,5.7684117889836,TRUE,NA
"Beta left-high",1,401123,245,333,105000,103452,5208,0.0380734179971134,333,318,105000,109952.830188679,8.38216784632455,TRUE,NA
"Beta left-high",1,401123,245,800,105000,103452,5208,0.0737009873973988,800,765,105000,109803.921568627,5.86140446635963,TRUE,NA
"Beta left-high",1,401123,246,333,105000,103472,5271,0.0403452705998116,333,367,105000,95272.4795640327,8.12786277730646,TRUE,NA
"Beta left-high",1,401123,246,800,105000,103472,5271,0.0758038080982215,800,868,105000,96774.1935483871,5.727556566339,TRUE,NA
"Beta left-high",1,401123,247,333,105000,99037,5357,0.0370939949080531,333,303,105000,115396.03960396,8.47452047336527,TRUE,NA
"Beta left-high",1,401123,247,800,105000,99037,5357,0.0707983811592845,800,724,105000,116022.099447514,5.92421485005031,TRUE,NA
"Beta left-high",1,401123,248,333,105000,99625,5219,0.0413574014725935,333,326,105000,107254.601226994,8.33600885011652,TRUE,NA
"Beta left-high",1,401123,248,800,105000,99625,5219,0.07493346529165,800,731,105000,114911.080711354,5.91304130328036,TRUE,NA
"Beta left-high",1,401123,249,333,105000,103842,5236,0.0382260603042284,333,355,105000,98492.9577464789,8.18432715670391,TRUE,NA
"Beta left-high",1,401123,249,800,105000,103842,5236,0.0729987720887057,800,789,105000,106463.878326996,5.82738690347812,TRUE,NA
"Beta left-high",1,401123,250,333,105000,108146,5325,0.0374505041447432,333,315,105000,111000,8.40001361126789,TRUE,NA
"Beta left-high",1,401123,250,800,105000,108146,5325,0.0692208652633956,800,751,105000,111850.86551265,5.88215488754933,TRUE,NA
"Beta left-high",1,401123,251,333,105000,104959,5218,0.0403519944970382,333,322,105000,108586.956521739,8.3588335038193,TRUE,NA
"Beta left-high",1,401123,251,800,105000,104959,5218,0.0742973371282329,800,778,105000,107969.151670951,5.84274227828355,TRUE,NA
"Beta left-high",1,401123,252,333,105000,104944,5356,0.0385063745474787,333,316,105000,110648.734177215,8.39403160249634,TRUE,NA
"Beta left-high",1,401123,252,800,105000,104944,5356,0.0725907914747847,800,797,105000,105395.232120452,5.81646098038446,TRUE,NA
"Beta left-high",1,401123,253,333,105000,105877,5349,0.0386122723628461,333,328,105000,106600.609756098,8.3247823876365,TRUE,NA
"Beta left-high",1,401123,253,800,105000,105877,5349,0.0735331663653369,800,813,105000,103321.033210332,5.79519541470812,TRUE,NA
"Beta left-high",1,401123,254,333,105000,108909,5130,0.0385756121056067,333,341,105000,102536.656891496,8.25467807488184,TRUE,NA
"Beta left-high",1,401123,254,800,105000,108909,5130,0.072623934634009,800,804,105000,104477.611940299,5.80706275484411,TRUE,NA
"Beta left-high",1,401123,255,333,105000,107951,5373,0.0359598755978736,333,340,105000,102838.235294118,8.25990082442498,TRUE,NA
"Beta left-high",1,401123,255,800,105000,107951,5373,0.0702645091326523,800,797,105000,105395.232120452,5.81646098038446,TRUE,NA
"Beta left-high",1,401123,256,333,105000,103355,5308,0.0376998130211615,333,329,105000,106276.595744681,8.31921472866097,TRUE,NA
"Beta left-high",1,401123,256,800,105000,103355,5308,0.0731606576835868,800,782,105000,107416.879795396,5.83711321447428,TRUE,NA
"Beta left-high",1,401123,257,333,105000,103113,5187,0.0397733063115107,333,372,105000,93991.935483871,8.1053018052113,TRUE,NA
"Beta left-high",1,401123,257,800,105000,103113,5187,0.0753077146725412,800,829,105000,101326.899879373,5.77467688009813,TRUE,NA
"Beta left-high",1,401123,258,333,105000,99545,5199,0.0392212132862136,333,308,105000,113522.727272727,8.4428507857824,TRUE,NA
"Beta left-high",1,401123,258,800,105000,99545,5199,0.0741347200499446,800,697,105000,120516.49928264,5.9692017212502,TRUE,NA
"Beta left-high",1,401123,259,333,105000,104527,5117,0.0379873702261106,333,331,105000,105634.441087613,8.30816931014239,TRUE,NA
"Beta left-high",1,401123,259,800,105000,104527,5117,0.0736873403086255,800,781,105000,107554.417413572,5.83851558228319,TRUE,NA
"Beta left-high",1,401123,260,333,105000,104101,5297,0.0400507852470636,333,346,105000,101054.913294798,8.22896901364322,TRUE,NA
"Beta left-high",1,401123,260,800,105000,104101,5297,0.0729455271825995,800,794,105000,105793.450881612,5.82053479774077,TRUE,NA
"Beta left-high",1,401123,261,333,105000,107120,5142,0.037855160634416,333,311,105000,112427.652733119,8.4242826258066,TRUE,NA
"Beta left-high",1,401123,261,800,105000,107120,5142,0.0758357136305208,800,780,105000,107692.307692308,5.83992120785348,TRUE,NA
"Beta left-high",1,401123,262,333,105000,104273,5162,0.0380690336949151,333,334,105000,104685.628742515,8.29182227763796,TRUE,NA
"Beta left-high",1,401123,262,800,105000,104273,5162,0.0744166943564344,800,798,105000,105263.157894737,5.81510921773839,TRUE,NA
"Beta left-high",1,401123,263,333,105000,104851,5151,0.0399319052473554,333,352,105000,99332.3863636364,8.19898090207222,TRUE,NA
"Beta left-high",1,401123,263,800,105000,104851,5151,0.074902374998692,800,841,105000,99881.0939357907,5.75975462275534,TRUE,NA
"Beta left-high",1,401123,264,333,105000,106698,5242,0.0389583162181164,333,327,105000,106926.605504587,8.33038034418632,TRUE,NA
"Beta left-high",1,401123,264,800,105000,106698,5242,0.0755691253008724,800,833,105000,100840.336134454,5.76965933259429,TRUE,NA
"Beta left-high",1,401123,265,333,105000,104546,5194,0.0393656231648954,333,314,105000,111353.503184713,8.40602942425351,TRUE,NA
"Beta left-high",1,401123,265,800,105000,104546,5194,0.0749495203263003,800,817,105000,102815.17747858,5.78999732074268,TRUE,NA
"Beta left-high",1,401123,266,333,105000,100811,5146,0.0403970986881539,333,345,105000,101347.826086957,8.23405757630045,TRUE,NA
"Beta left-high",1,401123,266,800,105000,100811,5146,0.077037943055822,800,810,105000,103703.703703704,5.79912458098373,TRUE,NA
"Beta left-high",1,401123,267,333,105000,108973,5204,0.0394099453874957,333,357,105000,97941.1764705882,8.17468050783924,TRUE,NA
"Beta left-high",1,401123,267,800,105000,108973,5204,0.0742262475820548,800,867,105000,96885.8131487889,5.72871645905781,TRUE,NA
"Beta left-high",1,401123,268,333,105000,102517,5267,0.040982560438882,333,357,105000,97941.1764705882,8.17468050783924,TRUE,NA
"Beta left-high",1,401123,268,800,105000,102517,5267,0.0750875571469978,800,772,105000,108808.29015544,5.85128488189318,TRUE,NA
"Beta left-high",1,401123,269,333,105000,105795,5266,0.0368095585460755,333,319,105000,109608.150470219,8.37628553154077,TRUE,NA
"Beta left-high",1,401123,269,800,105000,105795,5266,0.0705853649352732,800,767,105000,109517.601043025,5.85849609894922,TRUE,NA
"Beta left-high",1,401123,270,333,105000,102632,5245,0.039503770316267,333,351,105000,99615.3846153846,8.20391524904314,TRUE,NA
"Beta left-high",1,401123,270,800,105000,102632,5245,0.0744986690407795,800,792,105000,106060.606060606,5.82326622435268,TRUE,NA
"Beta left-high",1,401123,271,333,105000,99425,5253,0.0404697862536953,333,326,105000,107254.601226994,8.33600885011652,TRUE,NA
"Beta left-high",1,401123,271,800,105000,99425,5253,0.0738983152106659,800,778,105000,107969.151670951,5.84274227828355,TRUE,NA
"Beta left-high",1,401123,272,333,105000,103254,5363,0.0395035774603715,333,335,105000,104373.134328358,8.28643126998051,TRUE,NA
"Beta left-high",1,401123,272,800,105000,103254,5363,0.0735303665455945,800,777,105000,108108.108108108,5.84415774628277,TRUE,NA
"Beta left-high",1,401123,273,333,105000,99256,5112,0.0388962034820706,333,296,105000,118125,8.52044486557115,TRUE,NA
"Beta left-high",1,401123,273,800,105000,99256,5112,0.0772953827809985,800,780,105000,107692.307692308,5.83992120785348,TRUE,NA
"Beta left-high",1,401123,274,333,105000,103325,5203,0.0388490732882423,333,323,105000,108250.773993808,8.35308022500895,TRUE,NA
"Beta left-high",1,401123,274,800,105000,103325,5203,0.0751695718746445,800,794,105000,105793.450881612,5.82053479774077,TRUE,NA
"Beta left-high",1,401123,275,333,105000,98361,5202,0.0398694023218668,333,313,105000,111709.265175719,8.4120793334699,TRUE,NA
"Beta left-high",1,401123,275,800,105000,98361,5202,0.0741911786491456,800,735,105000,114285.714285714,5.90674267852382,TRUE,NA
"Beta left-high",1,401123,276,333,105000,107934,5296,0.0370320505863327,333,311,105000,112427.652733119,8.4242826258066,TRUE,NA
"Beta left-high",1,401123,276,800,105000,107934,5296,0.0728180678862841,800,824,105000,101941.747572816,5.78101109007076,TRUE,NA
"Beta left-high",1,401123,277,333,105000,101979,5337,0.0392810043298906,333,284,105000,123116.197183099,8.60380523542275,TRUE,NA
"Beta left-high",1,401123,277,800,105000,101979,5337,0.0742574683815779,800,779,105000,107830.55198973,5.84133010267284,TRUE,NA
"Beta left-high",1,401123,278,333,105000,105510,5171,0.0400667493867838,333,370,105000,94500,8.11426053010877,TRUE,NA
"Beta left-high",1,401123,278,800,105000,105510,5171,0.0769586538052312,800,820,105000,102439.024390244,5.78612900345676,TRUE,NA
"Beta left-high",1,401123,279,333,105000,107312,5129,0.0372987891566565,333,324,105000,107916.666666667,8.34735853155465,TRUE,NA
"Beta left-high",1,401123,279,800,105000,107312,5129,0.0709586434432433,800,778,105000,107969.151670951,5.84274227828355,TRUE,NA
"Beta left-high",1,401123,280,333,105000,107515,5304,0.0354928595290805,333,283,105000,123551.236749117,8.61103280503509,TRUE,NA
"Beta left-high",1,401123,280,800,105000,107515,5304,0.0717245444089664,800,766,105000,109660.574412533,5.85994856467446,TRUE,NA
"Beta left-high",1,401123,281,333,105000,106125,5295,0.0394316625531902,333,386,105000,90582.9015544041,8.04493211125796,TRUE,NA
"Beta left-high",1,401123,281,800,105000,106125,5295,0.0725389953850869,800,831,105000,101083.032490975,5.77216261357801,TRUE,NA
"Beta left-high",1,401123,282,333,105000,105549,5282,0.0377532683915218,333,306,105000,114264.705882353,8.45540865278229,TRUE,NA
"Beta left-high",1,401123,282,800,105000,105549,5282,0.0709384609968532,800,754,105000,111405.835543767,5.87764973122081,TRUE,NA
"Beta left-high",1,401123,283,333,105000,105898,5388,0.0384364309232435,333,331,105000,105634.441087613,8.30816931014239,TRUE,NA
"Beta left-high",1,401123,283,800,105000,105898,5388,0.0742345774777728,800,762,105000,110236.220472441,5.86579291089248,TRUE,NA
"Beta left-high",1,401123,284,333,105000,106100,5302,0.0409148801321781,333,320,105000,109265.625,8.37043588610856,TRUE,NA
"Beta left-high",1,401123,284,800,105000,106100,5302,0.075654822515552,800,787,105000,106734.434561626,5.83014984356145,TRUE,NA
"Beta left-high",1,401123,285,333,105000,105785,5292,0.0392794001272908,333,311,105000,112427.652733119,8.4242826258066,TRUE,NA
"Beta left-high",1,401123,285,800,105000,105785,5292,0.0746650799632912,800,789,105000,106463.878326996,5.82738690347812,TRUE,NA
"Beta left-high",1,401123,286,333,105000,111844,5160,0.0384454526432534,333,353,105000,99050.9915014164,8.19407156555708,TRUE,NA
"Beta left-high",1,401123,286,800,105000,111844,5160,0.0756400972756946,800,873,105000,96219.9312714777,5.72179347899057,TRUE,NA
"Beta left-high",1,401123,287,333,105000,97543,5100,0.0408869272550418,333,325,105000,107584.615384615,8.34166816006756,TRUE,NA
"Beta left-high",1,401123,287,800,105000,97543,5100,0.0755726846993104,800,749,105000,112149.53271028,5.88517644084576,TRUE,NA
"Beta left-high",1,401123,288,333,105000,111081,5164,0.0409774569846429,333,359,105000,97395.5431754875,8.16513013532526,TRUE,NA
"Beta left-high",1,401123,288,800,105000,111081,5164,0.0777304247141623,800,845,105000,99408.2840236686,5.75486632512444,TRUE,NA
"Beta left-high",1,401123,289,333,105000,101022,5263,0.0416220031657687,333,336,105000,104062.5,8.28106887336163,TRUE,NA
"Beta left-high",1,401123,289,800,105000,101022,5263,0.0747099974106246,800,763,105000,110091.743119266,5.86432662703697,TRUE,NA
"Beta left-high",1,401123,290,333,105000,102239,5334,0.0390359285182825,333,328,105000,106600.609756098,8.3247823876365,TRUE,NA
"Beta left-high",1,401123,290,800,105000,102239,5334,0.075238075692992,800,793,105000,105926.860025221,5.82189894902144,TRUE,NA
"Beta left-high",1,401123,291,333,105000,103337,5282,0.0382502320697562,333,297,105000,117727.272727273,8.51376712116838,TRUE,NA
"Beta left-high",1,401123,291,800,105000,103337,5282,0.0717271379564296,800,740,105000,113513.513513514,5.89895587429992,TRUE,NA
"Beta left-high",1,401123,292,333,105000,100776,5215,0.0390838748135726,333,324,105000,107916.666666667,8.34735853155465,TRUE,NA
"Beta left-high",1,401123,292,800,105000,100776,5215,0.0736970785873713,800,750,105000,112000,5.88366384379303,TRUE,NA
"Beta left-high",1,401123,293,333,105000,99816,5118,0.038523754202504,333,306,105000,114264.705882353,8.45540865278229,TRUE,NA
"Beta left-high",1,401123,293,800,105000,99816,5118,0.0731943773602508,800,762,105000,110236.220472441,5.86579291089248,TRUE,NA
"Beta left-high",1,401123,294,333,105000,108080,5183,0.0412585384924546,333,350,105000,99900,8.20887480078011,TRUE,NA
"Beta left-high",1,401123,294,800,105000,108080,5183,0.0762016526255482,800,820,105000,102439.024390244,5.78612900345676,TRUE,NA
"Beta left-high",1,401123,295,333,105000,106340,5295,0.0405731246895021,333,361,105000,96855.9556786704,8.15567458573384,TRUE,NA
"Beta left-high",1,401123,295,800,105000,106340,5295,0.0750299592620726,800,801,105000,104868.913857678,5.81107231070914,TRUE,NA
"Beta left-high",1,401123,296,333,105000,108665,5234,0.0380602287532367,333,339,105000,103141.592920354,8.2651510571314,TRUE,NA
"Beta left-high",1,401123,296,800,105000,108665,5234,0.0754798655666237,800,860,105000,97674.4186046512,5.73690455473753,TRUE,NA
"Beta left-high",1,401123,297,333,105000,102290,5272,0.0393278142872626,333,309,105000,113155.339805825,8.43662589370772,TRUE,NA
"Beta left-high",1,401123,297,800,105000,102290,5272,0.0748665056878073,800,756,105000,111111.111111111,5.87466425601815,TRUE,NA
"Beta left-high",1,401123,298,333,105000,106588,5297,0.0370437749294017,333,315,105000,111000,8.40001361126789,TRUE,NA
"Beta left-high",1,401123,298,800,105000,106588,5297,0.0734434986164514,800,825,105000,101818.181818182,5.77973866317813,TRUE,NA
"Beta left-high",1,401123,299,333,105000,111325,5307,0.0372721824405421,333,325,105000,107584.615384615,8.34166816006756,TRUE,NA
"Beta left-high",1,401123,299,800,105000,111325,5307,0.0767620213573066,800,903,105000,93023.2558139535,5.68844126401361,TRUE,NA
"Beta left-high",1,401123,300,333,105000,106662,5319,0.0363268407596189,333,306,105000,114264.705882353,8.45540865278229,TRUE,NA
"Beta left-high",1,401123,300,800,105000,106662,5319,0.0718553220884772,800,809,105000,103831.891223733,5.80044018371199,TRUE,NA
"Beta left-high",1,401123,301,333,105000,98310,5272,0.0384870649276478,333,295,105000,118525.423728814,8.52716260007981,TRUE,NA
"Beta left-high",1,401123,301,800,105000,98310,5272,0.0743020335966935,800,735,105000,114285.714285714,5.90674267852382,TRUE,NA
"Beta left-high",1,401123,302,333,105000,103170,5280,0.0397183508372585,333,340,105000,102838.235294118,8.25990082442498,TRUE,NA
"Beta left-high",1,401123,302,800,105000,103170,5280,0.073222609885731,800,771,105000,108949.416342412,5.85272035088095,TRUE,NA
"Beta left-high",1,401123,303,333,105000,105690,5147,0.0404784921563701,333,340,105000,102838.235294118,8.25990082442498,TRUE,NA
"Beta left-high",1,401123,303,800,105000,105690,5147,0.0764549354672493,800,870,105000,96551.724137931,5.72524407925001,TRUE,NA
"Beta left-high",1,401123,304,333,105000,100701,5301,0.0394927476438162,333,323,105000,108250.773993808,8.35308022500895,TRUE,NA
"Beta left-high",1,401123,304,800,105000,100701,5301,0.0760209966655858,800,825,105000,101818.181818182,5.77973866317813,TRUE,NA
"Beta left-high",1,401123,305,333,105000,103865,5298,0.0400898578163036,333,332,105000,105316.265060241,8.30269106080462,TRUE,NA
"Beta left-high",1,401123,305,800,105000,103865,5298,0.075645777715353,800,830,105000,101204.819277108,5.77341836908676,TRUE,NA
"Beta left-high",1,401123,306,333,105000,106032,5283,0.0380686561346168,333,334,105000,104685.628742515,8.29182227763796,TRUE,NA
"Beta left-high",1,401123,306,800,105000,106032,5283,0.0739149730191602,800,804,105000,104477.611940299,5.80706275484411,TRUE,NA
"Beta left-high",1,401123,307,333,105000,110710,5232,0.0379583080576409,333,344,105000,101642.441860465,8.2391725534373,TRUE,NA
"Beta left-high",1,401123,307,800,105000,110710,5232,0.073017163691023,800,836,105000,100478.468899522,5.76592485048689,TRUE,NA
"Beta left-high",1,401123,308,333,105000,104271,5210,0.0410787626111483,333,388,105000,90115.9793814433,8.03662819842642,TRUE,NA
"Beta left-high",1,401123,308,800,105000,104271,5210,0.0750876925931394,800,845,105000,99408.2840236686,5.75486632512444,TRUE,NA
"Beta left-high",1,401123,309,333,105000,104484,5188,0.040364369593731,333,329,105000,106276.595744681,8.31921472866097,TRUE,NA
"Beta left-high",1,401123,309,800,105000,104484,5188,0.0761090532773434,800,813,105000,103321.033210332,5.79519541470812,TRUE,NA
"Beta left-high",1,401123,310,333,105000,102517,5253,0.0392803008959551,333,338,105000,103446.74556213,8.2704289937114,TRUE,NA
"Beta left-high",1,401123,310,800,105000,102517,5253,0.0749337624937776,800,794,105000,105793.450881612,5.82053479774077,TRUE,NA
"Beta left-high",1,401123,311,333,105000,103773,5207,0.0379876080526513,333,306,105000,114264.705882353,8.45540865278229,TRUE,NA
"Beta left-high",1,401123,311,800,105000,103773,5207,0.0760792221441051,800,812,105000,103448.275862069,5.79650220645042,TRUE,NA
"Beta left-high",1,401123,312,333,105000,99049,5332,0.0350978873607422,333,273,105000,128076.923076923,8.68586400731042,TRUE,NA
"Beta left-high",1,401123,312,800,105000,99049,5332,0.0695559864623606,800,679,105000,123711.340206186,6.00097553687402,TRUE,NA
"Beta left-high",1,401123,313,333,105000,104020,5117,0.039594579893792,333,322,105000,108586.956521739,8.3588335038193,TRUE,NA
"Beta left-high",1,401123,313,800,105000,104020,5117,0.07644136364683,800,835,105000,100598.80239521,5.76716696460365,TRUE,NA
"Beta left-high",1,401123,314,333,105000,105695,5212,0.0401412516287059,333,374,105000,93489.3048128342,8.09642914116418,TRUE,NA
"Beta left-high",1,401123,314,800,105000,105695,5212,0.073623568562631,800,831,105000,101083.032490975,5.77216261357801,TRUE,NA
"Beta left-high",1,401123,315,333,105000,104911,5248,0.03997188646006,333,346,105000,101054.913294798,8.22896901364322,TRUE,NA
"Beta left-high",1,401123,315,800,105000,104911,5248,0.0769728497089208,800,849,105000,98939.9293286219,5.75001999202926,TRUE,NA
"Beta left-high",1,401123,316,333,105000,105947,5240,0.0387063919845425,333,293,105000,119334.470989761,8.54071951045218,TRUE,NA
"Beta left-high",1,401123,316,800,105000,105947,5240,0.0749424314247053,800,776,105000,108247.422680412,5.84557651832292,TRUE,NA
"Beta left-high",1,401123,317,333,105000,104261,5334,0.0378349052655085,333,300,105000,116550,8.49397022933253,TRUE,NA
"Beta left-high",1,401123,317,800,105000,104261,5334,0.0713383684266751,800,705,105000,119148.936170213,5.95554901386468,TRUE,NA
"Beta left-high",1,401123,318,333,105000,103730,5296,0.036444799622647,333,313,105000,111709.265175719,8.4120793334699,TRUE,NA
"Beta left-high",1,401123,318,800,105000,103730,5296,0.0730059762452476,800,790,105000,106329.113924051,5.82601019064722,TRUE,NA
"Beta left-high",1,401123,319,333,105000,102391,5299,0.0365435375185782,333,273,105000,128076.923076923,8.68586400731042,TRUE,NA
"Beta left-high",1,401123,319,800,105000,102391,5299,0.0716353193758979,800,714,105000,117647.058823529,5.94051926470409,TRUE,NA
"Beta left-high",1,401123,320,333,105000,105484,5266,0.0372280994279458,333,303,105000,115396.03960396,8.47452047336527,TRUE,NA
"Beta left-high",1,401123,320,800,105000,105484,5266,0.0734914405756399,800,763,105000,110091.743119266,5.86432662703697,TRUE,NA
"Beta left-high",1,401123,321,333,105000,103709,5226,0.0394538802643884,333,355,105000,98492.9577464789,8.18432715670391,TRUE,NA
"Beta left-high",1,401123,321,800,105000,103709,5226,0.0767281090857529,800,869,105000,96662.830840046,5.72639910898064,TRUE,NA
"Beta left-high",1,401123,322,333,105000,105439,5263,0.0387269228030869,333,322,105000,108586.956521739,8.3588335038193,TRUE,NA
"Beta left-high",1,401123,322,800,105000,105439,5263,0.0710283213769506,800,753,105000,111553.784860558,5.87914784444343,TRUE,NA
"Beta left-high",1,401123,323,333,105000,103185,5243,0.0392492874352416,333,334,105000,104685.628742515,8.29182227763796,TRUE,NA
"Beta left-high",1,401123,323,800,105000,103185,5243,0.0735063392433324,800,759,105000,110671.936758893,5.87021272697668,TRUE,NA
"Beta left-high",1,401123,324,333,105000,106000,5360,0.0395644338602732,333,354,105000,98771.186440678,8.18918704720289,TRUE,NA
"Beta left-high",1,401123,324,800,105000,106000,5360,0.0744577082630243,800,807,105000,104089.219330855,5.80308027027782,TRUE,NA
"Beta left-high",1,401123,325,333,105000,110939,5269,0.0356571147541722,333,281,105000,124430.604982206,8.62562377660617,TRUE,NA
"Beta left-high",1,401123,325,800,105000,110939,5269,0.0717653904523641,800,775,105000,108387.096774194,5.846998606112,TRUE,NA
"Beta left-high",1,401123,326,333,105000,102155,5191,0.0388667437018978,333,345,105000,101347.826086957,8.23405757630045,TRUE,NA
"Beta left-high",1,401123,326,800,105000,102155,5191,0.0747914625412086,800,817,105000,102815.17747858,5.78999732074268,TRUE,NA
"Beta left-high",1,401123,327,333,105000,97820,5268,0.0381287615892185,333,294,105000,118928.571428571,8.53392069131363,TRUE,NA
"Beta left-high",1,401123,327,800,105000,97820,5268,0.0754343722640294,800,754,105000,111405.835543767,5.87764973122081,TRUE,NA
"Beta left-high",1,401123,328,333,105000,101746,5320,0.0382610974656743,333,304,105000,115016.447368421,8.46811276292181,TRUE,NA
"Beta left-high",1,401123,328,800,105000,101746,5320,0.0750477582652835,800,803,105000,104607.721046077,5.80839625180282,TRUE,NA
"Beta left-high",1,401123,329,333,105000,103481,5119,0.0395134705064006,333,350,105000,99900,8.20887480078011,TRUE,NA
"Beta left-high",1,401123,329,800,105000,103481,5119,0.0740271983389023,800,838,105000,100238.663484487,5.7634487173712,TRUE,NA
"Beta left-high",1,401123,330,333,105000,100632,5183,0.0414031527323594,333,335,105000,104373.134328358,8.28643126998051,TRUE,NA
"Beta left-high",1,401123,330,800,105000,100632,5183,0.0765810218330618,800,752,105000,111702.127659574,5.88064955883698,TRUE,NA
"Beta left-high",1,401123,331,333,105000,103657,5318,0.0383617807886834,333,350,105000,99900,8.20887480078011,TRUE,NA
"Beta left-high",1,401123,331,800,105000,103657,5318,0.0729498689018875,800,806,105000,104218.362282878,5.8044047743281,TRUE,NA
"Beta left-high",1,401123,332,333,105000,106276,5346,0.037796008006436,333,343,105000,101938.775510204,8.24431415424542,TRUE,NA
"Beta left-high",1,401123,332,800,105000,106276,5346,0.0729255654873387,800,802,105000,104738.154613466,5.80973276696946,TRUE,NA
"Beta left-high",1,401123,333,333,105000,104278,5283,0.0358183348835344,333,335,105000,104373.134328358,8.28643126998051,TRUE,NA
"Beta left-high",1,401123,333,800,105000,104278,5283,0.0727338781853274,800,805,105000,104347.826086957,5.80573226577589,TRUE,NA
"Beta left-high",1,401123,334,333,105000,103869,5269,0.0378228693787765,333,293,105000,119334.470989761,8.54071951045218,TRUE,NA
"Beta left-high",1,401123,334,800,105000,103869,5269,0.0748079953066033,800,787,105000,106734.434561626,5.83014984356145,TRUE,NA
"Beta left-high",1,401123,335,333,105000,103225,5189,0.0387609746072104,333,336,105000,104062.5,8.28106887336163,TRUE,NA
"Beta left-high",1,401123,335,800,105000,103225,5189,0.0770325844942864,800,861,105000,97560.9756097561,5.73572739517215,TRUE,NA
"Beta left-high",1,401123,336,333,105000,101974,5282,0.0374163459125373,333,334,105000,104685.628742515,8.29182227763796,TRUE,NA
"Beta left-high",1,401123,336,800,105000,101974,5282,0.0740544701961133,800,806,105000,104218.362282878,5.8044047743281,TRUE,NA
"Beta left-high",1,401123,337,333,105000,106391,5219,0.0386737289724398,333,296,105000,118125,8.52044486557115,TRUE,NA
"Beta left-high",1,401123,337,800,105000,106391,5219,0.074163174982457,800,800,105000,105000,5.81241489343492,TRUE,NA
"Beta left-high",1,401123,338,333,105000,103302,5245,0.0378884755189662,333,325,105000,107584.615384615,8.34166816006756,TRUE,NA
"Beta left-high",1,401123,338,800,105000,103302,5245,0.0722763598438343,800,767,105000,109517.601043025,5.85849609894922,TRUE,NA
"Beta left-high",1,401123,339,333,105000,109071,5247,0.0412096395106722,333,361,105000,96855.9556786704,8.15567458573384,TRUE,NA
"Beta left-high",1,401123,339,800,105000,109071,5247,0.0751341201056658,800,817,105000,102815.17747858,5.78999732074268,TRUE,NA
"Beta left-high",1,401123,340,333,105000,106116,5242,0.0411031103389742,333,368,105000,95013.5869565217,8.12330659072599,TRUE,NA
"Beta left-high",1,401123,340,800,105000,106116,5242,0.0750178521704771,800,845,105000,99408.2840236686,5.75486632512444,TRUE,NA
"Beta left-high",1,401123,341,333,105000,106691,5238,0.0378789984483093,333,317,105000,110299.684542587,8.38808310929113,TRUE,NA
"Beta left-high",1,401123,341,800,105000,106691,5238,0.0716006931255883,800,773,105000,108667.529107374,5.8498527760487,TRUE,NA
"Beta left-high",1,401123,342,333,105000,100780,5293,0.0375068653574019,333,302,105000,115778.145695364,8.4809657294975,TRUE,NA
"Beta left-high",1,401123,342,800,105000,100780,5293,0.0715710362522223,800,720,105000,116666.666666667,5.93068763149038,TRUE,NA
"Beta left-high",1,401123,343,333,105000,100844,5216,0.0413749775775487,333,342,105000,102236.842105263,8.24948259015833,TRUE,NA
"Beta left-high",1,401123,343,800,105000,100844,5216,0.074415868644456,800,718,105000,116991.643454039,5.93394838999256,TRUE,NA
"Beta left-high",1,401123,344,333,105000,104581,5160,0.0376614765820888,333,329,105000,106276.595744681,8.31921472866097,TRUE,NA
"Beta left-high",1,401123,344,800,105000,104581,5160,0.0758586647148894,800,867,105000,96885.8131487889,5.72871645905781,TRUE,NA
"Beta left-high",1,401123,345,333,105000,108528,5277,0.038619665207087,333,347,105000,100763.688760807,8.2239066584859,TRUE,NA
"Beta left-high",1,401123,345,800,105000,108528,5277,0.0734512374029058,800,834,105000,100719.424460432,5.7684117889836,TRUE,NA
"Beta left-high",1,401123,346,333,105000,105273,5123,0.0408371853756731,333,363,105000,96322.3140495868,8.14631243507424,TRUE,NA
"Beta left-high",1,401123,346,800,105000,105273,5123,0.0764990472925062,800,839,105000,100119.189511323,5.7622146806349,TRUE,NA
"Beta left-high",1,401123,347,333,105000,106901,5319,0.0399153600199947,333,354,105000,98771.186440678,8.18918704720289,TRUE,NA
"Beta left-high",1,401123,347,800,105000,106901,5319,0.0739437169985695,800,817,105000,102815.17747858,5.78999732074268,TRUE,NA
"Beta left-high",1,401123,348,333,105000,100193,5272,0.0386882259510036,333,320,105000,109265.625,8.37043588610856,TRUE,NA
"Beta left-high",1,401123,348,800,105000,100193,5272,0.0750933637541187,800,809,105000,103831.891223733,5.80044018371199,TRUE,NA
"Beta left-high",1,401123,349,333,105000,105013,5212,0.0376413449247077,333,305,105000,114639.344262295,8.46174226559494,TRUE,NA
"Beta left-high",1,401123,349,800,105000,105013,5212,0.0726493938111371,800,768,105000,109375,5.8570470569014,TRUE,NA
"Beta left-high",1,401123,350,333,105000,103399,5162,0.0410645286047597,333,343,105000,101938.775510204,8.24431415424542,TRUE,NA
"Beta left-high",1,401123,350,800,105000,103399,5162,0.0747558767204575,800,808,105000,103960.396039604,5.80175874344896,TRUE,NA
"Beta left-high",1,401123,351,333,105000,104908,5271,0.0372269605200992,333,310,105000,112790.322580645,8.43043661025828,TRUE,NA
"Beta left-high",1,401123,351,800,105000,104908,5271,0.0700650015235991,800,698,105000,120343.839541547,5.96747974088676,TRUE,NA
"Beta left-high",1,401123,352,333,105000,106074,5343,0.038486988671049,333,337,105000,103753.709198813,8.27573485727431,TRUE,NA
"Beta left-high",1,401123,352,800,105000,106074,5343,0.0739326446137553,800,828,105000,101449.275362319,5.77593815578165,TRUE,NA
"Beta left-high",1,401123,353,333,105000,105220,5314,0.040071127225594,333,338,105000,103446.74556213,8.2704289937114,TRUE,NA
"Beta left-high",1,401123,353,800,105000,105220,5314,0.0754680688379092,800,853,105000,98475.9671746776,5.74521508030647,TRUE,NA
"Beta left-high",1,401123,354,333,105000,99076,5156,0.040496788219569,333,328,105000,106600.609756098,8.3247823876365,TRUE,NA
"Beta left-high",1,401123,354,800,105000,99076,5156,0.0778683754338012,800,793,105000,105926.860025221,5.82189894902144,TRUE,NA
"Beta left-high",1,401123,355,333,105000,110188,5317,0.0381024715918611,333,327,105000,106926.605504587,8.33038034418632,TRUE,NA
"Beta left-high",1,401123,355,800,105000,110188,5317,0.0728230235275901,800,829,105000,101326.899879373,5.77467688009813,TRUE,NA
"Beta left-high",1,401123,356,333,105000,104845,5289,0.0376014538444375,333,292,105000,119743.150684932,8.54755943330725,TRUE,NA
"Beta left-high",1,401123,356,800,105000,104845,5289,0.0732405674726023,800,757,105000,110964.332892999,5.87317686806237,TRUE,NA
"Beta left-high",1,401123,357,333,105000,102799,5281,0.037876809778055,333,286,105000,122255.244755245,8.58948379639248,TRUE,NA
"Beta left-high",1,401123,357,800,105000,102799,5281,0.0754888205167561,800,791,105000,106194.690265487,5.82463663459186,TRUE,NA
"Beta left-high",1,401123,358,333,105000,106839,5232,0.0401229990709018,333,319,105000,109608.150470219,8.37628553154077,TRUE,NA
"Beta left-high",1,401123,358,800,105000,106839,5232,0.07288330306586,800,738,105000,113821.138211382,5.90205916564541,TRUE,NA
"Beta left-high",1,401123,359,333,105000,105444,5298,0.0395845921920613,333,308,105000,113522.727272727,8.4428507857824,TRUE,NA
"Beta left-high",1,401123,359,800,105000,105444,5298,0.0737837472629107,800,792,105000,106060.606060606,5.82326622435268,TRUE,NA
"Beta left-high",1,401123,360,333,105000,102872,5311,0.0390999585843374,333,332,105000,105316.265060241,8.30269106080462,TRUE,NA
"Beta left-high",1,401123,360,800,105000,102872,5311,0.0738773646736759,800,805,105000,104347.826086957,5.80573226577589,TRUE,NA
"Beta left-high",1,401123,361,333,105000,99091,5285,0.0389046405553267,333,316,105000,110648.734177215,8.39403160249634,TRUE,NA
"Beta left-high",1,401123,361,800,105000,99091,5285,0.0734342383719302,800,740,105000,113513.513513514,5.89895587429992,TRUE,NA
"Beta left-high",1,401123,362,333,105000,102104,5318,0.0372465065569243,333,303,105000,115396.03960396,8.47452047336527,TRUE,NA
"Beta left-high",1,401123,362,800,105000,102104,5318,0.070850130307584,800,725,105000,115862.068965517,5.92260671847286,TRUE,NA
"Beta left-high",1,401123,363,333,105000,105740,5256,0.040260263273609,333,313,105000,111709.265175719,8.4120793334699,TRUE,NA
"Beta left-high",1,401123,363,800,105000,105740,5256,0.0748806388979334,800,804,105000,104477.611940299,5.80706275484411,TRUE,NA
"Beta left-high",1,401123,364,333,105000,101631,5076,0.0378963389265835,333,304,105000,115016.447368421,8.46811276292181,TRUE,NA
"Beta left-high",1,401123,364,800,105000,101631,5076,0.0749579356792623,800,786,105000,106870.229007634,5.83153609299099,TRUE,NA
"Beta left-high",1,401123,365,333,105000,104823,5265,0.0400013320485593,333,324,105000,107916.666666667,8.34735853155465,TRUE,NA
"Beta left-high",1,401123,365,800,105000,104823,5265,0.074242007366605,800,786,105000,106870.229007634,5.83153609299099,TRUE,NA
"Beta left-high",1,401123,366,333,105000,110727,5222,0.0401315975766519,333,351,105000,99615.3846153846,8.20391524904314,TRUE,NA
"Beta left-high",1,401123,366,800,105000,110727,5222,0.0755919734783052,800,850,105000,98823.5294117647,5.74881490185386,TRUE,NA
"Beta left-high",1,401123,367,333,105000,106174,5107,0.038349135006927,333,332,105000,105316.265060241,8.30269106080462,TRUE,NA
"Beta left-high",1,401123,367,800,105000,106174,5107,0.0715973019877147,800,803,105000,104607.721046077,5.80839625180282,TRUE,NA
"Beta left-high",1,401123,368,333,105000,106551,5213,0.0389742285586358,333,326,105000,107254.601226994,8.33600885011652,TRUE,NA
"Beta left-high",1,401123,368,800,105000,106551,5213,0.0769687687530774,800,838,105000,100238.663484487,5.7634487173712,TRUE,NA
"Beta left-high",1,401123,369,333,105000,111813,5374,0.0399901227598322,333,369,105000,94756.0975609756,8.11877256278091,TRUE,NA
"Beta left-high",1,401123,369,800,105000,111813,5374,0.0776044272955424,800,907,105000,92613.0099228225,5.68414683286503,TRUE,NA
"Beta left-high",1,401123,370,333,105000,107033,5189,0.0417073968388091,333,388,105000,90115.9793814433,8.03662819842642,TRUE,NA
"Beta left-high",1,401123,370,800,105000,107033,5189,0.0763449705006289,800,854,105000,98360.6557377049,5.7440202617122,TRUE,NA
"Beta left-high",1,401123,371,333,105000,103746,5396,0.0407843341854527,333,342,105000,102236.842105263,8.24948259015833,TRUE,NA
"Beta left-high",1,401123,371,800,105000,103746,5396,0.0727650508678478,800,785,105000,107006.369426752,5.83292554355092,TRUE,NA
"Beta left-high",1,401123,372,333,105000,106216,5159,0.0409303350025528,333,336,105000,104062.5,8.28106887336163,TRUE,NA
"Beta left-high",1,401123,372,800,105000,106216,5159,0.0759485346634875,800,839,105000,100119.189511323,5.7622146806349,TRUE,NA
"Beta left-high",1,401123,373,333,105000,102728,5210,0.0413713631720438,333,338,105000,103446.74556213,8.2704289937114,TRUE,NA
"Beta left-high",1,401123,373,800,105000,102728,5210,0.0749821135206685,800,762,105000,110236.220472441,5.86579291089248,TRUE,NA
"Beta left-high",1,401123,374,333,105000,104033,5134,0.0372908187964918,333,273,105000,128076.923076923,8.68586400731042,TRUE,NA
"Beta left-high",1,401123,374,800,105000,104033,5134,0.0765873353583476,800,781,105000,107554.417413572,5.83851558228319,TRUE,NA
"Beta left-high",1,401123,375,333,105000,106134,5356,0.0412884746676656,333,365,105000,95794.5205479452,8.13704228804463,TRUE,NA
"Beta left-high",1,401123,375,800,105000,106134,5356,0.0775634838994994,800,848,105000,99056.6037735849,5.75122767099449,TRUE,NA
"Beta left-high",1,401123,376,333,105000,105628,5267,0.0401605276065559,333,342,105000,102236.842105263,8.24948259015833,TRUE,NA
"Beta left-high",1,401123,376,800,105000,105628,5267,0.0763188941418718,800,852,105000,98591.5492957746,5.746412454332,TRUE,NA
"Beta left-high",1,401123,377,333,105000,107744,5212,0.040759991715904,333,358,105000,97667.5977653631,8.16989337857654,TRUE,NA
"Beta left-high",1,401123,377,800,105000,107744,5212,0.0767840524048694,800,875,105000,96000,5.71950507666489,TRUE,NA
"Beta left-high",1,401123,378,333,105000,103916,5272,0.0389165208860263,333,346,105000,101054.913294798,8.22896901364322,TRUE,NA
"Beta left-high",1,401123,378,800,105000,103916,5272,0.0747991665996618,800,807,105000,104089.219330855,5.80308027027782,TRUE,NA
"Beta left-high",1,401123,379,333,105000,106035,5243,0.0387220785190565,333,306,105000,114264.705882353,8.45540865278229,TRUE,NA
"Beta left-high",1,401123,379,800,105000,106035,5243,0.0727509782418606,800,749,105000,112149.53271028,5.88517644084576,TRUE,NA
"Beta left-high",1,401123,380,333,105000,106283,5187,0.0401262931659505,333,337,105000,103753.709198813,8.27573485727431,TRUE,NA
"Beta left-high",1,401123,380,800,105000,106283,5187,0.0763326422788472,800,818,105000,102689.486552567,5.78870501655851,TRUE,NA
"Beta left-high",1,401123,381,333,105000,100409,5329,0.0378376801971573,333,315,105000,111000,8.40001361126789,TRUE,NA
"Beta left-high",1,401123,381,800,105000,100409,5329,0.0724079066278509,800,745,105000,112751.677852349,5.89126350500216,TRUE,NA
"Beta left-high",1,401123,382,333,105000,112900,5114,0.0418309645834088,333,382,105000,91531.4136125654,8.06177445694546,TRUE,NA
"Beta left-high",1,401123,382,800,105000,112900,5114,0.0783830104929183,800,943,105000,89077.4125132556,5.64700104161932,TRUE,NA
"Beta left-high",1,401123,383,333,105000,104909,5109,0.0373831351623917,333,298,105000,117332.214765101,8.50712900474184,TRUE,NA
"Beta left-high",1,401123,383,800,105000,104909,5109,0.0723982431199325,800,784,105000,107142.857142857,5.83431820646083,TRUE,NA
"Beta left-high",1,401123,384,333,105000,103975,5184,0.0399520807861264,333,344,105000,101642.441860465,8.2391725534373,TRUE,NA
"Beta left-high",1,401123,384,800,105000,103975,5184,0.0754820135508268,800,775,105000,108387.096774194,5.846998606112,TRUE,NA
"Beta left-high",1,401123,385,333,105000,106570,5176,0.0399765075008002,333,352,105000,99332.3863636364,8.19898090207222,TRUE,NA
"Beta left-high",1,401123,385,800,105000,106570,5176,0.0764900336916996,800,840,105000,1e+05,5.76098331868666,TRUE,NA
"Beta left-high",1,401123,386,333,105000,104086,5128,0.0393918460208274,333,313,105000,111709.265175719,8.4120793334699,TRUE,NA
"Beta left-high",1,401123,386,800,105000,104086,5128,0.0745895596299706,800,767,105000,109517.601043025,5.85849609894922,TRUE,NA
"Beta left-high",1,401123,387,333,105000,111333,5357,0.039870500596376,333,355,105000,98492.9577464789,8.18432715670391,TRUE,NA
"Beta left-high",1,401123,387,800,105000,111333,5357,0.0743502083380326,800,827,105000,101571.946795647,5.77720220534795,TRUE,NA
"Beta left-high",1,401123,388,333,105000,106785,5247,0.0373099330790984,333,308,105000,113522.727272727,8.4428507857824,TRUE,NA
"Beta left-high",1,401123,388,800,105000,106785,5247,0.070301432596037,800,732,105000,114754.098360656,5.9114608244677,TRUE,NA
"Beta left-high",1,401123,389,333,105000,102881,5219,0.0393208605081104,333,328,105000,106600.609756098,8.3247823876365,TRUE,NA
"Beta left-high",1,401123,389,800,105000,102881,5219,0.0745715479828493,800,808,105000,103960.396039604,5.80175874344896,TRUE,NA
"Beta left-high",1,401123,390,333,105000,108223,5199,0.0385476910321016,333,340,105000,102838.235294118,8.25990082442498,TRUE,NA
"Beta left-high",1,401123,390,800,105000,108223,5199,0.075725282518487,800,865,105000,97109.8265895954,5.73104358167363,TRUE,NA
"Beta left-high",1,401123,391,333,105000,103599,5203,0.0407569484142439,333,354,105000,98771.186440678,8.18918704720289,TRUE,NA
"Beta left-high",1,401123,391,800,105000,103599,5203,0.0754914252565183,800,840,105000,1e+05,5.76098331868666,TRUE,NA
"Beta left-high",1,401123,392,333,105000,102309,5298,0.0406582159060051,333,339,105000,103141.592920354,8.2651510571314,TRUE,NA
"Beta left-high",1,401123,392,800,105000,102309,5298,0.0729010229083627,800,767,105000,109517.601043025,5.85849609894922,TRUE,NA
"Beta left-high",1,401123,393,333,105000,108498,5266,0.0380946137144746,333,315,105000,111000,8.40001361126789,TRUE,NA
"Beta left-high",1,401123,393,800,105000,108498,5266,0.0701478970203412,800,779,105000,107830.55198973,5.84133010267284,TRUE,NA
"Beta left-high",1,401123,394,333,105000,104556,5176,0.0389872080454873,333,336,105000,104062.5,8.28106887336163,TRUE,NA
"Beta left-high",1,401123,394,800,105000,104556,5176,0.0727432157369958,800,814,105000,103194.103194103,5.79389154009948,TRUE,NA
"Beta left-high",1,401123,395,333,105000,103561,5290,0.0386639418273516,333,313,105000,111709.265175719,8.4120793334699,TRUE,NA
"Beta left-high",1,401123,395,800,105000,103561,5290,0.0730060365569422,800,734,105000,114441.416893733,5.90831152657499,TRUE,NA
"Beta left-high",1,401123,396,333,105000,103780,5332,0.0384421230756145,333,318,105000,109952.830188679,8.38216784632455,TRUE,NA
"Beta left-high",1,401123,396,800,105000,103780,5332,0.0716958356599056,800,764,105000,109947.643979058,5.86286381634659,TRUE,NA
"Beta left-high",1,401123,397,333,105000,105442,5227,0.0374119505827914,333,306,105000,114264.705882353,8.45540865278229,TRUE,NA
"Beta left-high",1,401123,397,800,105000,105442,5227,0.0729619891581147,800,782,105000,107416.879795396,5.83711321447428,TRUE,NA
"Beta left-high",1,401123,398,333,105000,107993,5295,0.0400342181933181,333,361,105000,96855.9556786704,8.15567458573384,TRUE,NA
"Beta left-high",1,401123,398,800,105000,107993,5295,0.0756666282038381,800,872,105000,96330.2752293578,5.72294127190564,TRUE,NA
"Beta left-high",1,401123,399,333,105000,109761,5196,0.0392700826297175,333,371,105000,94245.2830188679,8.10977033096673,TRUE,NA
"Beta left-high",1,401123,399,800,105000,109761,5196,0.0776824147919426,800,935,105000,89839.5721925134,5.65502909446092,TRUE,NA
"Beta left-high",1,401123,400,333,105000,105749,5182,0.040985235221524,333,377,105000,92745.3580901857,8.08327878168544,TRUE,NA
"Beta left-high",1,401123,400,800,105000,105749,5182,0.0772194240966922,800,862,105000,97447.7958236659,5.73455272603452,TRUE,NA
