"scenario","ratio_value","setting_seed","repetition","x_stop","n_target_total","n_marker_actual","n_target_band","x_end","x_count","n_count","c_true","c_hat","sigma_L","valid","invalid_reason"
"Beta left-high",5,403123,1,333,525000,107337,25950,0.0127205499150156,333,75,525000,466200,13.1205003813417,TRUE,NA
"Beta left-high",5,403123,1,800,525000,107337,25950,0.0230285521731666,800,172,525000,488372.093023256,8.91199763112317,TRUE,NA
"Beta left-high",5,403123,2,333,525000,106729,26263,0.0130515882400188,333,78,525000,448269.230769231,12.9235956733636,TRUE,NA
"Beta left-high",5,403123,2,800,525000,106729,26263,0.024580714632665,800,169,525000,497041.420118343,8.96971373715795,TRUE,NA
"Beta left-high",5,403123,3,333,525000,108745,26226,0.0133555178083029,333,68,525000,514191.176470588,13.633525606125,TRUE,NA
"Beta left-high",5,403123,3,800,525000,108745,26226,0.0240268252572101,800,173,525000,485549.132947977,8.89312291051442,TRUE,NA
"Beta left-high",5,403123,4,333,525000,101195,26312,0.0129736466288791,333,56,525000,624375,14.7440030349591,TRUE,NA
"Beta left-high",5,403123,4,800,525000,101195,26312,0.0241606281532658,800,141,525000,595744.680851064,9.60240348605634,TRUE,NA
"Beta left-high",5,403123,5,333,525000,106151,26262,0.0125118207181193,333,68,525000,514191.176470588,13.633525606125,TRUE,NA
"Beta left-high",5,403123,5,800,525000,106151,26262,0.023317510072427,800,161,525000,521739.130434783,9.13213929677269,TRUE,NA
"Beta left-high",5,403123,6,333,525000,109932,26022,0.0127153165598217,333,74,525000,472500,13.1889852550751,TRUE,NA
"Beta left-high",5,403123,6,800,525000,109932,26022,0.0232240912092423,800,167,525000,502994.011976048,9.00912905970284,TRUE,NA
"Beta left-high",5,403123,7,333,525000,105476,26504,0.0129703006863704,333,69,525000,506739.130434783,13.5551367811372,TRUE,NA
"Beta left-high",5,403123,7,800,525000,105476,26504,0.0235276695978627,800,148,525000,567567.567567568,9.42611979878208,TRUE,NA
"Beta left-high",5,403123,8,333,525000,103886,26133,0.0130631958988923,333,70,525000,499500,13.478551100938,TRUE,NA
"Beta left-high",5,403123,8,800,525000,103886,26133,0.0233111389372217,800,167,525000,502994.011976048,9.00912905970284,TRUE,NA
"Beta left-high",5,403123,9,333,525000,105495,26112,0.0139642858973331,333,80,525000,437062.5,12.7989920276346,TRUE,NA
"Beta left-high",5,403123,9,800,525000,105495,26112,0.024712657484932,800,185,525000,454054.054054054,8.67975926782984,TRUE,NA
"Beta left-high",5,403123,10,333,525000,101681,26168,0.0125879088585673,333,55,525000,635727.272727273,14.853699160197,TRUE,NA
"Beta left-high",5,403123,10,800,525000,101681,26168,0.0229359219389621,800,146,525000,575342.465753425,9.47508931769804,TRUE,NA
"Beta left-high",5,403123,11,333,525000,105062,26157,0.0121427014123802,333,69,525000,506739.130434783,13.5551367811372,TRUE,NA
"Beta left-high",5,403123,11,800,525000,105062,26157,0.0218533021010599,800,145,525000,579310.344827586,9.49998337550142,TRUE,NA
"Beta left-high",5,403123,12,333,525000,103028,26335,0.0133690478341328,333,72,525000,485625,13.3305320903684,TRUE,NA
"Beta left-high",5,403123,12,800,525000,103028,26335,0.0239075267804693,800,165,525000,509090.909090909,9.04932193589579,TRUE,NA
"Beta left-high",5,403123,13,333,525000,101702,26135,0.0126193215206764,333,64,525000,546328.125,13.9665384732028,TRUE,NA
"Beta left-high",5,403123,13,800,525000,101702,26135,0.0231137071614139,800,164,525000,512195.12195122,9.06971756172824,TRUE,NA
"Beta left-high",5,403123,14,333,525000,106803,26371,0.0121475414478612,333,46,525000,760108.695652174,16.0064206264636,TRUE,NA
"Beta left-high",5,403123,14,800,525000,106803,26371,0.0229410923041531,800,139,525000,604316.54676259,9.65539294573709,TRUE,NA
"Beta left-high",5,403123,15,333,525000,102090,26325,0.0130064733396246,333,66,525000,529772.727272727,13.7959903029324,TRUE,NA
"Beta left-high",5,403123,15,800,525000,102090,26325,0.0231195774938561,800,154,525000,545454.545454545,9.28543116007485,TRUE,NA
"Beta left-high",5,403123,16,333,525000,102927,26386,0.0131429871674826,333,79,525000,442594.936708861,12.860656103188,TRUE,NA
"Beta left-high",5,403123,16,800,525000,102927,26386,0.0233865362329961,800,174,525000,482758.620689655,8.87442568627627,TRUE,NA
"Beta left-high",5,403123,17,333,525000,105854,26490,0.0123067941804242,333,68,525000,514191.176470588,13.633525606125,TRUE,NA
"Beta left-high",5,403123,17,800,525000,105854,26490,0.0234009085532033,800,158,525000,531645.569620253,9.19648335691042,TRUE,NA
"Beta left-high",5,403123,18,333,525000,98688,26371,0.012801385445346,333,61,525000,573196.721311475,14.2389825181774,TRUE,NA
"Beta left-high",5,403123,18,800,525000,98688,26371,0.0231230526679566,800,139,525000,604316.54676259,9.65539294573709,TRUE,NA
"Beta left-high",5,403123,19,333,525000,104060,26300,0.0127197005485658,333,79,525000,442594.936708861,12.860656103188,TRUE,NA
"Beta left-high",5,403123,19,800,525000,104060,26300,0.0234353477574864,800,155,525000,541935.483870968,9.26284491534227,TRUE,NA
"Beta left-high",5,403123,20,333,525000,104932,26332,0.0129967681785866,333,72,525000,485625,13.3305320903684,TRUE,NA
"Beta left-high",5,403123,20,800,525000,104932,26332,0.0237627107060285,800,154,525000,545454.545454545,9.28543116007485,TRUE,NA
"Beta left-high",5,403123,21,333,525000,110942,26013,0.0125695969539717,333,66,525000,529772.727272727,13.7959903029324,TRUE,NA
"Beta left-high",5,403123,21,800,525000,110942,26013,0.0230982849586377,800,166,525000,506024.096385542,9.02912679880207,TRUE,NA
"Beta left-high",5,403123,22,333,525000,104802,26154,0.0133619248163692,333,67,525000,521865.671641791,13.7137860660992,TRUE,NA
"Beta left-high",5,403123,22,800,525000,104802,26154,0.0239486945959227,800,165,525000,509090.909090909,9.04932193589579,TRUE,NA
"Beta left-high",5,403123,23,333,525000,105542,26324,0.0128730444142358,333,64,525000,546328.125,13.9665384732028,TRUE,NA
"Beta left-high",5,403123,23,800,525000,105542,26324,0.0230443621689838,800,158,525000,531645.569620253,9.19648335691042,TRUE,NA
"Beta left-high",5,403123,24,333,525000,103370,26421,0.0123120079984591,333,51,525000,685588.235294118,15.3262072378003,TRUE,NA
"Beta left-high",5,403123,24,800,525000,103370,26421,0.0229643606815973,800,126,525000,666666.666666667,10.0324097931904,TRUE,NA
"Beta left-high",5,403123,25,333,525000,101485,26238,0.013034973633197,333,71,525000,492464.788732394,13.4037034936613,TRUE,NA
"Beta left-high",5,403123,25,800,525000,101485,26238,0.0240596237246968,800,149,525000,563758.389261745,9.4020349315005,TRUE,NA
"Beta left-high",5,403123,26,333,525000,108003,26148,0.0119336622620659,333,49,525000,713571.428571429,15.5851156420642,TRUE,NA
"Beta left-high",5,403123,26,800,525000,108003,26148,0.0219960656366796,800,125,525000,672000,10.064003522129,TRUE,NA
"Beta left-high",5,403123,27,333,525000,106677,26203,0.0121918615419058,333,76,525000,460065.789473684,13.0534724993725,TRUE,NA
"Beta left-high",5,403123,27,800,525000,106677,26203,0.0234284421109555,800,164,525000,512195.12195122,9.06971756172824,TRUE,NA
"Beta left-high",5,403123,28,333,525000,105257,26046,0.0137316244247613,333,80,525000,437062.5,12.7989920276346,TRUE,NA
"Beta left-high",5,403123,28,800,525000,105257,26046,0.0243260770137833,800,180,525000,466666.666666667,8.76582696891626,TRUE,NA
"Beta left-high",5,403123,29,333,525000,105933,26073,0.0124728262791221,333,63,525000,555000,14.0550473372953,TRUE,NA
"Beta left-high",5,403123,29,800,525000,105933,26073,0.0230686251476282,800,150,525000,560000,9.37821057345647,TRUE,NA
"Beta left-high",5,403123,30,333,525000,113479,26437,0.0125319330283711,333,73,525000,478972.602739726,13.2589780259761,TRUE,NA
"Beta left-high",5,403123,30,800,525000,113479,26437,0.0225980251974348,800,173,525000,485549.132947977,8.89312291051442,TRUE,NA
"Beta left-high",5,403123,31,333,525000,106347,26343,0.0128308808762386,333,64,525000,546328.125,13.9665384732028,TRUE,NA
"Beta left-high",5,403123,31,800,525000,106347,26343,0.0238804877135242,800,174,525000,482758.620689655,8.87442568627627,TRUE,NA
"Beta left-high",5,403123,32,333,525000,108065,26643,0.0123487535798724,333,71,525000,492464.788732394,13.4037034936613,TRUE,NA
"Beta left-high",5,403123,32,800,525000,108065,26643,0.0233390193570093,800,170,525000,494117.647058824,8.95029029167148,TRUE,NA
"Beta left-high",5,403123,33,333,525000,105382,26460,0.0125990257746212,333,66,525000,529772.727272727,13.7959903029324,TRUE,NA
"Beta left-high",5,403123,33,800,525000,105382,26460,0.0223205125761702,800,163,525000,515337.423312883,9.09031683413498,TRUE,NA
"Beta left-high",5,403123,34,333,525000,104071,26259,0.0129392222833191,333,59,525000,592627.118644068,14.4328002254304,TRUE,NA
"Beta left-high",5,403123,34,800,525000,104071,26259,0.022871807730054,800,146,525000,575342.465753425,9.47508931769804,TRUE,NA
"Beta left-high",5,403123,35,333,525000,102515,26073,0.013674042902492,333,73,525000,478972.602739726,13.2589780259761,TRUE,NA
"Beta left-high",5,403123,35,800,525000,102515,26073,0.0245475492538867,800,164,525000,512195.12195122,9.06971756172824,TRUE,NA
"Beta left-high",5,403123,36,333,525000,106163,25971,0.0122674858091845,333,65,525000,537923.076923077,13.8802143632441,TRUE,NA
"Beta left-high",5,403123,36,800,525000,106163,25971,0.0225967668519962,800,151,525000,556291.390728477,9.35464229440858,TRUE,NA
"Beta left-high",5,403123,37,333,525000,105653,26396,0.0120191161641707,333,62,525000,563951.612903226,14.1458304635712,TRUE,NA
"Beta left-high",5,403123,37,800,525000,105653,26396,0.022707619914768,800,161,525000,521739.130434783,9.13213929677269,TRUE,NA
"Beta left-high",5,403123,38,333,525000,109058,26233,0.0128426411624313,333,68,525000,514191.176470588,13.633525606125,TRUE,NA
"Beta left-high",5,403123,38,800,525000,109058,26233,0.0236516585073527,800,170,525000,494117.647058824,8.95029029167148,TRUE,NA
"Beta left-high",5,403123,39,333,525000,102780,26381,0.0127917332586229,333,78,525000,448269.230769231,12.9235956733636,TRUE,NA
"Beta left-high",5,403123,39,800,525000,102780,26381,0.0235934741720144,800,160,525000,525000,9.15336915531238,TRUE,NA
"Beta left-high",5,403123,40,333,525000,107024,26288,0.0132315087750023,333,73,525000,478972.602739726,13.2589780259761,TRUE,NA
"Beta left-high",5,403123,40,800,525000,107024,26288,0.0233099226865866,800,169,525000,497041.420118343,8.96971373715795,TRUE,NA
"Beta left-high",5,403123,41,333,525000,107139,26405,0.0133477856328238,333,76,525000,460065.789473684,13.0534724993725,TRUE,NA
"Beta left-high",5,403123,41,800,525000,107139,26405,0.0235672984841748,800,161,525000,521739.130434783,9.13213929677269,TRUE,NA
"Beta left-high",5,403123,42,333,525000,96686,26142,0.0126701791907629,333,52,525000,672403.846153846,15.2026934860618,TRUE,NA
"Beta left-high",5,403123,42,800,525000,96686,26142,0.0226577909945081,800,131,525000,641221.374045802,9.88028566166077,TRUE,NA
"Beta left-high",5,403123,43,333,525000,100206,26038,0.0132152043892757,333,72,525000,485625,13.3305320903684,TRUE,NA
"Beta left-high",5,403123,43,800,525000,100206,26038,0.0239041267088469,800,164,525000,512195.12195122,9.06971756172824,TRUE,NA
"Beta left-high",5,403123,44,333,525000,97528,26406,0.0131281216301618,333,64,525000,546328.125,13.9665384732028,TRUE,NA
"Beta left-high",5,403123,44,800,525000,97528,26406,0.0228122837087078,800,147,525000,571428.571428571,9.45046971201844,TRUE,NA
"Beta left-high",5,403123,45,333,525000,108919,26276,0.0139564199223322,333,64,525000,546328.125,13.9665384732028,TRUE,NA
"Beta left-high",5,403123,45,800,525000,108919,26276,0.0242450261504379,800,158,525000,531645.569620253,9.19648335691042,TRUE,NA
"Beta left-high",5,403123,46,333,525000,104162,25836,0.0132003044292109,333,61,525000,573196.721311475,14.2389825181774,TRUE,NA
"Beta left-high",5,403123,46,800,525000,104162,25836,0.0236353711765299,800,144,525000,583333.333333333,9.52515676185271,TRUE,NA
"Beta left-high",5,403123,47,333,525000,102330,26385,0.0122318524125462,333,64,525000,546328.125,13.9665384732028,TRUE,NA
"Beta left-high",5,403123,47,800,525000,102330,26385,0.0232152892510549,800,171,525000,491228.070175439,8.93105251676233,TRUE,NA
"Beta left-high",5,403123,48,333,525000,102951,26345,0.0130007530480317,333,67,525000,521865.671641791,13.7137860660992,TRUE,NA
"Beta left-high",5,403123,48,800,525000,102951,26345,0.024401380272866,800,167,525000,502994.011976048,9.00912905970284,TRUE,NA
"Beta left-high",5,403123,49,333,525000,102243,26299,0.0130928149278381,333,65,525000,537923.076923077,13.8802143632441,TRUE,NA
"Beta left-high",5,403123,49,800,525000,102243,26299,0.0237428300506691,800,165,525000,509090.909090909,9.04932193589579,TRUE,NA
"Beta left-high",5,403123,50,333,525000,101578,26237,0.012622661517887,333,62,525000,563951.612903226,14.1458304635712,TRUE,NA
"Beta left-high",5,403123,50,800,525000,101578,26237,0.0237802119980939,800,162,525000,518518.518518519,9.11112297991595,TRUE,NA
"Beta left-high",5,403123,51,333,525000,101307,26007,0.0128296564965844,333,65,525000,537923.076923077,13.8802143632441,TRUE,NA
"Beta left-high",5,403123,51,800,525000,101307,26007,0.024131137417477,800,172,525000,488372.093023256,8.91199763112317,TRUE,NA
"Beta left-high",5,403123,52,333,525000,102812,26193,0.0132232595207756,333,65,525000,537923.076923077,13.8802143632441,TRUE,NA
"Beta left-high",5,403123,52,800,525000,102812,26193,0.0237904964129354,800,171,525000,491228.070175439,8.93105251676233,TRUE,NA
"Beta left-high",5,403123,53,333,525000,100689,26127,0.0126751488800274,333,87,525000,401896.551724138,12.3998679694215,TRUE,NA
"Beta left-high",5,403123,53,800,525000,100689,26127,0.0231643170965476,800,161,525000,521739.130434783,9.13213929677269,TRUE,NA
"Beta left-high",5,403123,54,333,525000,106078,26261,0.0134619703501368,333,76,525000,460065.789473684,13.0534724993725,TRUE,NA
"Beta left-high",5,403123,54,800,525000,106078,26261,0.0237460505807826,800,174,525000,482758.620689655,8.87442568627627,TRUE,NA
"Beta left-high",5,403123,55,333,525000,105960,26054,0.0114979507685101,333,49,525000,713571.428571429,15.5851156420642,TRUE,NA
"Beta left-high",5,403123,55,800,525000,105960,26054,0.0229573499405803,800,139,525000,604316.54676259,9.65539294573709,TRUE,NA
"Beta left-high",5,403123,56,333,525000,99804,26075,0.0126993341119571,333,60,525000,582750,14.3346037123501,TRUE,NA
"Beta left-high",5,403123,56,800,525000,99804,26075,0.0230259862743761,800,124,525000,677419.35483871,10.0960055558496,TRUE,NA
"Beta left-high",5,403123,57,333,525000,107221,26300,0.0132306985114952,333,79,525000,442594.936708861,12.860656103188,TRUE,NA
"Beta left-high",5,403123,57,800,525000,107221,26300,0.0242823394587414,800,192,525000,437500,8.56548307025105,TRUE,NA
"Beta left-high",5,403123,58,333,525000,110018,26208,0.0125120104153658,333,69,525000,506739.130434783,13.5551367811372,TRUE,NA
"Beta left-high",5,403123,58,800,525000,110018,26208,0.0231623043742338,800,183,525000,459016.393442623,8.71372340831366,TRUE,NA
"Beta left-high",5,403123,59,333,525000,104708,25900,0.0129898550644978,333,79,525000,442594.936708861,12.860656103188,TRUE,NA
"Beta left-high",5,403123,59,800,525000,104708,25900,0.0234401466849417,800,162,525000,518518.518518519,9.11112297991595,TRUE,NA
"Beta left-high",5,403123,60,333,525000,106511,26249,0.0132236433171809,333,68,525000,514191.176470588,13.633525606125,TRUE,NA
"Beta left-high",5,403123,60,800,525000,106511,26249,0.0238046558534425,800,160,525000,525000,9.15336915531238,TRUE,NA
"Beta left-high",5,403123,61,333,525000,105969,26249,0.0135329032457681,333,68,525000,514191.176470588,13.633525606125,TRUE,NA
"Beta left-high",5,403123,61,800,525000,105969,26249,0.0238940186476913,800,171,525000,491228.070175439,8.93105251676233,TRUE,NA
"Beta left-high",5,403123,62,333,525000,100808,26382,0.0118460950358779,333,55,525000,635727.272727273,14.853699160197,TRUE,NA
"Beta left-high",5,403123,62,800,525000,100808,26382,0.0226260141492737,800,150,525000,560000,9.37821057345647,TRUE,NA
"Beta left-high",5,403123,63,333,525000,109947,26229,0.0125878605862048,333,65,525000,537923.076923077,13.8802143632441,TRUE,NA
"Beta left-high",5,403123,63,800,525000,109947,26229,0.0235135688845127,800,150,525000,560000,9.37821057345647,TRUE,NA
"Beta left-high",5,403123,64,333,525000,109077,26357,0.0127973626529435,333,77,525000,454090.909090909,12.9878530478899,TRUE,NA
"Beta left-high",5,403123,64,800,525000,109077,26357,0.0234021325848629,800,180,525000,466666.666666667,8.76582696891626,TRUE,NA
"Beta left-high",5,403123,65,333,525000,104182,26227,0.0131331667205941,333,82,525000,426402.43902439,12.6793302834041,TRUE,NA
"Beta left-high",5,403123,65,800,525000,104182,26227,0.0239202532041837,800,185,525000,454054.054054054,8.67975926782984,TRUE,NA
"Beta left-high",5,403123,66,333,525000,107955,26113,0.0126408991421449,333,57,525000,613421.052631579,14.6373765892212,TRUE,NA
"Beta left-high",5,403123,66,800,525000,107955,26113,0.0230716304555423,800,140,525000,6e+05,9.62874541786184,TRUE,NA
"Beta left-high",5,403123,67,333,525000,105246,25944,0.0125572587476244,333,67,525000,521865.671641791,13.7137860660992,TRUE,NA
"Beta left-high",5,403123,67,800,525000,105246,25944,0.0228425879395596,800,148,525000,567567.567567568,9.42611979878208,TRUE,NA
"Beta left-high",5,403123,68,333,525000,109032,25835,0.0125546052624131,333,67,525000,521865.671641791,13.7137860660992,TRUE,NA
"Beta left-high",5,403123,68,800,525000,109032,25835,0.0233652760912071,800,167,525000,502994.011976048,9.00912905970284,TRUE,NA
"Beta left-high",5,403123,69,333,525000,102589,26229,0.0128480756271999,333,60,525000,582750,14.3346037123501,TRUE,NA
"Beta left-high",5,403123,69,800,525000,102589,26229,0.0233385425988801,800,145,525000,579310.344827586,9.49998337550142,TRUE,NA
"Beta left-high",5,403123,70,333,525000,103601,26228,0.0132746724679841,333,69,525000,506739.130434783,13.5551367811372,TRUE,NA
"Beta left-high",5,403123,70,800,525000,103601,26228,0.0239934145205333,800,158,525000,531645.569620253,9.19648335691042,TRUE,NA
"Beta left-high",5,403123,71,333,525000,101339,26324,0.0129347574633351,333,70,525000,499500,13.478551100938,TRUE,NA
"Beta left-high",5,403123,71,800,525000,101339,26324,0.0233684619614647,800,169,525000,497041.420118343,8.96971373715795,TRUE,NA
"Beta left-high",5,403123,72,333,525000,103461,26081,0.0127200976382458,333,61,525000,573196.721311475,14.2389825181774,TRUE,NA
"Beta left-high",5,403123,72,800,525000,103461,26081,0.0233069113349725,800,148,525000,567567.567567568,9.42611979878208,TRUE,NA
"Beta left-high",5,403123,73,333,525000,107587,26408,0.0127596242915633,333,80,525000,437062.5,12.7989920276346,TRUE,NA
"Beta left-high",5,403123,73,800,525000,107587,26408,0.0232063314709556,800,171,525000,491228.070175439,8.93105251676233,TRUE,NA
"Beta left-high",5,403123,74,333,525000,109461,26180,0.0128965005886143,333,67,525000,521865.671641791,13.7137860660992,TRUE,NA
"Beta left-high",5,403123,74,800,525000,109461,26180,0.0235506300041962,800,174,525000,482758.620689655,8.87442568627627,TRUE,NA
"Beta left-high",5,403123,75,333,525000,104312,26252,0.0131287271113488,333,70,525000,499500,13.478551100938,TRUE,NA
"Beta left-high",5,403123,75,800,525000,104312,26252,0.0227197539125713,800,155,525000,541935.483870968,9.26284491534227,TRUE,NA
"Beta left-high",5,403123,76,333,525000,104146,26272,0.0127706396421338,333,68,525000,514191.176470588,13.633525606125,TRUE,NA
"Beta left-high",5,403123,76,800,525000,104146,26272,0.0230097794181699,800,159,525000,528301.886792453,9.17481600112124,TRUE,NA
"Beta left-high",5,403123,77,333,525000,102371,26356,0.0123990614484387,333,71,525000,492464.788732394,13.4037034936613,TRUE,NA
"Beta left-high",5,403123,77,800,525000,102371,26356,0.0231781594440091,800,156,525000,538461.538461538,9.24049408830438,TRUE,NA
"Beta left-high",5,403123,78,333,525000,107067,26187,0.0127016750021543,333,59,525000,592627.118644068,14.4328002254304,TRUE,NA
"Beta left-high",5,403123,78,800,525000,107067,26187,0.0229369280062658,800,153,525000,549019.607843137,9.30825676577559,TRUE,NA
"Beta left-high",5,403123,79,333,525000,106425,26105,0.0139595203242252,333,71,525000,492464.788732394,13.4037034936613,TRUE,NA
"Beta left-high",5,403123,79,800,525000,106425,26105,0.0242127935741569,800,173,525000,485549.132947977,8.89312291051442,TRUE,NA
"Beta left-high",5,403123,80,333,525000,102744,26301,0.0129836346617635,333,62,525000,563951.612903226,14.1458304635712,TRUE,NA
"Beta left-high",5,403123,80,800,525000,102744,26301,0.0238950380846712,800,154,525000,545454.545454545,9.28543116007485,TRUE,NA
"Beta left-high",5,403123,81,333,525000,110472,26168,0.0128119921728813,333,80,525000,437062.5,12.7989920276346,TRUE,NA
"Beta left-high",5,403123,81,800,525000,110472,26168,0.0235163211614235,800,190,525000,442105.263157895,8.59742669877403,TRUE,NA
"Beta left-high",5,403123,82,333,525000,104539,26048,0.0122233454038913,333,55,525000,635727.272727273,14.853699160197,TRUE,NA
"Beta left-high",5,403123,82,800,525000,104539,26048,0.0230722171502542,800,130,525000,646153.846153846,9.90995680194929,TRUE,NA
"Beta left-high",5,403123,83,333,525000,106277,26255,0.0129788193769148,333,61,525000,573196.721311475,14.2389825181774,TRUE,NA
"Beta left-high",5,403123,83,800,525000,106277,26255,0.0234479795106224,800,159,525000,528301.886792453,9.17481600112124,TRUE,NA
"Beta left-high",5,403123,84,333,525000,105319,26516,0.0122930269643543,333,60,525000,582750,14.3346037123501,TRUE,NA
"Beta left-high",5,403123,84,800,525000,105319,26516,0.0230631467426784,800,160,525000,525000,9.15336915531238,TRUE,NA
"Beta left-high",5,403123,85,333,525000,101126,26243,0.0130221860574581,333,68,525000,514191.176470588,13.633525606125,TRUE,NA
"Beta left-high",5,403123,85,800,525000,101126,26243,0.0239563996017874,800,151,525000,556291.390728477,9.35464229440858,TRUE,NA
"Beta left-high",5,403123,86,333,525000,105100,26092,0.0129614550065418,333,78,525000,448269.230769231,12.9235956733636,TRUE,NA
"Beta left-high",5,403123,86,800,525000,105100,26092,0.0235388287276609,800,180,525000,466666.666666667,8.76582696891626,TRUE,NA
"Beta left-high",5,403123,87,333,525000,109616,26389,0.0127934366836821,333,55,525000,635727.272727273,14.853699160197,TRUE,NA
"Beta left-high",5,403123,87,800,525000,109616,26389,0.0235768875514261,800,151,525000,556291.390728477,9.35464229440858,TRUE,NA
"Beta left-high",5,403123,88,333,525000,107676,26352,0.0118793252940278,333,63,525000,555000,14.0550473372953,TRUE,NA
"Beta left-high",5,403123,88,800,525000,107676,26352,0.0230459743287844,800,166,525000,506024.096385542,9.02912679880207,TRUE,NA
"Beta left-high",5,403123,89,333,525000,107206,26023,0.0127700961108791,333,63,525000,555000,14.0550473372953,TRUE,NA
"Beta left-high",5,403123,89,800,525000,107206,26023,0.0238860366892275,800,155,525000,541935.483870968,9.26284491534227,TRUE,NA
"Beta left-high",5,403123,90,333,525000,104473,26410,0.0122912646402517,333,58,525000,602844.827586207,14.5336846679327,TRUE,NA
"Beta left-high",5,403123,90,800,525000,104473,26410,0.0230352500540929,800,159,525000,528301.886792453,9.17481600112124,TRUE,NA
"Beta left-high",5,403123,91,333,525000,104875,26305,0.0133308177392916,333,58,525000,602844.827586207,14.5336846679327,TRUE,NA
"Beta left-high",5,403123,91,800,525000,104875,26305,0.0230389959815754,800,150,525000,560000,9.37821057345647,TRUE,NA
"Beta left-high",5,403123,92,333,525000,105829,26098,0.0127066621320271,333,74,525000,472500,13.1889852550751,TRUE,NA
"Beta left-high",5,403123,92,800,525000,105829,26098,0.0226034638651243,800,160,525000,525000,9.15336915531238,TRUE,NA
"Beta left-high",5,403123,93,333,525000,105114,26222,0.0131114676026402,333,75,525000,466200,13.1205003813417,TRUE,NA
"Beta left-high",5,403123,93,800,525000,105114,26222,0.0239435361635707,800,159,525000,528301.886792453,9.17481600112124,TRUE,NA
"Beta left-high",5,403123,94,333,525000,100307,26249,0.012721780467803,333,59,525000,592627.118644068,14.4328002254304,TRUE,NA
"Beta left-high",5,403123,94,800,525000,100307,26249,0.0232820835046895,800,139,525000,604316.54676259,9.65539294573709,TRUE,NA
"Beta left-high",5,403123,95,333,525000,103214,26005,0.0133532853632102,333,69,525000,506739.130434783,13.5551367811372,TRUE,NA
"Beta left-high",5,403123,95,800,525000,103214,26005,0.0238239785453769,800,163,525000,515337.423312883,9.09031683413498,TRUE,NA
"Beta left-high",5,403123,96,333,525000,103515,26547,0.01287282362735,333,68,525000,514191.176470588,13.633525606125,TRUE,NA
"Beta left-high",5,403123,96,800,525000,103515,26547,0.0232962291780606,800,156,525000,538461.538461538,9.24049408830438,TRUE,NA
"Beta left-high",5,403123,97,333,525000,106764,26313,0.0138068776506572,333,73,525000,478972.602739726,13.2589780259761,TRUE,NA
"Beta left-high",5,403123,97,800,525000,106764,26313,0.0247311692564697,800,175,525000,480000,8.85590334388769,TRUE,NA
"Beta left-high",5,403123,98,333,525000,103066,26201,0.0118951714734164,333,48,525000,728437.5,15.7209265075818,TRUE,NA
"Beta left-high",5,403123,98,800,525000,103066,26201,0.0227081589028286,800,141,525000,595744.680851064,9.60240348605634,TRUE,NA
"Beta left-high",5,403123,99,333,525000,106990,26139,0.0123501630577901,333,53,525000,659716.981132075,15.0828857386931,TRUE,NA
"Beta left-high",5,403123,99,800,525000,106990,26139,0.0236074793497,800,156,525000,538461.538461538,9.24049408830438,TRUE,NA
"Beta left-high",5,403123,100,333,525000,101090,26204,0.0133716811703213,333,81,525000,431666.666666667,12.738562989871,TRUE,NA
"Beta left-high",5,403123,100,800,525000,101090,26204,0.0237781590221517,800,188,525000,446808.510638298,8.6299279403206,TRUE,NA
"Beta left-high",5,403123,101,333,525000,103573,26388,0.0133513577927791,333,76,525000,460065.789473684,13.0534724993725,TRUE,NA
"Beta left-high",5,403123,101,800,525000,103573,26388,0.0239736685781608,800,178,525000,471910.112359551,8.80136024568492,TRUE,NA
"Beta left-high",5,403123,102,333,525000,110367,26242,0.0128055487097785,333,75,525000,466200,13.1205003813417,TRUE,NA
"Beta left-high",5,403123,102,800,525000,110367,26242,0.0233673416857391,800,189,525000,444444.444444444,8.61360666640153,TRUE,NA
"Beta left-high",5,403123,103,333,525000,104410,26376,0.0130997741895524,333,72,525000,485625,13.3305320903684,TRUE,NA
"Beta left-high",5,403123,103,800,525000,104410,26376,0.0240471306585201,800,169,525000,497041.420118343,8.96971373715795,TRUE,NA
"Beta left-high",5,403123,104,333,525000,102999,26238,0.0118131924927705,333,64,525000,546328.125,13.9665384732028,TRUE,NA
"Beta left-high",5,403123,104,800,525000,102999,26238,0.0221005064175998,800,148,525000,567567.567567568,9.42611979878208,TRUE,NA
"Beta left-high",5,403123,105,333,525000,99315,26260,0.0122818002788603,333,52,525000,672403.846153846,15.2026934860618,TRUE,NA
"Beta left-high",5,403123,105,800,525000,99315,26260,0.0230075911305609,800,152,525000,552631.578947368,9.33132576741561,TRUE,NA
"Beta left-high",5,403123,106,333,525000,103182,26120,0.013615974480427,333,81,525000,431666.666666667,12.738562989871,TRUE,NA
"Beta left-high",5,403123,106,800,525000,103182,26120,0.0234616806972547,800,163,525000,515337.423312883,9.09031683413498,TRUE,NA
"Beta left-high",5,403123,107,333,525000,107729,26181,0.0132767838656775,333,64,525000,546328.125,13.9665384732028,TRUE,NA
"Beta left-high",5,403123,107,800,525000,107729,26181,0.0249605393345491,800,183,525000,459016.393442623,8.71372340831366,TRUE,NA
"Beta left-high",5,403123,108,333,525000,109956,26159,0.01314037249915,333,75,525000,466200,13.1205003813417,TRUE,NA
"Beta left-high",5,403123,108,800,525000,109956,26159,0.0240206922630076,800,183,525000,459016.393442623,8.71372340831366,TRUE,NA
"Beta left-high",5,403123,109,333,525000,107158,26168,0.0130728949764011,333,64,525000,546328.125,13.9665384732028,TRUE,NA
"Beta left-high",5,403123,109,800,525000,107158,26168,0.0241125008143365,800,165,525000,509090.909090909,9.04932193589579,TRUE,NA
"Beta left-high",5,403123,110,333,525000,105360,26363,0.0137953037890566,333,71,525000,492464.788732394,13.4037034936613,TRUE,NA
"Beta left-high",5,403123,110,800,525000,105360,26363,0.0238710937520489,800,170,525000,494117.647058824,8.95029029167148,TRUE,NA
"Beta left-high",5,403123,111,333,525000,105766,26199,0.012895711247482,333,67,525000,521865.671641791,13.7137860660992,TRUE,NA
"Beta left-high",5,403123,111,800,525000,105766,26199,0.0235294378924801,800,160,525000,525000,9.15336915531238,TRUE,NA
"Beta left-high",5,403123,112,333,525000,102131,26225,0.012680758918842,333,54,525000,647500,14.96660890478,TRUE,NA
"Beta left-high",5,403123,112,800,525000,102131,26225,0.0233424001381291,800,142,525000,591549.295774648,9.57636163188774,TRUE,NA
"Beta left-high",5,403123,113,333,525000,108308,26038,0.0136462071544103,333,79,525000,442594.936708861,12.860656103188,TRUE,NA
"Beta left-high",5,403123,113,800,525000,108308,26038,0.0241730256310193,800,201,525000,417910.447761194,8.42825074819909,TRUE,NA
"Beta left-high",5,403123,114,333,525000,99908,26232,0.0126061373297117,333,59,525000,592627.118644068,14.4328002254304,TRUE,NA
"Beta left-high",5,403123,114,800,525000,99908,26232,0.0229785804026562,800,152,525000,552631.578947368,9.33132576741561,TRUE,NA
"Beta left-high",5,403123,115,333,525000,109406,26074,0.0134052096552585,333,64,525000,546328.125,13.9665384732028,TRUE,NA
"Beta left-high",5,403123,115,800,525000,109406,26074,0.0244885327190286,800,186,525000,451612.903225806,8.66300223673289,TRUE,NA
"Beta left-high",5,403123,116,333,525000,106966,26098,0.0123866793725029,333,69,525000,506739.130434783,13.5551367811372,TRUE,NA
"Beta left-high",5,403123,116,800,525000,106966,26098,0.0233895862367427,800,200,525000,420000,8.4429951375933,TRUE,NA
"Beta left-high",5,403123,117,333,525000,101057,26031,0.0132791202484379,333,71,525000,492464.788732394,13.4037034936613,TRUE,NA
"Beta left-high",5,403123,117,800,525000,101057,26031,0.0234019343099623,800,145,525000,579310.344827586,9.49998337550142,TRUE,NA
"Beta left-high",5,403123,118,333,525000,103811,26300,0.0122991596471622,333,47,525000,743936.170212766,15.8612784595146,TRUE,NA
"Beta left-high",5,403123,118,800,525000,103811,26300,0.02229794973698,800,141,525000,595744.680851064,9.60240348605634,TRUE,NA
"Beta left-high",5,403123,119,333,525000,107422,26365,0.0131326294172879,333,57,525000,613421.052631579,14.6373765892212,TRUE,NA
"Beta left-high",5,403123,119,800,525000,107422,26365,0.0240232190173639,800,153,525000,549019.607843137,9.30825676577559,TRUE,NA
"Beta left-high",5,403123,120,333,525000,108047,26469,0.0132189304500952,333,68,525000,514191.176470588,13.633525606125,TRUE,NA
"Beta left-high",5,403123,120,800,525000,108047,26469,0.0239728184978795,800,163,525000,515337.423312883,9.09031683413498,TRUE,NA
"Beta left-high",5,403123,121,333,525000,94665,25878,0.0130426716977626,333,63,525000,555000,14.0550473372953,TRUE,NA
"Beta left-high",5,403123,121,800,525000,94665,25878,0.0232219606568556,800,139,525000,604316.54676259,9.65539294573709,TRUE,NA
"Beta left-high",5,403123,122,333,525000,111489,26272,0.0134758031318807,333,87,525000,401896.551724138,12.3998679694215,TRUE,NA
"Beta left-high",5,403123,122,800,525000,111489,26272,0.0247757330567582,800,210,525000,4e+05,8.30079601679692,TRUE,NA
"Beta left-high",5,403123,123,333,525000,107399,26276,0.0131542910300782,333,80,525000,437062.5,12.7989920276346,TRUE,NA
"Beta left-high",5,403123,123,800,525000,107399,26276,0.0232304988250025,800,158,525000,531645.569620253,9.19648335691042,TRUE,NA
"Beta left-high",5,403123,124,333,525000,106109,26181,0.0128936315171872,333,71,525000,492464.788732394,13.4037034936613,TRUE,NA
"Beta left-high",5,403123,124,800,525000,106109,26181,0.0228472882929935,800,165,525000,509090.909090909,9.04932193589579,TRUE,NA
"Beta left-high",5,403123,125,333,525000,101430,26563,0.0121887641650604,333,68,525000,514191.176470588,13.633525606125,TRUE,NA
"Beta left-high",5,403123,125,800,525000,101430,26563,0.0234175773928324,800,143,525000,587412.587412587,9.55061447360817,TRUE,NA
"Beta left-high",5,403123,126,333,525000,103171,26285,0.0132780947244972,333,81,525000,431666.666666667,12.738562989871,TRUE,NA
"Beta left-high",5,403123,126,800,525000,103171,26285,0.0239972638613912,800,177,525000,474576.271186441,8.81937310893847,TRUE,NA
"Beta left-high",5,403123,127,333,525000,105111,26017,0.012952049326052,333,82,525000,426402.43902439,12.6793302834041,TRUE,NA
"Beta left-high",5,403123,127,800,525000,105111,26017,0.0231112897054172,800,194,525000,432989.69072165,8.53408217947316,TRUE,NA
"Beta left-high",5,403123,128,333,525000,105153,26561,0.0122593722134079,333,70,525000,499500,13.478551100938,TRUE,NA
"Beta left-high",5,403123,128,800,525000,105153,26561,0.0225681318468989,800,164,525000,512195.12195122,9.06971756172824,TRUE,NA
"Beta left-high",5,403123,129,333,525000,101372,26246,0.0128616870507696,333,77,525000,454090.909090909,12.9878530478899,TRUE,NA
"Beta left-high",5,403123,129,800,525000,101372,26246,0.0233666469646873,800,169,525000,497041.420118343,8.96971373715795,TRUE,NA
"Beta left-high",5,403123,130,333,525000,101353,25912,0.0137488880191063,333,72,525000,485625,13.3305320903684,TRUE,NA
"Beta left-high",5,403123,130,800,525000,101353,25912,0.0242366752966904,800,166,525000,506024.096385542,9.02912679880207,TRUE,NA
"Beta left-high",5,403123,131,333,525000,105567,26103,0.012468673995648,333,64,525000,546328.125,13.9665384732028,TRUE,NA
"Beta left-high",5,403123,131,800,525000,105567,26103,0.0226662858687973,800,153,525000,549019.607843137,9.30825676577559,TRUE,NA
"Beta left-high",5,403123,132,333,525000,112454,26238,0.0130882582763106,333,66,525000,529772.727272727,13.7959903029324,TRUE,NA
"Beta left-high",5,403123,132,800,525000,112454,26238,0.0233555531634472,800,158,525000,531645.569620253,9.19648335691042,TRUE,NA
"Beta left-high",5,403123,133,333,525000,104026,26582,0.012763319735043,333,62,525000,563951.612903226,14.1458304635712,TRUE,NA
"Beta left-high",5,403123,133,800,525000,104026,26582,0.0225715191470798,800,130,525000,646153.846153846,9.90995680194929,TRUE,NA
"Beta left-high",5,403123,134,333,525000,105080,25955,0.0131558294737046,333,78,525000,448269.230769231,12.9235956733636,TRUE,NA
"Beta left-high",5,403123,134,800,525000,105080,25955,0.0238464208112465,800,169,525000,497041.420118343,8.96971373715795,TRUE,NA
"Beta left-high",5,403123,135,333,525000,102090,26533,0.0122697027093427,333,69,525000,506739.130434783,13.5551367811372,TRUE,NA
"Beta left-high",5,403123,135,800,525000,102090,26533,0.0230659442229478,800,160,525000,525000,9.15336915531238,TRUE,NA
"Beta left-high",5,403123,136,333,525000,111176,26306,0.0132750200925687,333,65,525000,537923.076923077,13.8802143632441,TRUE,NA
"Beta left-high",5,403123,136,800,525000,111176,26306,0.0243340583951706,800,181,525000,464088.397790055,8.74830187396128,TRUE,NA
"Beta left-high",5,403123,137,333,525000,111103,26413,0.0127062584404103,333,70,525000,499500,13.478551100938,TRUE,NA
"Beta left-high",5,403123,137,800,525000,111103,26413,0.023545502375354,800,167,525000,502994.011976048,9.00912905970284,TRUE,NA
"Beta left-high",5,403123,138,333,525000,109520,26533,0.0118276577863108,333,70,525000,499500,13.478551100938,TRUE,NA
"Beta left-high",5,403123,138,800,525000,109520,26533,0.022474273067827,800,172,525000,488372.093023256,8.91199763112317,TRUE,NA
"Beta left-high",5,403123,139,333,525000,104365,26405,0.012295848396416,333,60,525000,582750,14.3346037123501,TRUE,NA
"Beta left-high",5,403123,139,800,525000,104365,26405,0.0230481584139128,800,165,525000,509090.909090909,9.04932193589579,TRUE,NA
"Beta left-high",5,403123,140,333,525000,104409,26160,0.012901822299105,333,55,525000,635727.272727273,14.853699160197,TRUE,NA
"Beta left-high",5,403123,140,800,525000,104409,26160,0.0234536079694324,800,149,525000,563758.389261745,9.4020349315005,TRUE,NA
"Beta left-high",5,403123,141,333,525000,108527,26289,0.0134326920087644,333,91,525000,384230.769230769,12.1944375357605,TRUE,NA
"Beta left-high",5,403123,141,800,525000,108527,26289,0.0236001549045026,800,186,525000,451612.903225806,8.66300223673289,TRUE,NA
"Beta left-high",5,403123,142,333,525000,102557,26234,0.0125554545795135,333,56,525000,624375,14.7440030349591,TRUE,NA
"Beta left-high",5,403123,142,800,525000,102557,26234,0.02287873983146,800,139,525000,604316.54676259,9.65539294573709,TRUE,NA
"Beta left-high",5,403123,143,333,525000,108785,26277,0.0117560830861257,333,63,525000,555000,14.0550473372953,TRUE,NA
"Beta left-high",5,403123,143,800,525000,108785,26277,0.0227384916947466,800,164,525000,512195.12195122,9.06971756172824,TRUE,NA
"Beta left-high",5,403123,144,333,525000,105923,26191,0.0128731502006025,333,72,525000,485625,13.3305320903684,TRUE,NA
"Beta left-high",5,403123,144,800,525000,105923,26191,0.0233980675675651,800,164,525000,512195.12195122,9.06971756172824,TRUE,NA
"Beta left-high",5,403123,145,333,525000,95046,26229,0.012487855794747,333,40,525000,874125,16.9945343249956,TRUE,NA
"Beta left-high",5,403123,145,800,525000,95046,26229,0.0234844194058752,800,143,525000,587412.587412587,9.55061447360817,TRUE,NA
"Beta left-high",5,403123,146,333,525000,107070,26240,0.0123096800120555,333,55,525000,635727.272727273,14.853699160197,TRUE,NA
"Beta left-high",5,403123,146,800,525000,107070,26240,0.022914753011102,800,135,525000,622222.222222222,9.76515442619819,TRUE,NA
"Beta left-high",5,403123,147,333,525000,104159,26353,0.0128805868542131,333,55,525000,635727.272727273,14.853699160197,TRUE,NA
"Beta left-high",5,403123,147,800,525000,104159,26353,0.0235948491722457,800,132,525000,636363.636363636,9.85097673588766,TRUE,NA
"Beta left-high",5,403123,148,333,525000,106232,26242,0.0130773687056065,333,62,525000,563951.612903226,14.1458304635712,TRUE,NA
"Beta left-high",5,403123,148,800,525000,106232,26242,0.0234466191731437,800,173,525000,485549.132947977,8.89312291051442,TRUE,NA
"Beta left-high",5,403123,149,333,525000,108966,26146,0.0127386848504843,333,67,525000,521865.671641791,13.7137860660992,TRUE,NA
"Beta left-high",5,403123,149,800,525000,108966,26146,0.0229723933027085,800,155,525000,541935.483870968,9.26284491534227,TRUE,NA
"Beta left-high",5,403123,150,333,525000,102599,26344,0.0121472375588432,333,70,525000,499500,13.478551100938,TRUE,NA
"Beta left-high",5,403123,150,800,525000,102599,26344,0.0227304365757313,800,148,525000,567567.567567568,9.42611979878208,TRUE,NA
"Beta left-high",5,403123,151,333,525000,105427,26810,0.012616995228999,333,68,525000,514191.176470588,13.633525606125,TRUE,NA
"Beta left-high",5,403123,151,800,525000,105427,26810,0.0230251123566893,800,162,525000,518518.518518519,9.11112297991595,TRUE,NA
"Beta left-high",5,403123,152,333,525000,111456,26294,0.0123600335863092,333,69,525000,506739.130434783,13.5551367811372,TRUE,NA
"Beta left-high",5,403123,152,800,525000,111456,26294,0.0224621362224254,800,160,525000,525000,9.15336915531238,TRUE,NA
"Beta left-high",5,403123,153,333,525000,102122,26271,0.0125382477454604,333,58,525000,602844.827586207,14.5336846679327,TRUE,NA
"Beta left-high",5,403123,153,800,525000,102122,26271,0.0235116622449517,800,161,525000,521739.130434783,9.13213929677269,TRUE,NA
"Beta left-high",5,403123,154,333,525000,105827,26142,0.0128654007894509,333,75,525000,466200,13.1205003813417,TRUE,NA
"Beta left-high",5,403123,154,800,525000,105827,26142,0.023741632992796,800,160,525000,525000,9.15336915531238,TRUE,NA
"Beta left-high",5,403123,155,333,525000,103595,26368,0.0127744515466425,333,72,525000,485625,13.3305320903684,TRUE,NA
"Beta left-high",5,403123,155,800,525000,103595,26368,0.023800041081283,800,174,525000,482758.620689655,8.87442568627627,TRUE,NA
"Beta left-high",5,403123,156,333,525000,104735,26070,0.0140445919668066,333,74,525000,472500,13.1889852550751,TRUE,NA
"Beta left-high",5,403123,156,800,525000,104735,26070,0.0237975825666757,800,164,525000,512195.12195122,9.06971756172824,TRUE,NA
"Beta left-high",5,403123,157,333,525000,106776,26078,0.0125182375818847,333,66,525000,529772.727272727,13.7959903029324,TRUE,NA
"Beta left-high",5,403123,157,800,525000,106776,26078,0.0239105291226526,800,169,525000,497041.420118343,8.96971373715795,TRUE,NA
"Beta left-high",5,403123,158,333,525000,107253,26352,0.0125758351567554,333,54,525000,647500,14.96660890478,TRUE,NA
"Beta left-high",5,403123,158,800,525000,107253,26352,0.0224073192638935,800,133,525000,631578.947368421,9.82202305119653,TRUE,NA
"Beta left-high",5,403123,159,333,525000,99118,26206,0.012527952000174,333,60,525000,582750,14.3346037123501,TRUE,NA
"Beta left-high",5,403123,159,800,525000,99118,26206,0.0234201642751795,800,139,525000,604316.54676259,9.65539294573709,TRUE,NA
"Beta left-high",5,403123,160,333,525000,101213,26206,0.0134044719944032,333,80,525000,437062.5,12.7989920276346,TRUE,NA
"Beta left-high",5,403123,160,800,525000,101213,26206,0.0248502363105868,800,165,525000,509090.909090909,9.04932193589579,TRUE,NA
"Beta left-high",5,403123,161,333,525000,106727,26217,0.0134047757484499,333,80,525000,437062.5,12.7989920276346,TRUE,NA
"Beta left-high",5,403123,161,800,525000,106727,26217,0.0241457075599535,800,173,525000,485549.132947977,8.89312291051442,TRUE,NA
"Beta left-high",5,403123,162,333,525000,103457,26354,0.0131644938566769,333,71,525000,492464.788732394,13.4037034936613,TRUE,NA
"Beta left-high",5,403123,162,800,525000,103457,26354,0.0235765735634559,800,162,525000,518518.518518519,9.11112297991595,TRUE,NA
"Beta left-high",5,403123,163,333,525000,101469,26140,0.0125236828183691,333,57,525000,613421.052631579,14.6373765892212,TRUE,NA
"Beta left-high",5,403123,163,800,525000,101469,26140,0.0230018927261515,800,168,525000,5e+05,8.98932569313369,TRUE,NA
"Beta left-high",5,403123,164,333,525000,104033,26404,0.0131358919813075,333,75,525000,466200,13.1205003813417,TRUE,NA
"Beta left-high",5,403123,164,800,525000,104033,26404,0.0231444747720828,800,138,525000,608695.652173913,9.68235172927353,TRUE,NA
"Beta left-high",5,403123,165,333,525000,103680,26298,0.0129460960903326,333,60,525000,582750,14.3346037123501,TRUE,NA
"Beta left-high",5,403123,165,800,525000,103680,26298,0.0228944247223878,800,157,525000,535031.847133758,9.21837482473715,TRUE,NA
"Beta left-high",5,403123,166,333,525000,108484,26094,0.0123974518399069,333,50,525000,699300,15.4536143643956,TRUE,NA
"Beta left-high",5,403123,166,800,525000,108484,26094,0.0232098809210731,800,156,525000,538461.538461538,9.24049408830438,TRUE,NA
"Beta left-high",5,403123,167,333,525000,108065,26263,0.0126791501880515,333,56,525000,624375,14.7440030349591,TRUE,NA
"Beta left-high",5,403123,167,800,525000,108065,26263,0.0227069661225721,800,135,525000,622222.222222222,9.76515442619819,TRUE,NA
"Beta left-high",5,403123,168,333,525000,107846,26247,0.0125938851463273,333,76,525000,460065.789473684,13.0534724993725,TRUE,NA
"Beta left-high",5,403123,168,800,525000,107846,26247,0.0232814397537273,800,163,525000,515337.423312883,9.09031683413498,TRUE,NA
"Beta left-high",5,403123,169,333,525000,102198,26341,0.0126789361040518,333,54,525000,647500,14.96660890478,TRUE,NA
"Beta left-high",5,403123,169,800,525000,102198,26341,0.0235572087473813,800,151,525000,556291.390728477,9.35464229440858,TRUE,NA
"Beta left-high",5,403123,170,333,525000,101080,26371,0.0132927666226705,333,50,525000,699300,15.4536143643956,TRUE,NA
"Beta left-high",5,403123,170,800,525000,101080,26371,0.0235267941100733,800,132,525000,636363.636363636,9.85097673588766,TRUE,NA
"Beta left-high",5,403123,171,333,525000,105125,26057,0.0127338366393098,333,68,525000,514191.176470588,13.633525606125,TRUE,NA
"Beta left-high",5,403123,171,800,525000,105125,26057,0.0230336794023874,800,161,525000,521739.130434783,9.13213929677269,TRUE,NA
"Beta left-high",5,403123,172,333,525000,108333,26569,0.0128223671448591,333,68,525000,514191.176470588,13.633525606125,TRUE,NA
"Beta left-high",5,403123,172,800,525000,108333,26569,0.0230570050242559,800,159,525000,528301.886792453,9.17481600112124,TRUE,NA
"Beta left-high",5,403123,173,333,525000,101451,26105,0.0126320503448707,333,62,525000,563951.612903226,14.1458304635712,TRUE,NA
"Beta left-high",5,403123,173,800,525000,101451,26105,0.0228713682790514,800,161,525000,521739.130434783,9.13213929677269,TRUE,NA
"Beta left-high",5,403123,174,333,525000,107806,26341,0.0131761315138907,333,76,525000,460065.789473684,13.0534724993725,TRUE,NA
"Beta left-high",5,403123,174,800,525000,107806,26341,0.0237230733503206,800,168,525000,5e+05,8.98932569313369,TRUE,NA
"Beta left-high",5,403123,175,333,525000,111472,26328,0.0130709786365577,333,67,525000,521865.671641791,13.7137860660992,TRUE,NA
"Beta left-high",5,403123,175,800,525000,111472,26328,0.0231191178286576,800,163,525000,515337.423312883,9.09031683413498,TRUE,NA
"Beta left-high",5,403123,176,333,525000,106879,26158,0.0125063941959523,333,67,525000,521865.671641791,13.7137860660992,TRUE,NA
"Beta left-high",5,403123,176,800,525000,106879,26158,0.022909879526979,800,159,525000,528301.886792453,9.17481600112124,TRUE,NA
"Beta left-high",5,403123,177,333,525000,106724,26334,0.0129327606899385,333,69,525000,506739.130434783,13.5551367811372,TRUE,NA
"Beta left-high",5,403123,177,800,525000,106724,26334,0.023961748210126,800,185,525000,454054.054054054,8.67975926782984,TRUE,NA
"Beta left-high",5,403123,178,333,525000,97674,25951,0.0133857487921323,333,64,525000,546328.125,13.9665384732028,TRUE,NA
"Beta left-high",5,403123,178,800,525000,97674,25951,0.0240607255174936,800,160,525000,525000,9.15336915531238,TRUE,NA
"Beta left-high",5,403123,179,333,525000,108091,26220,0.0132816262754291,333,45,525000,777000,16.1566215263488,TRUE,NA
"Beta left-high",5,403123,179,800,525000,108091,26220,0.0241463284121938,800,151,525000,556291.390728477,9.35464229440858,TRUE,NA
"Beta left-high",5,403123,180,333,525000,104079,26376,0.0120121902970707,333,64,525000,546328.125,13.9665384732028,TRUE,NA
"Beta left-high",5,403123,180,800,525000,104079,26376,0.0229469128734739,800,157,525000,535031.847133758,9.21837482473715,TRUE,NA
"Beta left-high",5,403123,181,333,525000,105456,26242,0.0121751110565052,333,70,525000,499500,13.478551100938,TRUE,NA
"Beta left-high",5,403123,181,800,525000,105456,26242,0.0225198618240755,800,175,525000,480000,8.85590334388769,TRUE,NA
"Beta left-high",5,403123,182,333,525000,104564,26451,0.0125946197113339,333,64,525000,546328.125,13.9665384732028,TRUE,NA
"Beta left-high",5,403123,182,800,525000,104564,26451,0.0222843816107675,800,148,525000,567567.567567568,9.42611979878208,TRUE,NA
"Beta left-high",5,403123,183,333,525000,102237,26164,0.0130340159248708,333,55,525000,635727.272727273,14.853699160197,TRUE,NA
"Beta left-high",5,403123,183,800,525000,102237,26164,0.0236454615218882,800,137,525000,613138.686131387,9.70962757387486,TRUE,NA
"Beta left-high",5,403123,184,333,525000,112204,26143,0.0130222854983568,333,70,525000,499500,13.478551100938,TRUE,NA
"Beta left-high",5,403123,184,800,525000,112204,26143,0.0235797079509828,800,151,525000,556291.390728477,9.35464229440858,TRUE,NA
"Beta left-high",5,403123,185,333,525000,104573,26369,0.0125310696644359,333,60,525000,582750,14.3346037123501,TRUE,NA
"Beta left-high",5,403123,185,800,525000,104573,26369,0.0232278786904517,800,164,525000,512195.12195122,9.06971756172824,TRUE,NA
"Beta left-high",5,403123,186,333,525000,104957,26116,0.0142620136506579,333,92,525000,380054.347826087,12.1453632756442,TRUE,NA
"Beta left-high",5,403123,186,800,525000,104957,26116,0.0242578579507683,800,189,525000,444444.444444444,8.61360666640153,TRUE,NA
"Beta left-high",5,403123,187,333,525000,107757,26260,0.0129382957993677,333,72,525000,485625,13.3305320903684,TRUE,NA
"Beta left-high",5,403123,187,800,525000,107757,26260,0.0228416809395079,800,153,525000,549019.607843137,9.30825676577559,TRUE,NA
"Beta left-high",5,403123,188,333,525000,100663,26118,0.0124785552433217,333,60,525000,582750,14.3346037123501,TRUE,NA
"Beta left-high",5,403123,188,800,525000,100663,26118,0.0237525335706227,800,165,525000,509090.909090909,9.04932193589579,TRUE,NA
"Beta left-high",5,403123,189,333,525000,105951,26392,0.0125067013180298,333,63,525000,555000,14.0550473372953,TRUE,NA
"Beta left-high",5,403123,189,800,525000,105951,26392,0.0229499738181579,800,166,525000,506024.096385542,9.02912679880207,TRUE,NA
"Beta left-high",5,403123,190,333,525000,108145,25967,0.0125319195696328,333,50,525000,699300,15.4536143643956,TRUE,NA
"Beta left-high",5,403123,190,800,525000,108145,25967,0.022634025807989,800,132,525000,636363.636363636,9.85097673588766,TRUE,NA
"Beta left-high",5,403123,191,333,525000,111072,26081,0.0130323297187949,333,73,525000,478972.602739726,13.2589780259761,TRUE,NA
"Beta left-high",5,403123,191,800,525000,111072,26081,0.0238422292080388,800,165,525000,509090.909090909,9.04932193589579,TRUE,NA
"Beta left-high",5,403123,192,333,525000,105060,26065,0.0126245829375104,333,61,525000,573196.721311475,14.2389825181774,TRUE,NA
"Beta left-high",5,403123,192,800,525000,105060,26065,0.0229578210160216,800,158,525000,531645.569620253,9.19648335691042,TRUE,NA
"Beta left-high",5,403123,193,333,525000,105172,26185,0.0125868148341398,333,68,525000,514191.176470588,13.633525606125,TRUE,NA
"Beta left-high",5,403123,193,800,525000,105172,26185,0.0228520153405494,800,141,525000,595744.680851064,9.60240348605634,TRUE,NA
"Beta left-high",5,403123,194,333,525000,103477,26548,0.0134423682413317,333,60,525000,582750,14.3346037123501,TRUE,NA
"Beta left-high",5,403123,194,800,525000,103477,26548,0.0237782359686104,800,156,525000,538461.538461538,9.24049408830438,TRUE,NA
"Beta left-high",5,403123,195,333,525000,101550,26198,0.0125344276214161,333,84,525000,416250,12.5643072220904,TRUE,NA
"Beta left-high",5,403123,195,800,525000,101550,26198,0.0234438136642754,800,186,525000,451612.903225806,8.66300223673289,TRUE,NA
"Beta left-high",5,403123,196,333,525000,104176,26082,0.0128164814364877,333,68,525000,514191.176470588,13.633525606125,TRUE,NA
"Beta left-high",5,403123,196,800,525000,104176,26082,0.0231692768553596,800,153,525000,549019.607843137,9.30825676577559,TRUE,NA
"Beta left-high",5,403123,197,333,525000,107541,26076,0.0138071810091103,333,70,525000,499500,13.478551100938,TRUE,NA
"Beta left-high",5,403123,197,800,525000,107541,26076,0.0237460066096593,800,148,525000,567567.567567568,9.42611979878208,TRUE,NA
"Beta left-high",5,403123,198,333,525000,101009,26319,0.0129414731992565,333,67,525000,521865.671641791,13.7137860660992,TRUE,NA
"Beta left-high",5,403123,198,800,525000,101009,26319,0.023615374139886,800,159,525000,528301.886792453,9.17481600112124,TRUE,NA
"Beta left-high",5,403123,199,333,525000,102786,26270,0.012683451769756,333,58,525000,602844.827586207,14.5336846679327,TRUE,NA
"Beta left-high",5,403123,199,800,525000,102786,26270,0.0232578355408296,800,157,525000,535031.847133758,9.21837482473715,TRUE,NA
"Beta left-high",5,403123,200,333,525000,105958,26038,0.0132356234918716,333,63,525000,555000,14.0550473372953,TRUE,NA
"Beta left-high",5,403123,200,800,525000,105958,26038,0.023513545830261,800,141,525000,595744.680851064,9.60240348605634,TRUE,NA
"Beta left-high",5,403123,201,333,525000,110260,26095,0.0133770027472589,333,76,525000,460065.789473684,13.0534724993725,TRUE,NA
"Beta left-high",5,403123,201,800,525000,110260,26095,0.0234139201361889,800,174,525000,482758.620689655,8.87442568627627,TRUE,NA
"Beta left-high",5,403123,202,333,525000,106578,26347,0.0125560822137234,333,60,525000,582750,14.3346037123501,TRUE,NA
"Beta left-high",5,403123,202,800,525000,106578,26347,0.023241557691304,800,156,525000,538461.538461538,9.24049408830438,TRUE,NA
"Beta left-high",5,403123,203,333,525000,109380,26191,0.012175893641596,333,82,525000,426402.43902439,12.6793302834041,TRUE,NA
"Beta left-high",5,403123,203,800,525000,109380,26191,0.0219455357494274,800,173,525000,485549.132947977,8.89312291051442,TRUE,NA
"Beta left-high",5,403123,204,333,525000,102004,26186,0.0124097675782122,333,48,525000,728437.5,15.7209265075818,TRUE,NA
"Beta left-high",5,403123,204,800,525000,102004,26186,0.0232684476136699,800,152,525000,552631.578947368,9.33132576741561,TRUE,NA
"Beta left-high",5,403123,205,333,525000,107175,26400,0.0129588708983364,333,63,525000,555000,14.0550473372953,TRUE,NA
"Beta left-high",5,403123,205,800,525000,107175,26400,0.023324444095332,800,162,525000,518518.518518519,9.11112297991595,TRUE,NA
"Beta left-high",5,403123,206,333,525000,99866,25994,0.0128444399017165,333,69,525000,506739.130434783,13.5551367811372,TRUE,NA
"Beta left-high",5,403123,206,800,525000,99866,25994,0.023194527807943,800,160,525000,525000,9.15336915531238,TRUE,NA
"Beta left-high",5,403123,207,333,525000,103158,26462,0.0122235136001342,333,56,525000,624375,14.7440030349591,TRUE,NA
"Beta left-high",5,403123,207,800,525000,103158,26462,0.023049952858869,800,145,525000,579310.344827586,9.49998337550142,TRUE,NA
"Beta left-high",5,403123,208,333,525000,104942,26223,0.0129089118346018,333,61,525000,573196.721311475,14.2389825181774,TRUE,NA
"Beta left-high",5,403123,208,800,525000,104942,26223,0.0233789410885996,800,151,525000,556291.390728477,9.35464229440858,TRUE,NA
"Beta left-high",5,403123,209,333,525000,105464,26229,0.0140130534207423,333,68,525000,514191.176470588,13.633525606125,TRUE,NA
"Beta left-high",5,403123,209,800,525000,105464,26229,0.0241664165581147,800,152,525000,552631.578947368,9.33132576741561,TRUE,NA
"Beta left-high",5,403123,210,333,525000,101745,26347,0.0125562263355006,333,68,525000,514191.176470588,13.633525606125,TRUE,NA
"Beta left-high",5,403123,210,800,525000,101745,26347,0.0228246881300403,800,158,525000,531645.569620253,9.19648335691042,TRUE,NA
"Beta left-high",5,403123,211,333,525000,103120,26265,0.0131533073119763,333,60,525000,582750,14.3346037123501,TRUE,NA
"Beta left-high",5,403123,211,800,525000,103120,26265,0.0234858685881285,800,155,525000,541935.483870968,9.26284491534227,TRUE,NA
"Beta left-high",5,403123,212,333,525000,108530,26247,0.0131685775988164,333,63,525000,555000,14.0550473372953,TRUE,NA
"Beta left-high",5,403123,212,800,525000,108530,26247,0.0235913498149154,800,162,525000,518518.518518519,9.11112297991595,TRUE,NA
"Beta left-high",5,403123,213,333,525000,102669,26247,0.0125709740073578,333,52,525000,672403.846153846,15.2026934860618,TRUE,NA
"Beta left-high",5,403123,213,800,525000,102669,26247,0.0230462950749303,800,155,525000,541935.483870968,9.26284491534227,TRUE,NA
"Beta left-high",5,403123,214,333,525000,102116,26313,0.01244624583695,333,59,525000,592627.118644068,14.4328002254304,TRUE,NA
"Beta left-high",5,403123,214,800,525000,102116,26313,0.0227833245819579,800,144,525000,583333.333333333,9.52515676185271,TRUE,NA
"Beta left-high",5,403123,215,333,525000,104198,26172,0.0124812389779464,333,76,525000,460065.789473684,13.0534724993725,TRUE,NA
"Beta left-high",5,403123,215,800,525000,104198,26172,0.0239952675777464,800,180,525000,466666.666666667,8.76582696891626,TRUE,NA
"Beta left-high",5,403123,216,333,525000,109411,26294,0.012662019253104,333,77,525000,454090.909090909,12.9878530478899,TRUE,NA
"Beta left-high",5,403123,216,800,525000,109411,26294,0.0235252179651701,800,166,525000,506024.096385542,9.02912679880207,TRUE,NA
"Beta left-high",5,403123,217,333,525000,101245,26274,0.0121307678825884,333,55,525000,635727.272727273,14.853699160197,TRUE,NA
"Beta left-high",5,403123,217,800,525000,101245,26274,0.0231993194620753,800,147,525000,571428.571428571,9.45046971201844,TRUE,NA
"Beta left-high",5,403123,218,333,525000,98412,26146,0.0126078106655532,333,67,525000,521865.671641791,13.7137860660992,TRUE,NA
"Beta left-high",5,403123,218,800,525000,98412,26146,0.0231235504202183,800,147,525000,571428.571428571,9.45046971201844,TRUE,NA
"Beta left-high",5,403123,219,333,525000,108533,26355,0.0129259000424448,333,65,525000,537923.076923077,13.8802143632441,TRUE,NA
"Beta left-high",5,403123,219,800,525000,108533,26355,0.0234807275824674,800,163,525000,515337.423312883,9.09031683413498,TRUE,NA
"Beta left-high",5,403123,220,333,525000,103505,26573,0.0128300930151894,333,68,525000,514191.176470588,13.633525606125,TRUE,NA
"Beta left-high",5,403123,220,800,525000,103505,26573,0.0248526879756201,800,162,525000,518518.518518519,9.11112297991595,TRUE,NA
"Beta left-high",5,403123,221,333,525000,105262,26060,0.0127842195462779,333,62,525000,563951.612903226,14.1458304635712,TRUE,NA
"Beta left-high",5,403123,221,800,525000,105262,26060,0.0227110770588918,800,154,525000,545454.545454545,9.28543116007485,TRUE,NA
"Beta left-high",5,403123,222,333,525000,102683,26304,0.0124354228331399,333,63,525000,555000,14.0550473372953,TRUE,NA
"Beta left-high",5,403123,222,800,525000,102683,26304,0.0226256066115504,800,146,525000,575342.465753425,9.47508931769804,TRUE,NA
"Beta left-high",5,403123,223,333,525000,104887,26011,0.0127635030940315,333,62,525000,563951.612903226,14.1458304635712,TRUE,NA
"Beta left-high",5,403123,223,800,525000,104887,26011,0.0226061301729806,800,136,525000,617647.058823529,9.7372264355991,TRUE,NA
"Beta left-high",5,403123,224,333,525000,105040,26320,0.0121206420986843,333,63,525000,555000,14.0550473372953,TRUE,NA
"Beta left-high",5,403123,224,800,525000,105040,26320,0.0228206183365198,800,143,525000,587412.587412587,9.55061447360817,TRUE,NA
"Beta left-high",5,403123,225,333,525000,103881,26240,0.0132080869934861,333,56,525000,624375,14.7440030349591,TRUE,NA
"Beta left-high",5,403123,225,800,525000,103881,26240,0.023887697592263,800,138,525000,608695.652173913,9.68235172927353,TRUE,NA
"Beta left-high",5,403123,226,333,525000,105107,26298,0.0126607850722992,333,73,525000,478972.602739726,13.2589780259761,TRUE,NA
"Beta left-high",5,403123,226,800,525000,105107,26298,0.023327729550753,800,158,525000,531645.569620253,9.19648335691042,TRUE,NA
"Beta left-high",5,403123,227,333,525000,108926,26217,0.0127575175967155,333,74,525000,472500,13.1889852550751,TRUE,NA
"Beta left-high",5,403123,227,800,525000,108926,26217,0.0234012299914008,800,188,525000,446808.510638298,8.6299279403206,TRUE,NA
"Beta left-high",5,403123,228,333,525000,107353,26461,0.0129235766648999,333,56,525000,624375,14.7440030349591,TRUE,NA
"Beta left-high",5,403123,228,800,525000,107353,26461,0.0233690242832001,800,160,525000,525000,9.15336915531238,TRUE,NA
"Beta left-high",5,403123,229,333,525000,102739,26444,0.0127730479737328,333,55,525000,635727.272727273,14.853699160197,TRUE,NA
"Beta left-high",5,403123,229,800,525000,102739,26444,0.0230111597429614,800,141,525000,595744.680851064,9.60240348605634,TRUE,NA
"Beta left-high",5,403123,230,333,525000,107566,26335,0.0131282619354573,333,92,525000,380054.347826087,12.1453632756442,TRUE,NA
"Beta left-high",5,403123,230,800,525000,107566,26335,0.0235006034743752,800,196,525000,428571.428571429,8.5032096914453,TRUE,NA
"Beta left-high",5,403123,231,333,525000,105275,26376,0.0126858245065598,333,60,525000,582750,14.3346037123501,TRUE,NA
"Beta left-high",5,403123,231,800,525000,105275,26376,0.0232254861247587,800,152,525000,552631.578947368,9.33132576741561,TRUE,NA
"Beta left-high",5,403123,232,333,525000,109091,26211,0.0127064278856655,333,61,525000,573196.721311475,14.2389825181774,TRUE,NA
"Beta left-high",5,403123,232,800,525000,109091,26211,0.0232974743874114,800,173,525000,485549.132947977,8.89312291051442,TRUE,NA
"Beta left-high",5,403123,233,333,525000,103021,26103,0.012235617461121,333,66,525000,529772.727272727,13.7959903029324,TRUE,NA
"Beta left-high",5,403123,233,800,525000,103021,26103,0.0233352154265291,800,154,525000,545454.545454545,9.28543116007485,TRUE,NA
"Beta left-high",5,403123,234,333,525000,108678,26471,0.0123513102090282,333,55,525000,635727.272727273,14.853699160197,TRUE,NA
"Beta left-high",5,403123,234,800,525000,108678,26471,0.0237150492315959,800,154,525000,545454.545454545,9.28543116007485,TRUE,NA
"Beta left-high",5,403123,235,333,525000,102022,26410,0.013078460020953,333,64,525000,546328.125,13.9665384732028,TRUE,NA
"Beta left-high",5,403123,235,800,525000,102022,26410,0.0240345331808344,800,161,525000,521739.130434783,9.13213929677269,TRUE,NA
"Beta left-high",5,403123,236,333,525000,105603,26335,0.0130122841444453,333,77,525000,454090.909090909,12.9878530478899,TRUE,NA
"Beta left-high",5,403123,236,800,525000,105603,26335,0.0243773325380711,800,185,525000,454054.054054054,8.67975926782984,TRUE,NA
"Beta left-high",5,403123,237,333,525000,104226,26580,0.013208720457671,333,75,525000,466200,13.1205003813417,TRUE,NA
"Beta left-high",5,403123,237,800,525000,104226,26580,0.0231281447577808,800,164,525000,512195.12195122,9.06971756172824,TRUE,NA
"Beta left-high",5,403123,238,333,525000,101232,26509,0.0122702780945091,333,65,525000,537923.076923077,13.8802143632441,TRUE,NA
"Beta left-high",5,403123,238,800,525000,101232,26509,0.0232593167331503,800,145,525000,579310.344827586,9.49998337550142,TRUE,NA
"Beta left-high",5,403123,239,333,525000,105893,26420,0.0126867370667934,333,67,525000,521865.671641791,13.7137860660992,TRUE,NA
"Beta left-high",5,403123,239,800,525000,105893,26420,0.0227817579572769,800,143,525000,587412.587412587,9.55061447360817,TRUE,NA
"Beta left-high",5,403123,240,333,525000,112234,26133,0.0123612046143536,333,60,525000,582750,14.3346037123501,TRUE,NA
"Beta left-high",5,403123,240,800,525000,112234,26133,0.0232441349883595,800,160,525000,525000,9.15336915531238,TRUE,NA
"Beta left-high",5,403123,241,333,525000,104399,26301,0.0127630522041199,333,55,525000,635727.272727273,14.853699160197,TRUE,NA
"Beta left-high",5,403123,241,800,525000,104399,26301,0.0232530967557113,800,158,525000,531645.569620253,9.19648335691042,TRUE,NA
"Beta left-high",5,403123,242,333,525000,103954,26347,0.0125075215714217,333,73,525000,478972.602739726,13.2589780259761,TRUE,NA
"Beta left-high",5,403123,242,800,525000,103954,26347,0.022898410382599,800,166,525000,506024.096385542,9.02912679880207,TRUE,NA
"Beta left-high",5,403123,243,333,525000,106416,26526,0.0130422697407684,333,78,525000,448269.230769231,12.9235956733636,TRUE,NA
"Beta left-high",5,403123,243,800,525000,106416,26526,0.0229957618842908,800,159,525000,528301.886792453,9.17481600112124,TRUE,NA
"Beta left-high",5,403123,244,333,525000,102992,25880,0.0130061811107299,333,64,525000,546328.125,13.9665384732028,TRUE,NA
"Beta left-high",5,403123,244,800,525000,102992,25880,0.023359775585938,800,141,525000,595744.680851064,9.60240348605634,TRUE,NA
"Beta left-high",5,403123,245,333,525000,104185,26087,0.0128621662862901,333,68,525000,514191.176470588,13.633525606125,TRUE,NA
"Beta left-high",5,403123,245,800,525000,104185,26087,0.0233221586108906,800,182,525000,461538.461538462,8.7309347631556,TRUE,NA
"Beta left-high",5,403123,246,333,525000,107809,26139,0.012744416995479,333,76,525000,460065.789473684,13.0534724993725,TRUE,NA
"Beta left-high",5,403123,246,800,525000,107809,26139,0.0232357599402612,800,171,525000,491228.070175439,8.93105251676233,TRUE,NA
"Beta left-high",5,403123,247,333,525000,102014,26272,0.013627569555276,333,74,525000,472500,13.1889852550751,TRUE,NA
"Beta left-high",5,403123,247,800,525000,102014,26272,0.0240824293392014,800,172,525000,488372.093023256,8.91199763112317,TRUE,NA
"Beta left-high",5,403123,248,333,525000,103563,26205,0.0134921943981171,333,62,525000,563951.612903226,14.1458304635712,TRUE,NA
"Beta left-high",5,403123,248,800,525000,103563,26205,0.0242842448968732,800,144,525000,583333.333333333,9.52515676185271,TRUE,NA
"Beta left-high",5,403123,249,333,525000,104804,26250,0.0129775486513338,333,65,525000,537923.076923077,13.8802143632441,TRUE,NA
"Beta left-high",5,403123,249,800,525000,104804,26250,0.0235042543294108,800,149,525000,563758.389261745,9.4020349315005,TRUE,NA
"Beta left-high",5,403123,250,333,525000,104260,26017,0.0136200696434126,333,68,525000,514191.176470588,13.633525606125,TRUE,NA
"Beta left-high",5,403123,250,800,525000,104260,26017,0.0241600755515893,800,173,525000,485549.132947977,8.89312291051442,TRUE,NA
"Beta left-high",5,403123,251,333,525000,104972,26246,0.0127053639209681,333,69,525000,506739.130434783,13.5551367811372,TRUE,NA
"Beta left-high",5,403123,251,800,525000,104972,26246,0.0227313322487722,800,160,525000,525000,9.15336915531238,TRUE,NA
"Beta left-high",5,403123,252,333,525000,103898,26518,0.0125436896091256,333,68,525000,514191.176470588,13.633525606125,TRUE,NA
"Beta left-high",5,403123,252,800,525000,103898,26518,0.0225340753515499,800,174,525000,482758.620689655,8.87442568627627,TRUE,NA
"Beta left-high",5,403123,253,333,525000,106126,26607,0.0127382793861948,333,67,525000,521865.671641791,13.7137860660992,TRUE,NA
"Beta left-high",5,403123,253,800,525000,106126,26607,0.0232184544324513,800,163,525000,515337.423312883,9.09031683413498,TRUE,NA
"Beta left-high",5,403123,254,333,525000,101508,26193,0.0133122690867865,333,66,525000,529772.727272727,13.7959903029324,TRUE,NA
"Beta left-high",5,403123,254,800,525000,101508,26193,0.0238639169416036,800,157,525000,535031.847133758,9.21837482473715,TRUE,NA
"Beta left-high",5,403123,255,333,525000,105812,26623,0.012740058934409,333,68,525000,514191.176470588,13.633525606125,TRUE,NA
"Beta left-high",5,403123,255,800,525000,105812,26623,0.0223340463211195,800,152,525000,552631.578947368,9.33132576741561,TRUE,NA
"Beta left-high",5,403123,256,333,525000,99849,26287,0.0124238397578081,333,75,525000,466200,13.1205003813417,TRUE,NA
"Beta left-high",5,403123,256,800,525000,99849,26287,0.0228283730834113,800,180,525000,466666.666666667,8.76582696891626,TRUE,NA
"Beta left-high",5,403123,257,333,525000,106302,26129,0.0136047630030048,333,68,525000,514191.176470588,13.633525606125,TRUE,NA
"Beta left-high",5,403123,257,800,525000,106302,26129,0.0244853174537012,800,198,525000,424242.424242424,8.47285178664625,TRUE,NA
"Beta left-high",5,403123,258,333,525000,106589,26311,0.0134388715482114,333,72,525000,485625,13.3305320903684,TRUE,NA
"Beta left-high",5,403123,258,800,525000,106589,26311,0.023899212125197,800,173,525000,485549.132947977,8.89312291051442,TRUE,NA
"Beta left-high",5,403123,259,333,525000,105805,26330,0.0137140804149327,333,70,525000,499500,13.478551100938,TRUE,NA
"Beta left-high",5,403123,259,800,525000,105805,26330,0.0233256541043968,800,164,525000,512195.12195122,9.06971756172824,TRUE,NA
"Beta left-high",5,403123,260,333,525000,108839,25981,0.0125837824032559,333,71,525000,492464.788732394,13.4037034936613,TRUE,NA
"Beta left-high",5,403123,260,800,525000,108839,25981,0.0230590097291197,800,169,525000,497041.420118343,8.96971373715795,TRUE,NA
"Beta left-high",5,403123,261,333,525000,100965,26285,0.0125943430696055,333,62,525000,563951.612903226,14.1458304635712,TRUE,NA
"Beta left-high",5,403123,261,800,525000,100965,26285,0.0225178787365978,800,131,525000,641221.374045802,9.88028566166077,TRUE,NA
"Beta left-high",5,403123,262,333,525000,105953,26283,0.0119869834698928,333,70,525000,499500,13.478551100938,TRUE,NA
"Beta left-high",5,403123,262,800,525000,105953,26283,0.0226388267170628,800,178,525000,471910.112359551,8.80136024568492,TRUE,NA
"Beta left-high",5,403123,263,333,525000,103531,26021,0.0117280276981888,333,45,525000,777000,16.1566215263488,TRUE,NA
"Beta left-high",5,403123,263,800,525000,103531,26021,0.0226496628015057,800,134,525000,626865.671641791,9.79341781836483,TRUE,NA
"Beta left-high",5,403123,264,333,525000,102918,26349,0.0125586250100964,333,70,525000,499500,13.478551100938,TRUE,NA
"Beta left-high",5,403123,264,800,525000,102918,26349,0.0231111828059031,800,153,525000,549019.607843137,9.30825676577559,TRUE,NA
"Beta left-high",5,403123,265,333,525000,102929,26443,0.0122460977977492,333,70,525000,499500,13.478551100938,TRUE,NA
"Beta left-high",5,403123,265,800,525000,102929,26443,0.022410618425236,800,160,525000,525000,9.15336915531238,TRUE,NA
"Beta left-high",5,403123,266,333,525000,106510,26103,0.0129497247225585,333,68,525000,514191.176470588,13.633525606125,TRUE,NA
"Beta left-high",5,403123,266,800,525000,106510,26103,0.0234303232356103,800,163,525000,515337.423312883,9.09031683413498,TRUE,NA
"Beta left-high",5,403123,267,333,525000,107155,26275,0.0124547524235173,333,59,525000,592627.118644068,14.4328002254304,TRUE,NA
"Beta left-high",5,403123,267,800,525000,107155,26275,0.02352405404784,800,179,525000,469273.74301676,8.78351232031546,TRUE,NA
"Beta left-high",5,403123,268,333,525000,103483,26417,0.0136773341306666,333,83,525000,421265.060240964,12.6212568563633,TRUE,NA
"Beta left-high",5,403123,268,800,525000,103483,26417,0.0234310683746776,800,180,525000,466666.666666667,8.76582696891626,TRUE,NA
"Beta left-high",5,403123,269,333,525000,106546,26221,0.0133718922378106,333,67,525000,521865.671641791,13.7137860660992,TRUE,NA
"Beta left-high",5,403123,269,800,525000,106546,26221,0.0243617122628317,800,166,525000,506024.096385542,9.02912679880207,TRUE,NA
"Beta left-high",5,403123,270,333,525000,99606,26301,0.0134739358954112,333,69,525000,506739.130434783,13.5551367811372,TRUE,NA
"Beta left-high",5,403123,270,800,525000,99606,26301,0.0240583716663023,800,164,525000,512195.12195122,9.06971756172824,TRUE,NA
"Beta left-high",5,403123,271,333,525000,103470,26152,0.0128772766061516,333,87,525000,401896.551724138,12.3998679694215,TRUE,NA
"Beta left-high",5,403123,271,800,525000,103470,26152,0.0238866656601359,800,193,525000,435233.160621762,8.54971569094638,TRUE,NA
"Beta left-high",5,403123,272,333,525000,105641,26193,0.011935985958095,333,74,525000,472500,13.1889852550751,TRUE,NA
"Beta left-high",5,403123,272,800,525000,105641,26193,0.0235592073241423,800,172,525000,488372.093023256,8.91199763112317,TRUE,NA
"Beta left-high",5,403123,273,333,525000,106850,26249,0.0131658545031876,333,69,525000,506739.130434783,13.5551367811372,TRUE,NA
"Beta left-high",5,403123,273,800,525000,106850,26249,0.0229047600618043,800,159,525000,528301.886792453,9.17481600112124,TRUE,NA
"Beta left-high",5,403123,274,333,525000,105169,26199,0.0125576630368606,333,70,525000,499500,13.478551100938,TRUE,NA
"Beta left-high",5,403123,274,800,525000,105169,26199,0.0235805145899893,800,175,525000,480000,8.85590334388769,TRUE,NA
"Beta left-high",5,403123,275,333,525000,111328,26329,0.0132412954796403,333,66,525000,529772.727272727,13.7959903029324,TRUE,NA
"Beta left-high",5,403123,275,800,525000,111328,26329,0.023265104999239,800,161,525000,521739.130434783,9.13213929677269,TRUE,NA
"Beta left-high",5,403123,276,333,525000,100150,26090,0.0127792536558871,333,60,525000,582750,14.3346037123501,TRUE,NA
"Beta left-high",5,403123,276,800,525000,100150,26090,0.0232445721106658,800,149,525000,563758.389261745,9.4020349315005,TRUE,NA
"Beta left-high",5,403123,277,333,525000,100336,26403,0.0125047704100765,333,50,525000,699300,15.4536143643956,TRUE,NA
"Beta left-high",5,403123,277,800,525000,100336,26403,0.0226435766618986,800,139,525000,604316.54676259,9.65539294573709,TRUE,NA
"Beta left-high",5,403123,278,333,525000,103264,26255,0.0134175147699213,333,53,525000,659716.981132075,15.0828857386931,TRUE,NA
"Beta left-high",5,403123,278,800,525000,103264,26255,0.0246706429453808,800,150,525000,560000,9.37821057345647,TRUE,NA
"Beta left-high",5,403123,279,333,525000,108822,26347,0.0128688293154559,333,89,525000,392865.168539326,12.2952733798502,TRUE,NA
"Beta left-high",5,403123,279,800,525000,108822,26347,0.0236373186612615,800,170,525000,494117.647058824,8.95029029167148,TRUE,NA
"Beta left-high",5,403123,280,333,525000,99577,26176,0.0128638247985535,333,78,525000,448269.230769231,12.9235956733636,TRUE,NA
"Beta left-high",5,403123,280,800,525000,99577,26176,0.0240387816819032,800,164,525000,512195.12195122,9.06971756172824,TRUE,NA
"Beta left-high",5,403123,281,333,525000,103467,26035,0.0123564708172776,333,49,525000,713571.428571429,15.5851156420642,TRUE,NA
"Beta left-high",5,403123,281,800,525000,103467,26035,0.023211911109059,800,144,525000,583333.333333333,9.52515676185271,TRUE,NA
"Beta left-high",5,403123,282,333,525000,102144,26388,0.012728224166421,333,49,525000,713571.428571429,15.5851156420642,TRUE,NA
"Beta left-high",5,403123,282,800,525000,102144,26388,0.0224605136301718,800,132,525000,636363.636363636,9.85097673588766,TRUE,NA
"Beta left-high",5,403123,283,333,525000,108227,26208,0.0136060981070301,333,86,525000,406569.76744186,12.4536447151385,TRUE,NA
"Beta left-high",5,403123,283,800,525000,108227,26208,0.0246314630765507,800,211,525000,398104.265402844,8.28719082815968,TRUE,NA
"Beta left-high",5,403123,284,333,525000,104113,26256,0.0127843383032622,333,65,525000,537923.076923077,13.8802143632441,TRUE,NA
"Beta left-high",5,403123,284,800,525000,104113,26256,0.0239131813401676,800,176,525000,477272.727272727,8.83755332157073,TRUE,NA
"Beta left-high",5,403123,285,333,525000,105942,26424,0.0126450559745457,333,73,525000,478972.602739726,13.2589780259761,TRUE,NA
"Beta left-high",5,403123,285,800,525000,105942,26424,0.0243517259763465,800,194,525000,432989.69072165,8.53408217947316,TRUE,NA
"Beta left-high",5,403123,286,333,525000,99107,26000,0.0125861054828039,333,58,525000,602844.827586207,14.5336846679327,TRUE,NA
"Beta left-high",5,403123,286,800,525000,99107,26000,0.0230808034525574,800,153,525000,549019.607843137,9.30825676577559,TRUE,NA
"Beta left-high",5,403123,287,333,525000,109641,26024,0.0115831993099266,333,48,525000,728437.5,15.7209265075818,TRUE,NA
"Beta left-high",5,403123,287,800,525000,109641,26024,0.0230902573168877,800,163,525000,515337.423312883,9.09031683413498,TRUE,NA
"Beta left-high",5,403123,288,333,525000,110386,25926,0.0138863526357117,333,92,525000,380054.347826087,12.1453632756442,TRUE,NA
"Beta left-high",5,403123,288,800,525000,110386,25926,0.0237880559005598,800,193,525000,435233.160621762,8.54971569094638,TRUE,NA
"Beta left-high",5,403123,289,333,525000,103952,26291,0.0128869960735405,333,58,525000,602844.827586207,14.5336846679327,TRUE,NA
"Beta left-high",5,403123,289,800,525000,103952,26291,0.0230372248589304,800,157,525000,535031.847133758,9.21837482473715,TRUE,NA
"Beta left-high",5,403123,290,333,525000,109044,26173,0.0134626599204275,333,72,525000,485625,13.3305320903684,TRUE,NA
"Beta left-high",5,403123,290,800,525000,109044,26173,0.02446616814176,800,190,525000,442105.263157895,8.59742669877403,TRUE,NA
"Beta left-high",5,403123,291,333,525000,111508,26159,0.0129624061521617,333,73,525000,478972.602739726,13.2589780259761,TRUE,NA
"Beta left-high",5,403123,291,800,525000,111508,26159,0.0233223742610466,800,179,525000,469273.74301676,8.78351232031546,TRUE,NA
"Beta left-high",5,403123,292,333,525000,100873,26260,0.0133129974094766,333,85,525000,411352.941176471,12.5084473755532,TRUE,NA
"Beta left-high",5,403123,292,800,525000,100873,26260,0.0242849046208804,800,186,525000,451612.903225806,8.66300223673289,TRUE,NA
"Beta left-high",5,403123,293,333,525000,106712,26007,0.0125455595088144,333,53,525000,659716.981132075,15.0828857386931,TRUE,NA
"Beta left-high",5,403123,293,800,525000,106712,26007,0.0229006719585857,800,138,525000,608695.652173913,9.68235172927353,TRUE,NA
"Beta left-high",5,403123,294,333,525000,102680,26255,0.013163400929128,333,61,525000,573196.721311475,14.2389825181774,TRUE,NA
"Beta left-high",5,403123,294,800,525000,102680,26255,0.0243110548589586,800,163,525000,515337.423312883,9.09031683413498,TRUE,NA
"Beta left-high",5,403123,295,333,525000,104926,26422,0.0122317768020841,333,56,525000,624375,14.7440030349591,TRUE,NA
"Beta left-high",5,403123,295,800,525000,104926,26422,0.0225866363281445,800,160,525000,525000,9.15336915531238,TRUE,NA
"Beta left-high",5,403123,296,333,525000,108132,26331,0.0127308373217201,333,62,525000,563951.612903226,14.1458304635712,TRUE,NA
"Beta left-high",5,403123,296,800,525000,108132,26331,0.0233670790416574,800,156,525000,538461.538461538,9.24049408830438,TRUE,NA
"Beta left-high",5,403123,297,333,525000,106346,26511,0.0130603238377205,333,65,525000,537923.076923077,13.8802143632441,TRUE,NA
"Beta left-high",5,403123,297,800,525000,106346,26511,0.0230202607560852,800,143,525000,587412.587412587,9.55061447360817,TRUE,NA
"Beta left-high",5,403123,298,333,525000,106122,26235,0.0128723544094547,333,63,525000,555000,14.0550473372953,TRUE,NA
"Beta left-high",5,403123,298,800,525000,106122,26235,0.0232514559452582,800,150,525000,560000,9.37821057345647,TRUE,NA
"Beta left-high",5,403123,299,333,525000,107294,26156,0.0129637996752104,333,89,525000,392865.168539326,12.2952733798502,TRUE,NA
"Beta left-high",5,403123,299,800,525000,107294,26156,0.0230728270458544,800,181,525000,464088.397790055,8.74830187396128,TRUE,NA
"Beta left-high",5,403123,300,333,525000,100557,26560,0.0127578989009846,333,65,525000,537923.076923077,13.8802143632441,TRUE,NA
"Beta left-high",5,403123,300,800,525000,100557,26560,0.0238527277127684,800,157,525000,535031.847133758,9.21837482473715,TRUE,NA
"Beta left-high",5,403123,301,333,525000,102045,26472,0.0120539062930274,333,59,525000,592627.118644068,14.4328002254304,TRUE,NA
"Beta left-high",5,403123,301,800,525000,102045,26472,0.0228947570371176,800,150,525000,560000,9.37821057345647,TRUE,NA
"Beta left-high",5,403123,302,333,525000,102863,26285,0.0129396942191364,333,62,525000,563951.612903226,14.1458304635712,TRUE,NA
"Beta left-high",5,403123,302,800,525000,102863,26285,0.0228841357756786,800,154,525000,545454.545454545,9.28543116007485,TRUE,NA
"Beta left-high",5,403123,303,333,525000,100843,26600,0.0128938081075152,333,62,525000,563951.612903226,14.1458304635712,TRUE,NA
"Beta left-high",5,403123,303,800,525000,100843,26600,0.0231742118763369,800,148,525000,567567.567567568,9.42611979878208,TRUE,NA
"Beta left-high",5,403123,304,333,525000,102027,26257,0.0131098865539313,333,52,525000,672403.846153846,15.2026934860618,TRUE,NA
"Beta left-high",5,403123,304,800,525000,102027,26257,0.0235598159952277,800,130,525000,646153.846153846,9.90995680194929,TRUE,NA
"Beta left-high",5,403123,305,333,525000,110155,26327,0.0122494289222534,333,64,525000,546328.125,13.9665384732028,TRUE,NA
"Beta left-high",5,403123,305,800,525000,110155,26327,0.0225021457064239,800,164,525000,512195.12195122,9.06971756172824,TRUE,NA
"Beta left-high",5,403123,306,333,525000,106884,26121,0.0126224172520721,333,78,525000,448269.230769231,12.9235956733636,TRUE,NA
"Beta left-high",5,403123,306,800,525000,106884,26121,0.0229082865054486,800,169,525000,497041.420118343,8.96971373715795,TRUE,NA
"Beta left-high",5,403123,307,333,525000,109830,26086,0.0128920554830408,333,67,525000,521865.671641791,13.7137860660992,TRUE,NA
"Beta left-high",5,403123,307,800,525000,109830,26086,0.0230658517891363,800,149,525000,563758.389261745,9.4020349315005,TRUE,NA
"Beta left-high",5,403123,308,333,525000,100772,26185,0.0126651083178237,333,71,525000,492464.788732394,13.4037034936613,TRUE,NA
"Beta left-high",5,403123,308,800,525000,100772,26185,0.0229061427176273,800,165,525000,509090.909090909,9.04932193589579,TRUE,NA
"Beta left-high",5,403123,309,333,525000,110309,26399,0.0124408286050196,333,62,525000,563951.612903226,14.1458304635712,TRUE,NA
"Beta left-high",5,403123,309,800,525000,110309,26399,0.0227106716629461,800,163,525000,515337.423312883,9.09031683413498,TRUE,NA
"Beta left-high",5,403123,310,333,525000,107438,26194,0.0127910108030598,333,72,525000,485625,13.3305320903684,TRUE,NA
"Beta left-high",5,403123,310,800,525000,107438,26194,0.0231588104680026,800,186,525000,451612.903225806,8.66300223673289,TRUE,NA
"Beta left-high",5,403123,311,333,525000,104887,26613,0.0126131832557901,333,67,525000,521865.671641791,13.7137860660992,TRUE,NA
"Beta left-high",5,403123,311,800,525000,104887,26613,0.0222689749407922,800,150,525000,560000,9.37821057345647,TRUE,NA
"Beta left-high",5,403123,312,333,525000,106542,26323,0.0125684191864484,333,69,525000,506739.130434783,13.5551367811372,TRUE,NA
"Beta left-high",5,403123,312,800,525000,106542,26323,0.0240817683660308,800,171,525000,491228.070175439,8.93105251676233,TRUE,NA
"Beta left-high",5,403123,313,333,525000,106582,26028,0.01264461909941,333,67,525000,521865.671641791,13.7137860660992,TRUE,NA
"Beta left-high",5,403123,313,800,525000,106582,26028,0.0232226307948175,800,164,525000,512195.12195122,9.06971756172824,TRUE,NA
"Beta left-high",5,403123,314,333,525000,107282,26255,0.0122254460348171,333,61,525000,573196.721311475,14.2389825181774,TRUE,NA
"Beta left-high",5,403123,314,800,525000,107282,26255,0.0232633751148865,800,157,525000,535031.847133758,9.21837482473715,TRUE,NA
"Beta left-high",5,403123,315,333,525000,102302,26024,0.0123539516646075,333,60,525000,582750,14.3346037123501,TRUE,NA
"Beta left-high",5,403123,315,800,525000,102302,26024,0.0230623561493586,800,147,525000,571428.571428571,9.45046971201844,TRUE,NA
"Beta left-high",5,403123,316,333,525000,108916,26432,0.0122023918256732,333,64,525000,546328.125,13.9665384732028,TRUE,NA
"Beta left-high",5,403123,316,800,525000,108916,26432,0.0229901106669626,800,164,525000,512195.12195122,9.06971756172824,TRUE,NA
"Beta left-high",5,403123,317,333,525000,99759,26163,0.0122074915423111,333,72,525000,485625,13.3305320903684,TRUE,NA
"Beta left-high",5,403123,317,800,525000,99759,26163,0.0226427953653468,800,168,525000,5e+05,8.98932569313369,TRUE,NA
"Beta left-high",5,403123,318,333,525000,102783,26274,0.0128118024775663,333,56,525000,624375,14.7440030349591,TRUE,NA
"Beta left-high",5,403123,318,800,525000,102783,26274,0.0234964845970074,800,133,525000,631578.947368421,9.82202305119653,TRUE,NA
"Beta left-high",5,403123,319,333,525000,105860,26242,0.0126135887062985,333,59,525000,592627.118644068,14.4328002254304,TRUE,NA
"Beta left-high",5,403123,319,800,525000,105860,26242,0.0229973292965214,800,147,525000,571428.571428571,9.45046971201844,TRUE,NA
"Beta left-high",5,403123,320,333,525000,106989,26132,0.0130464790112731,333,68,525000,514191.176470588,13.633525606125,TRUE,NA
"Beta left-high",5,403123,320,800,525000,106989,26132,0.0232431308999048,800,148,525000,567567.567567568,9.42611979878208,TRUE,NA
"Beta left-high",5,403123,321,333,525000,106593,26141,0.0125407385527133,333,69,525000,506739.130434783,13.5551367811372,TRUE,NA
"Beta left-high",5,403123,321,800,525000,106593,26141,0.022078763987352,800,154,525000,545454.545454545,9.28543116007485,TRUE,NA
"Beta left-high",5,403123,322,333,525000,102310,26191,0.0128115958057323,333,52,525000,672403.846153846,15.2026934860618,TRUE,NA
"Beta left-high",5,403123,322,800,525000,102310,26191,0.0231055119536571,800,134,525000,626865.671641791,9.79341781836483,TRUE,NA
"Beta left-high",5,403123,323,333,525000,105619,26171,0.0126747992563563,333,72,525000,485625,13.3305320903684,TRUE,NA
"Beta left-high",5,403123,323,800,525000,105619,26171,0.0229235605451292,800,152,525000,552631.578947368,9.33132576741561,TRUE,NA
"Beta left-high",5,403123,324,333,525000,101748,26123,0.0132374833145502,333,58,525000,602844.827586207,14.5336846679327,TRUE,NA
"Beta left-high",5,403123,324,800,525000,101748,26123,0.0242470862441793,800,176,525000,477272.727272727,8.83755332157073,TRUE,NA
"Beta left-high",5,403123,325,333,525000,105102,26135,0.0126492520440494,333,49,525000,713571.428571429,15.5851156420642,TRUE,NA
"Beta left-high",5,403123,325,800,525000,105102,26135,0.0235376960364167,800,131,525000,641221.374045802,9.88028566166077,TRUE,NA
"Beta left-high",5,403123,326,333,525000,102878,26140,0.0134347866296482,333,73,525000,478972.602739726,13.2589780259761,TRUE,NA
"Beta left-high",5,403123,326,800,525000,102878,26140,0.0247354564029834,800,178,525000,471910.112359551,8.80136024568492,TRUE,NA
"Beta left-high",5,403123,327,333,525000,101918,26467,0.0124627637062771,333,63,525000,555000,14.0550473372953,TRUE,NA
"Beta left-high",5,403123,327,800,525000,101918,26467,0.0229055113605487,800,159,525000,528301.886792453,9.17481600112124,TRUE,NA
"Beta left-high",5,403123,328,333,525000,109339,26323,0.0129524429552974,333,74,525000,472500,13.1889852550751,TRUE,NA
"Beta left-high",5,403123,328,800,525000,109339,26323,0.0227693039994875,800,159,525000,528301.886792453,9.17481600112124,TRUE,NA
"Beta left-high",5,403123,329,333,525000,105275,26275,0.012541239217161,333,69,525000,506739.130434783,13.5551367811372,TRUE,NA
"Beta left-high",5,403123,329,800,525000,105275,26275,0.0233539620004698,800,151,525000,556291.390728477,9.35464229440858,TRUE,NA
"Beta left-high",5,403123,330,333,525000,102805,26118,0.0132719982331773,333,86,525000,406569.76744186,12.4536447151385,TRUE,NA
"Beta left-high",5,403123,330,800,525000,102805,26118,0.0236129762027287,800,173,525000,485549.132947977,8.89312291051442,TRUE,NA
"Beta left-high",5,403123,331,333,525000,105385,26389,0.012375848860374,333,78,525000,448269.230769231,12.9235956733636,TRUE,NA
"Beta left-high",5,403123,331,800,525000,105385,26389,0.0226463747541261,800,180,525000,466666.666666667,8.76582696891626,TRUE,NA
"Beta left-high",5,403123,332,333,525000,105658,25856,0.0132285021577068,333,69,525000,506739.130434783,13.5551367811372,TRUE,NA
"Beta left-high",5,403123,332,800,525000,105658,25856,0.0242331439721851,800,174,525000,482758.620689655,8.87442568627627,TRUE,NA
"Beta left-high",5,403123,333,333,525000,106292,26378,0.012414410994531,333,54,525000,647500,14.96660890478,TRUE,NA
"Beta left-high",5,403123,333,800,525000,106292,26378,0.0228828754419374,800,151,525000,556291.390728477,9.35464229440858,TRUE,NA
"Beta left-high",5,403123,334,333,525000,107802,26627,0.0127202965944861,333,69,525000,506739.130434783,13.5551367811372,TRUE,NA
"Beta left-high",5,403123,334,800,525000,107802,26627,0.0230907967809045,800,150,525000,560000,9.37821057345647,TRUE,NA
"Beta left-high",5,403123,335,333,525000,109186,26512,0.0122339152877068,333,49,525000,713571.428571429,15.5851156420642,TRUE,NA
"Beta left-high",5,403123,335,800,525000,109186,26512,0.0234830389888872,800,149,525000,563758.389261745,9.4020349315005,TRUE,NA
"Beta left-high",5,403123,336,333,525000,104022,26339,0.0121274383776973,333,77,525000,454090.909090909,12.9878530478899,TRUE,NA
"Beta left-high",5,403123,336,800,525000,104022,26339,0.0234764038730119,800,178,525000,471910.112359551,8.80136024568492,TRUE,NA
"Beta left-high",5,403123,337,333,525000,104738,26277,0.0124171381837669,333,67,525000,521865.671641791,13.7137860660992,TRUE,NA
"Beta left-high",5,403123,337,800,525000,104738,26277,0.023255452158271,800,156,525000,538461.538461538,9.24049408830438,TRUE,NA
"Beta left-high",5,403123,338,333,525000,110428,26153,0.0126406294995277,333,73,525000,478972.602739726,13.2589780259761,TRUE,NA
"Beta left-high",5,403123,338,800,525000,110428,26153,0.0230873972577945,800,176,525000,477272.727272727,8.83755332157073,TRUE,NA
"Beta left-high",5,403123,339,333,525000,103264,26236,0.0127422801444549,333,63,525000,555000,14.0550473372953,TRUE,NA
"Beta left-high",5,403123,339,800,525000,103264,26236,0.0234735224399499,800,159,525000,528301.886792453,9.17481600112124,TRUE,NA
"Beta left-high",5,403123,340,333,525000,106217,26561,0.0134771537533799,333,70,525000,499500,13.478551100938,TRUE,NA
"Beta left-high",5,403123,340,800,525000,106217,26561,0.02396906349022,800,167,525000,502994.011976048,9.00912905970284,TRUE,NA
"Beta left-high",5,403123,341,333,525000,100602,26296,0.0130208559471238,333,65,525000,537923.076923077,13.8802143632441,TRUE,NA
"Beta left-high",5,403123,341,800,525000,100602,26296,0.0238790661014868,800,155,525000,541935.483870968,9.26284491534227,TRUE,NA
"Beta left-high",5,403123,342,333,525000,102407,26011,0.0125798142380865,333,62,525000,563951.612903226,14.1458304635712,TRUE,NA
"Beta left-high",5,403123,342,800,525000,102407,26011,0.0234584604999739,800,151,525000,556291.390728477,9.35464229440858,TRUE,NA
"Beta left-high",5,403123,343,333,525000,100211,26122,0.0123932578876528,333,76,525000,460065.789473684,13.0534724993725,TRUE,NA
"Beta left-high",5,403123,343,800,525000,100211,26122,0.0229871489328501,800,171,525000,491228.070175439,8.93105251676233,TRUE,NA
"Beta left-high",5,403123,344,333,525000,104118,26244,0.012726893062946,333,69,525000,506739.130434783,13.5551367811372,TRUE,NA
"Beta left-high",5,403123,344,800,525000,104118,26244,0.0234330396305308,800,172,525000,488372.093023256,8.91199763112317,TRUE,NA
"Beta left-high",5,403123,345,333,525000,106967,26382,0.0125881276592443,333,67,525000,521865.671641791,13.7137860660992,TRUE,NA
"Beta left-high",5,403123,345,800,525000,106967,26382,0.0229742881076759,800,157,525000,535031.847133758,9.21837482473715,TRUE,NA
"Beta left-high",5,403123,346,333,525000,99488,25970,0.0132190505235507,333,62,525000,563951.612903226,14.1458304635712,TRUE,NA
"Beta left-high",5,403123,346,800,525000,99488,25970,0.0237842789664648,800,156,525000,538461.538461538,9.24049408830438,TRUE,NA
"Beta left-high",5,403123,347,333,525000,103213,26455,0.0118909052981783,333,54,525000,647500,14.96660890478,TRUE,NA
"Beta left-high",5,403123,347,800,525000,103213,26455,0.0218928008834785,800,139,525000,604316.54676259,9.65539294573709,TRUE,NA
"Beta left-high",5,403123,348,333,525000,103409,26412,0.0128729285917811,333,66,525000,529772.727272727,13.7959903029324,TRUE,NA
"Beta left-high",5,403123,348,800,525000,103409,26412,0.0236504245501794,800,151,525000,556291.390728477,9.35464229440858,TRUE,NA
"Beta left-high",5,403123,349,333,525000,104047,26112,0.0124717475168237,333,72,525000,485625,13.3305320903684,TRUE,NA
"Beta left-high",5,403123,349,800,525000,104047,26112,0.0229293072790022,800,167,525000,502994.011976048,9.00912905970284,TRUE,NA
"Beta left-high",5,403123,350,333,525000,107262,26396,0.0124941614236754,333,86,525000,406569.76744186,12.4536447151385,TRUE,NA
"Beta left-high",5,403123,350,800,525000,107262,26396,0.0225801060808224,800,178,525000,471910.112359551,8.80136024568492,TRUE,NA
"Beta left-high",5,403123,351,333,525000,104313,26216,0.0128045077343827,333,56,525000,624375,14.7440030349591,TRUE,NA
"Beta left-high",5,403123,351,800,525000,104313,26216,0.0236599128330287,800,158,525000,531645.569620253,9.19648335691042,TRUE,NA
"Beta left-high",5,403123,352,333,525000,105101,26188,0.0128568194422246,333,76,525000,460065.789473684,13.0534724993725,TRUE,NA
"Beta left-high",5,403123,352,800,525000,105101,26188,0.0236031983616506,800,157,525000,535031.847133758,9.21837482473715,TRUE,NA
"Beta left-high",5,403123,353,333,525000,107124,26792,0.0125982261316096,333,60,525000,582750,14.3346037123501,TRUE,NA
"Beta left-high",5,403123,353,800,525000,107124,26792,0.0231221885558617,800,150,525000,560000,9.37821057345647,TRUE,NA
"Beta left-high",5,403123,354,333,525000,111884,26359,0.0133100466532609,333,85,525000,411352.941176471,12.5084473755532,TRUE,NA
"Beta left-high",5,403123,354,800,525000,111884,26359,0.023829890658834,800,183,525000,459016.393442623,8.71372340831366,TRUE,NA
"Beta left-high",5,403123,355,333,525000,103506,26038,0.0136051218511959,333,85,525000,411352.941176471,12.5084473755532,TRUE,NA
"Beta left-high",5,403123,355,800,525000,103506,26038,0.0250706880733682,800,188,525000,446808.510638298,8.6299279403206,TRUE,NA
"Beta left-high",5,403123,356,333,525000,106061,26292,0.0126124479293581,333,82,525000,426402.43902439,12.6793302834041,TRUE,NA
"Beta left-high",5,403123,356,800,525000,106061,26292,0.0227843778631277,800,160,525000,525000,9.15336915531238,TRUE,NA
"Beta left-high",5,403123,357,333,525000,104184,26500,0.0118213606077336,333,58,525000,602844.827586207,14.5336846679327,TRUE,NA
"Beta left-high",5,403123,357,800,525000,104184,26500,0.0224711548444754,800,133,525000,631578.947368421,9.82202305119653,TRUE,NA
"Beta left-high",5,403123,358,333,525000,103403,25966,0.0122987028848004,333,62,525000,563951.612903226,14.1458304635712,TRUE,NA
"Beta left-high",5,403123,358,800,525000,103403,25966,0.0227148734166268,800,144,525000,583333.333333333,9.52515676185271,TRUE,NA
"Beta left-high",5,403123,359,333,525000,103960,26149,0.0123883757669963,333,61,525000,573196.721311475,14.2389825181774,TRUE,NA
"Beta left-high",5,403123,359,800,525000,103960,26149,0.0236780555207097,800,150,525000,560000,9.37821057345647,TRUE,NA
"Beta left-high",5,403123,360,333,525000,102315,26249,0.0132769663705268,333,73,525000,478972.602739726,13.2589780259761,TRUE,NA
"Beta left-high",5,403123,360,800,525000,102315,26249,0.0234722010627248,800,173,525000,485549.132947977,8.89312291051442,TRUE,NA
"Beta left-high",5,403123,361,333,525000,101789,26229,0.0115003857394389,333,58,525000,602844.827586207,14.5336846679327,TRUE,NA
"Beta left-high",5,403123,361,800,525000,101789,26229,0.0222804645125762,800,140,525000,6e+05,9.62874541786184,TRUE,NA
"Beta left-high",5,403123,362,333,525000,105776,26117,0.0123621003930992,333,66,525000,529772.727272727,13.7959903029324,TRUE,NA
"Beta left-high",5,403123,362,800,525000,105776,26117,0.0229745969132614,800,162,525000,518518.518518519,9.11112297991595,TRUE,NA
"Beta left-high",5,403123,363,333,525000,105629,26094,0.0124349919202816,333,53,525000,659716.981132075,15.0828857386931,TRUE,NA
"Beta left-high",5,403123,363,800,525000,105629,26094,0.0229331987446206,800,147,525000,571428.571428571,9.45046971201844,TRUE,NA
"Beta left-high",5,403123,364,333,525000,107386,26230,0.0128421036961387,333,55,525000,635727.272727273,14.853699160197,TRUE,NA
"Beta left-high",5,403123,364,800,525000,107386,26230,0.0226053998707433,800,144,525000,583333.333333333,9.52515676185271,TRUE,NA
"Beta left-high",5,403123,365,333,525000,104682,26167,0.0124235648861536,333,64,525000,546328.125,13.9665384732028,TRUE,NA
"Beta left-high",5,403123,365,800,525000,104682,26167,0.0232209620909354,800,151,525000,556291.390728477,9.35464229440858,TRUE,NA
"Beta left-high",5,403123,366,333,525000,103883,26069,0.0122251690214315,333,78,525000,448269.230769231,12.9235956733636,TRUE,NA
"Beta left-high",5,403123,366,800,525000,103883,26069,0.0223379448927899,800,174,525000,482758.620689655,8.87442568627627,TRUE,NA
"Beta left-high",5,403123,367,333,525000,107789,26420,0.0134497935169219,333,77,525000,454090.909090909,12.9878530478899,TRUE,NA
"Beta left-high",5,403123,367,800,525000,107789,26420,0.0241345451970124,800,182,525000,461538.461538462,8.7309347631556,TRUE,NA
"Beta left-high",5,403123,368,333,525000,103572,26131,0.0125122948761191,333,57,525000,613421.052631579,14.6373765892212,TRUE,NA
"Beta left-high",5,403123,368,800,525000,103572,26131,0.0235965282494491,800,148,525000,567567.567567568,9.42611979878208,TRUE,NA
"Beta left-high",5,403123,369,333,525000,104475,26499,0.0133041860286253,333,74,525000,472500,13.1889852550751,TRUE,NA
"Beta left-high",5,403123,369,800,525000,104475,26499,0.0237237233600631,800,165,525000,509090.909090909,9.04932193589579,TRUE,NA
"Beta left-high",5,403123,370,333,525000,103453,26410,0.0128919142366614,333,73,525000,478972.602739726,13.2589780259761,TRUE,NA
"Beta left-high",5,403123,370,800,525000,103453,26410,0.0237455641239051,800,194,525000,432989.69072165,8.53408217947316,TRUE,NA
"Beta left-high",5,403123,371,333,525000,99338,26388,0.0127571522999846,333,57,525000,613421.052631579,14.6373765892212,TRUE,NA
"Beta left-high",5,403123,371,800,525000,99338,26388,0.023305013870947,800,151,525000,556291.390728477,9.35464229440858,TRUE,NA
"Beta left-high",5,403123,372,333,525000,106566,26197,0.0135896716267787,333,62,525000,563951.612903226,14.1458304635712,TRUE,NA
"Beta left-high",5,403123,372,800,525000,106566,26197,0.0232923640702582,800,161,525000,521739.130434783,9.13213929677269,TRUE,NA
"Beta left-high",5,403123,373,333,525000,103382,26230,0.0130882705402227,333,62,525000,563951.612903226,14.1458304635712,TRUE,NA
"Beta left-high",5,403123,373,800,525000,103382,26230,0.0246972361222483,800,148,525000,567567.567567568,9.42611979878208,TRUE,NA
"Beta left-high",5,403123,374,333,525000,107235,26247,0.0133691255503767,333,73,525000,478972.602739726,13.2589780259761,TRUE,NA
"Beta left-high",5,403123,374,800,525000,107235,26247,0.0241443442651829,800,169,525000,497041.420118343,8.96971373715795,TRUE,NA
"Beta left-high",5,403123,375,333,525000,105578,26042,0.0125191853794473,333,70,525000,499500,13.478551100938,TRUE,NA
"Beta left-high",5,403123,375,800,525000,105578,26042,0.0227593915209839,800,133,525000,631578.947368421,9.82202305119653,TRUE,NA
"Beta left-high",5,403123,376,333,525000,112852,26432,0.0130051955784101,333,74,525000,472500,13.1889852550751,TRUE,NA
"Beta left-high",5,403123,376,800,525000,112852,26432,0.0234282090229656,800,172,525000,488372.093023256,8.91199763112317,TRUE,NA
"Beta left-high",5,403123,377,333,525000,106951,26282,0.0137223419447111,333,76,525000,460065.789473684,13.0534724993725,TRUE,NA
"Beta left-high",5,403123,377,800,525000,106951,26282,0.0239777122066825,800,172,525000,488372.093023256,8.91199763112317,TRUE,NA
"Beta left-high",5,403123,378,333,525000,102136,26261,0.0123561619882448,333,59,525000,592627.118644068,14.4328002254304,TRUE,NA
"Beta left-high",5,403123,378,800,525000,102136,26261,0.0237217324958936,800,142,525000,591549.295774648,9.57636163188774,TRUE,NA
"Beta left-high",5,403123,379,333,525000,108036,26461,0.0125683121297439,333,66,525000,529772.727272727,13.7959903029324,TRUE,NA
"Beta left-high",5,403123,379,800,525000,108036,26461,0.022810815389102,800,152,525000,552631.578947368,9.33132576741561,TRUE,NA
"Beta left-high",5,403123,380,333,525000,103867,26146,0.0130762161800134,333,77,525000,454090.909090909,12.9878530478899,TRUE,NA
"Beta left-high",5,403123,380,800,525000,103867,26146,0.023230042850193,800,163,525000,515337.423312883,9.09031683413498,TRUE,NA
"Beta left-high",5,403123,381,333,525000,101933,26089,0.0132494531857776,333,69,525000,506739.130434783,13.5551367811372,TRUE,NA
"Beta left-high",5,403123,381,800,525000,101933,26089,0.023374332050608,800,156,525000,538461.538461538,9.24049408830438,TRUE,NA
"Beta left-high",5,403123,382,333,525000,105335,26193,0.013020211761902,333,66,525000,529772.727272727,13.7959903029324,TRUE,NA
"Beta left-high",5,403123,382,800,525000,105335,26193,0.0235250748942309,800,157,525000,535031.847133758,9.21837482473715,TRUE,NA
"Beta left-high",5,403123,383,333,525000,105754,25877,0.0125944032742012,333,54,525000,647500,14.96660890478,TRUE,NA
"Beta left-high",5,403123,383,800,525000,105754,25877,0.0221661280216295,800,156,525000,538461.538461538,9.24049408830438,TRUE,NA
"Beta left-high",5,403123,384,333,525000,101040,26239,0.0125109618301909,333,59,525000,592627.118644068,14.4328002254304,TRUE,NA
"Beta left-high",5,403123,384,800,525000,101040,26239,0.0238280410841012,800,158,525000,531645.569620253,9.19648335691042,TRUE,NA
"Beta left-high",5,403123,385,333,525000,107044,26270,0.0133864302349511,333,71,525000,492464.788732394,13.4037034936613,TRUE,NA
"Beta left-high",5,403123,385,800,525000,107044,26270,0.0240627117764348,800,177,525000,474576.271186441,8.81937310893847,TRUE,NA
"Beta left-high",5,403123,386,333,525000,101751,26411,0.0134126484821038,333,72,525000,485625,13.3305320903684,TRUE,NA
"Beta left-high",5,403123,386,800,525000,101751,26411,0.0232120085309788,800,144,525000,583333.333333333,9.52515676185271,TRUE,NA
"Beta left-high",5,403123,387,333,525000,101757,26527,0.0129656268265702,333,78,525000,448269.230769231,12.9235956733636,TRUE,NA
"Beta left-high",5,403123,387,800,525000,101757,26527,0.0231858585601387,800,164,525000,512195.12195122,9.06971756172824,TRUE,NA
"Beta left-high",5,403123,388,333,525000,106008,26220,0.0132690410363219,333,66,525000,529772.727272727,13.7959903029324,TRUE,NA
"Beta left-high",5,403123,388,800,525000,106008,26220,0.0239274962132052,800,162,525000,518518.518518519,9.11112297991595,TRUE,NA
"Beta left-high",5,403123,389,333,525000,112199,26366,0.0122498694387951,333,61,525000,573196.721311475,14.2389825181774,TRUE,NA
"Beta left-high",5,403123,389,800,525000,112199,26366,0.0230654054907408,800,160,525000,525000,9.15336915531238,TRUE,NA
"Beta left-high",5,403123,390,333,525000,105438,26394,0.0128555582793633,333,64,525000,546328.125,13.9665384732028,TRUE,NA
"Beta left-high",5,403123,390,800,525000,105438,26394,0.0237848905218498,800,151,525000,556291.390728477,9.35464229440858,TRUE,NA
"Beta left-high",5,403123,391,333,525000,107244,26257,0.0125182131469079,333,72,525000,485625,13.3305320903684,TRUE,NA
"Beta left-high",5,403123,391,800,525000,107244,26257,0.0238985445327883,800,188,525000,446808.510638298,8.6299279403206,TRUE,NA
"Beta left-high",5,403123,392,333,525000,110255,26356,0.0133528284368183,333,81,525000,431666.666666667,12.738562989871,TRUE,NA
"Beta left-high",5,403123,392,800,525000,110255,26356,0.0249889879448322,800,178,525000,471910.112359551,8.80136024568492,TRUE,NA
"Beta left-high",5,403123,393,333,525000,102044,26340,0.0127569878904373,333,71,525000,492464.788732394,13.4037034936613,TRUE,NA
"Beta left-high",5,403123,393,800,525000,102044,26340,0.0230947042310064,800,169,525000,497041.420118343,8.96971373715795,TRUE,NA
"Beta left-high",5,403123,394,333,525000,101791,26202,0.0131132227705004,333,64,525000,546328.125,13.9665384732028,TRUE,NA
"Beta left-high",5,403123,394,800,525000,101791,26202,0.0237688433771973,800,158,525000,531645.569620253,9.19648335691042,TRUE,NA
"Beta left-high",5,403123,395,333,525000,109055,26434,0.0124031916289815,333,61,525000,573196.721311475,14.2389825181774,TRUE,NA
"Beta left-high",5,403123,395,800,525000,109055,26434,0.0233704177852062,800,159,525000,528301.886792453,9.17481600112124,TRUE,NA
"Beta left-high",5,403123,396,333,525000,107035,26221,0.012594142220999,333,52,525000,672403.846153846,15.2026934860618,TRUE,NA
"Beta left-high",5,403123,396,800,525000,107035,26221,0.0235521031990027,800,143,525000,587412.587412587,9.55061447360817,TRUE,NA
"Beta left-high",5,403123,397,333,525000,102727,26415,0.0125492717639085,333,70,525000,499500,13.478551100938,TRUE,NA
"Beta left-high",5,403123,397,800,525000,102727,26415,0.0229984182783336,800,153,525000,549019.607843137,9.30825676577559,TRUE,NA
"Beta left-high",5,403123,398,333,525000,108649,26134,0.0131400480605475,333,93,525000,375967.741935484,12.0971516748317,TRUE,NA
"Beta left-high",5,403123,398,800,525000,108649,26134,0.0236234100879186,800,190,525000,442105.263157895,8.59742669877403,TRUE,NA
"Beta left-high",5,403123,399,333,525000,99774,26283,0.0125284526869003,333,64,525000,546328.125,13.9665384732028,TRUE,NA
"Beta left-high",5,403123,399,800,525000,99774,26283,0.0227641432718611,800,149,525000,563758.389261745,9.4020349315005,TRUE,NA
"Beta left-high",5,403123,400,333,525000,101426,26345,0.0129673721721456,333,73,525000,478972.602739726,13.2589780259761,TRUE,NA
"Beta left-high",5,403123,400,800,525000,101426,26345,0.0234024029225944,800,163,525000,515337.423312883,9.09031683413498,TRUE,NA
