"scenario","ratio_value","setting_seed","repetition","x_stop","n_target_total","n_marker_actual","n_target_band","x_end","x_count","n_count","c_true","c_hat","sigma_L","valid","invalid_reason"
"Beta right-high",2,302123,1,333,210000,108998,10438,0.431588146954459,333,166,210000,210632.530120482,9.95264591849202,TRUE,NA
"Beta right-high",2,302123,1,800,210000,108998,10438,0.515018191868249,800,383,210000,219321.148825065,6.88431750196318,TRUE,NA
"Beta right-high",2,302123,2,333,210000,108603,10438,0.427594466186921,333,156,210000,224134.615384615,10.144789846321,TRUE,NA
"Beta right-high",2,302123,2,800,210000,108603,10438,0.519850648610004,800,385,210000,218181.818181818,6.87445946001938,TRUE,NA
"Beta right-high",2,302123,3,333,210000,106036,10397,0.431423906742536,333,190,210000,184026.315789474,9.56272847417632,TRUE,NA
"Beta right-high",2,302123,3,800,210000,106036,10397,0.515600758374467,800,417,210000,201438.848920863,6.72792555258646,TRUE,NA
"Beta right-high",2,302123,4,333,210000,102615,10482,0.426646643847512,333,166,210000,210632.530120482,9.95264591849202,TRUE,NA
"Beta right-high",2,302123,4,800,210000,102615,10482,0.512233551311988,800,394,210000,213197.969543147,6.83116955969639,TRUE,NA
"Beta right-high",2,302123,5,333,210000,102321,10520,0.429591844191116,333,162,210000,215833.333333333,10.027092898003,TRUE,NA
"Beta right-high",2,302123,5,800,210000,102321,10520,0.516843733105846,800,391,210000,214833.759590793,6.84540827589973,TRUE,NA
"Beta right-high",2,302123,6,333,210000,104699,10382,0.432974997276013,333,169,210000,206893.49112426,9.898777427369,TRUE,NA
"Beta right-high",2,302123,6,800,210000,104699,10382,0.517695977291188,800,389,210000,215938.303341902,6.8550060370112,TRUE,NA
"Beta right-high",2,302123,7,333,210000,104480,10588,0.438410546562936,333,200,210000,174825,9.42412844370524,TRUE,NA
"Beta right-high",2,302123,7,800,210000,104480,10588,0.517065237342064,800,404,210000,207920.792079208,6.78503073986764,TRUE,NA
"Beta right-high",2,302123,8,333,210000,100874,10536,0.431268678575779,333,168,210000,208125,9.91655214513914,TRUE,NA
"Beta right-high",2,302123,8,800,210000,100874,10536,0.522466787350041,800,401,210000,209476.309226933,6.79866330639878,TRUE,NA
"Beta right-high",2,302123,9,333,210000,104439,10395,0.430451467473769,333,189,210000,185000,9.57727778826045,TRUE,NA
"Beta right-high",2,302123,9,800,210000,104439,10395,0.522961107869124,800,450,210000,186666.666666667,6.59593731895977,TRUE,NA
"Beta right-high",2,302123,10,333,210000,102702,10627,0.423771101279431,333,148,210000,236250,10.3141536003213,TRUE,NA
"Beta right-high",2,302123,10,800,210000,102702,10627,0.518421401788495,800,377,210000,222811.671087533,6.91443170711925,TRUE,NA
"Beta right-high",2,302123,11,333,210000,106839,10363,0.426247856248505,333,190,210000,184026.315789474,9.56272847417632,TRUE,NA
"Beta right-high",2,302123,11,800,210000,106839,10363,0.518945808204511,800,436,210000,192660.550458716,6.64980802053246,TRUE,NA
"Beta right-high",2,302123,12,333,210000,106264,10541,0.433266783466456,333,170,210000,205676.470588235,9.88118041203675,TRUE,NA
"Beta right-high",2,302123,12,800,210000,106264,10541,0.524027382685679,800,424,210000,198113.20754717,6.69843806822168,TRUE,NA
"Beta right-high",2,302123,13,333,210000,108200,10467,0.432232928542046,333,179,210000,195335.195530726,9.73037094417081,TRUE,NA
"Beta right-high",2,302123,13,800,210000,108200,10467,0.516984372659744,800,394,210000,213197.969543147,6.83116955969639,TRUE,NA
"Beta right-high",2,302123,14,333,210000,107704,10537,0.431918592388236,333,163,210000,214509.202453988,10.0081911539992,TRUE,NA
"Beta right-high",2,302123,14,800,210000,107704,10537,0.519557153153711,800,421,210000,199524.940617577,6.71097131677406,TRUE,NA
"Beta right-high",2,302123,15,333,210000,107629,10462,0.432571170920702,333,178,210000,196432.584269663,9.74648512051155,TRUE,NA
"Beta right-high",2,302123,15,800,210000,107629,10462,0.51670801793125,800,440,210000,190909.090909091,6.63411181852528,TRUE,NA
"Beta right-high",2,302123,16,333,210000,105324,10348,0.430057050724772,333,155,210000,225580.64516129,10.1651525298793,TRUE,NA
"Beta right-high",2,302123,16,800,210000,105324,10348,0.522543174247043,800,407,210000,206388.206388206,6.77157230364179,TRUE,NA
"Beta right-high",2,302123,17,333,210000,99399,10623,0.426034001943354,333,149,210000,234664.429530201,10.2921470492403,TRUE,NA
"Beta right-high",2,302123,17,800,210000,99399,10623,0.514479841320168,800,354,210000,237288.13559322,7.03795101318882,TRUE,NA
"Beta right-high",2,302123,18,333,210000,105052,10533,0.431752449251959,333,159,210000,219905.660377358,10.0850026615991,TRUE,NA
"Beta right-high",2,302123,18,800,210000,105052,10533,0.518218006577042,800,369,210000,227642.276422764,6.95589231487478,TRUE,NA
"Beta right-high",2,302123,19,333,210000,107995,10259,0.431174043713588,333,159,210000,219905.660377358,10.0850026615991,TRUE,NA
"Beta right-high",2,302123,19,800,210000,107995,10259,0.522772250369719,800,435,210000,193103.448275862,6.65377130960709,TRUE,NA
"Beta right-high",2,302123,20,333,210000,102450,10498,0.421122870904601,333,150,210000,233100,10.2703877039828,TRUE,NA
"Beta right-high",2,302123,20,800,210000,102450,10498,0.510603351996333,800,348,210000,241379.310344828,7.07246767948303,TRUE,NA
"Beta right-high",2,302123,21,333,210000,106998,10479,0.428321557134641,333,164,210000,213201.219512195,9.98948480551183,TRUE,NA
"Beta right-high",2,302123,21,800,210000,106998,10479,0.519718211354968,800,378,210000,222222.222222222,6.90935549443293,TRUE,NA
"Beta right-high",2,302123,22,333,210000,103474,10488,0.430156079914213,333,172,210000,203284.88372093,9.84650861001883,TRUE,NA
"Beta right-high",2,302123,22,800,210000,103474,10488,0.521368680657743,800,413,210000,203389.830508475,6.74516433854333,TRUE,NA
"Beta right-high",2,302123,23,333,210000,101960,10491,0.435673552718634,333,149,210000,234664.429530201,10.2921470492403,TRUE,NA
"Beta right-high",2,302123,23,800,210000,101960,10491,0.524776509824699,800,396,210000,212121.212121212,6.82178071664205,TRUE,NA
"Beta right-high",2,302123,24,333,210000,99055,10488,0.428946913592183,333,144,210000,242812.5,10.4047412926943,TRUE,NA
"Beta right-high",2,302123,24,800,210000,99055,10488,0.518569590429768,800,362,210000,232044.198895028,6.9934595362874,TRUE,NA
"Beta right-high",2,302123,25,333,210000,102878,10363,0.435491375525584,333,157,210000,222707.006369427,10.1246463858931,TRUE,NA
"Beta right-high",2,302123,25,800,210000,102878,10363,0.526120875846626,800,382,210000,219895.287958115,6.88927988723264,TRUE,NA
"Beta right-high",2,302123,26,333,210000,99964,10550,0.428474593177882,333,151,210000,231556.291390728,10.2488712786515,TRUE,NA
"Beta right-high",2,302123,26,800,210000,99964,10550,0.516461504736275,800,359,210000,233983.286908078,7.00994437187391,TRUE,NA
"Beta right-high",2,302123,27,333,210000,104179,10567,0.434415611774957,333,173,210000,202109.826589595,9.82942852517615,TRUE,NA
"Beta right-high",2,302123,27,800,210000,104179,10567,0.518037599571169,800,404,210000,207920.792079208,6.78503073986764,TRUE,NA
"Beta right-high",2,302123,28,333,210000,109589,10520,0.445123062702167,333,207,210000,168913.043478261,9.33399034001082,TRUE,NA
"Beta right-high",2,302123,28,800,210000,109589,10520,0.52799122536805,800,445,210000,188764.04494382,6.61483764016802,TRUE,NA
"Beta right-high",2,302123,29,333,210000,104409,10459,0.430120859712317,333,174,210000,200948.275862069,9.8125155434919,TRUE,NA
"Beta right-high",2,302123,29,800,210000,104409,10459,0.516465229431817,800,380,210000,221052.631578947,6.89927216212756,TRUE,NA
"Beta right-high",2,302123,30,333,210000,105055,10656,0.430678015279459,333,200,210000,174825,9.42412844370524,TRUE,NA
"Beta right-high",2,302123,30,800,210000,105055,10656,0.516899040067752,800,481,210000,174636.174636175,6.48646187712877,TRUE,NA
"Beta right-high",2,302123,31,333,210000,102103,10485,0.430924375484147,333,177,210000,197542.372881356,9.76275432778563,TRUE,NA
"Beta right-high",2,302123,31,800,210000,102103,10485,0.517409883320887,800,396,210000,212121.212121212,6.82178071664205,TRUE,NA
"Beta right-high",2,302123,32,333,210000,106961,10702,0.423440363255621,333,159,210000,219905.660377358,10.0850026615991,TRUE,NA
"Beta right-high",2,302123,32,800,210000,106961,10702,0.513851882223005,800,408,210000,205882.352941176,6.76712426478136,TRUE,NA
"Beta right-high",2,302123,33,333,210000,104127,10579,0.429381529591526,333,163,210000,214509.202453988,10.0081911539992,TRUE,NA
"Beta right-high",2,302123,33,800,210000,104127,10579,0.520022166951048,800,413,210000,203389.830508475,6.74516433854333,TRUE,NA
"Beta right-high",2,302123,34,333,210000,107113,10696,0.427678134503266,333,155,210000,225580.64516129,10.1651525298793,TRUE,NA
"Beta right-high",2,302123,34,800,210000,107113,10696,0.516515780130576,800,374,210000,224598.930481283,6.92980048831585,TRUE,NA
"Beta right-high",2,302123,35,333,210000,101197,10597,0.430127921351918,333,174,210000,200948.275862069,9.8125155434919,TRUE,NA
"Beta right-high",2,302123,35,800,210000,101197,10597,0.519651758576346,800,411,210000,204379.562043796,6.75389273950461,TRUE,NA
"Beta right-high",2,302123,36,333,210000,106688,10348,0.430959315201722,333,164,210000,213201.219512195,9.98948480551183,TRUE,NA
"Beta right-high",2,302123,36,800,210000,106688,10348,0.513535273177023,800,391,210000,214833.759590793,6.84540827589973,TRUE,NA
"Beta right-high",2,302123,37,333,210000,104684,10513,0.424047519049298,333,168,210000,208125,9.91655214513914,TRUE,NA
"Beta right-high",2,302123,37,800,210000,104684,10513,0.516839569360806,800,423,210000,198581.560283688,6.7025986626053,TRUE,NA
"Beta right-high",2,302123,38,333,210000,97093,10446,0.42763364067637,333,145,210000,241137.931034483,10.3817009283081,TRUE,NA
"Beta right-high",2,302123,38,800,210000,97093,10446,0.521451374821302,800,377,210000,222811.671087533,6.91443170711925,TRUE,NA
"Beta right-high",2,302123,39,333,210000,106978,10506,0.430009047966515,333,181,210000,193176.79558011,9.69859864660789,TRUE,NA
"Beta right-high",2,302123,39,800,210000,106978,10506,0.515080331209828,800,401,210000,209476.309226933,6.79866330639878,TRUE,NA
"Beta right-high",2,302123,40,333,210000,102027,10377,0.433785529155205,333,171,210000,204473.684210526,9.86375836520729,TRUE,NA
"Beta right-high",2,302123,40,800,210000,102027,10377,0.518871356462924,800,392,210000,214285.714285714,6.84064112310072,TRUE,NA
"Beta right-high",2,302123,41,333,210000,106528,10606,0.42627025994637,333,177,210000,197542.372881356,9.76275432778563,TRUE,NA
"Beta right-high",2,302123,41,800,210000,106528,10606,0.514342982977893,800,411,210000,204379.562043796,6.75389273950461,TRUE,NA
"Beta right-high",2,302123,42,333,210000,101486,10487,0.434396489907764,333,197,210000,177487.30964467,9.46443966874167,TRUE,NA
"Beta right-high",2,302123,42,800,210000,101486,10487,0.5226023646758,800,440,210000,190909.090909091,6.63411181852528,TRUE,NA
"Beta right-high",2,302123,43,333,210000,99078,10578,0.435996238895663,333,146,210000,239486.301369863,10.3589259872047,TRUE,NA
"Beta right-high",2,302123,43,800,210000,99078,10578,0.520142030629194,800,381,210000,220472.440944882,6.89426472174727,TRUE,NA
"Beta right-high",2,302123,44,333,210000,105190,10512,0.427184186801361,333,167,210000,209371.25748503,9.93450735791223,TRUE,NA
"Beta right-high",2,302123,44,800,210000,105190,10512,0.51539783734637,800,389,210000,215938.303341902,6.8550060370112,TRUE,NA
"Beta right-high",2,302123,45,333,210000,106386,10434,0.428507944536842,333,162,210000,215833.333333333,10.027092898003,TRUE,NA
"Beta right-high",2,302123,45,800,210000,106386,10434,0.514820885338535,800,371,210000,226415.094339623,6.94538298375246,TRUE,NA
"Beta right-high",2,302123,46,333,210000,103674,10412,0.426420138614403,333,164,210000,213201.219512195,9.98948480551183,TRUE,NA
"Beta right-high",2,302123,46,800,210000,103674,10412,0.51867948419676,800,429,210000,195804.195804196,6.67788815445777,TRUE,NA
"Beta right-high",2,302123,47,333,210000,105316,10608,0.426884135635511,333,156,210000,224134.615384615,10.144789846321,TRUE,NA
"Beta right-high",2,302123,47,800,210000,105316,10608,0.516559257078398,800,367,210000,228882.833787466,6.96650007512336,TRUE,NA
"Beta right-high",2,302123,48,333,210000,100981,10479,0.428733243855657,333,155,210000,225580.64516129,10.1651525298793,TRUE,NA
"Beta right-high",2,302123,48,800,210000,100981,10479,0.519060376822642,800,394,210000,213197.969543147,6.83116955969639,TRUE,NA
"Beta right-high",2,302123,49,333,210000,103991,10370,0.436869443481803,333,167,210000,209371.25748503,9.93450735791223,TRUE,NA
"Beta right-high",2,302123,49,800,210000,103991,10370,0.521142102385199,800,418,210000,200956.937799043,6.72366060040962,TRUE,NA
"Beta right-high",2,302123,50,333,210000,100893,10464,0.432279499492976,333,160,210000,218531.25,10.0654953640372,TRUE,NA
"Beta right-high",2,302123,50,800,210000,100893,10464,0.518305349163137,800,367,210000,228882.833787466,6.96650007512336,TRUE,NA
"Beta right-high",2,302123,51,333,210000,108602,10641,0.430176822302547,333,194,210000,180231.958762887,9.50581867468717,TRUE,NA
"Beta right-high",2,302123,51,800,210000,108602,10641,0.521308232979344,800,447,210000,187919.463087248,6.60723327472762,TRUE,NA
"Beta right-high",2,302123,52,333,210000,102761,10564,0.429326417009227,333,161,210000,217173.913043478,10.0461932176168,TRUE,NA
"Beta right-high",2,302123,52,800,210000,102761,10564,0.521474727856616,800,433,210000,193995.381062356,6.66174565073848,TRUE,NA
"Beta right-high",2,302123,53,333,210000,106035,10632,0.424036732384216,333,162,210000,215833.333333333,10.027092898003,TRUE,NA
"Beta right-high",2,302123,53,800,210000,106035,10632,0.518790951025179,800,396,210000,212121.212121212,6.82178071664205,TRUE,NA
"Beta right-high",2,302123,54,333,210000,98888,10567,0.42858479434731,333,164,210000,213201.219512195,9.98948480551183,TRUE,NA
"Beta right-high",2,302123,54,800,210000,98888,10567,0.518142464581468,800,372,210000,225806.451612903,6.94016479080515,TRUE,NA
"Beta right-high",2,302123,55,333,210000,108257,10527,0.431681738959893,333,203,210000,172241.379310345,9.38484313493286,TRUE,NA
"Beta right-high",2,302123,55,800,210000,108257,10527,0.522178583820232,800,443,210000,189616.25282167,6.62250181763473,TRUE,NA
"Beta right-high",2,302123,56,333,210000,102711,10356,0.426629802284033,333,162,210000,215833.333333333,10.027092898003,TRUE,NA
"Beta right-high",2,302123,56,800,210000,102711,10356,0.517314497727714,800,394,210000,213197.969543147,6.83116955969639,TRUE,NA
"Beta right-high",2,302123,57,333,210000,101012,10504,0.426720673893205,333,166,210000,210632.530120482,9.95264591849202,TRUE,NA
"Beta right-high",2,302123,57,800,210000,101012,10504,0.517976436338021,800,404,210000,207920.792079208,6.78503073986764,TRUE,NA
"Beta right-high",2,302123,58,333,210000,102352,10549,0.428449527009156,333,164,210000,213201.219512195,9.98948480551183,TRUE,NA
"Beta right-high",2,302123,58,800,210000,102352,10549,0.5167275854122,800,399,210000,210526.315789474,6.80785014046491,TRUE,NA
"Beta right-high",2,302123,59,333,210000,110119,10531,0.423928720555737,333,149,210000,234664.429530201,10.2921470492403,TRUE,NA
"Beta right-high",2,302123,59,800,210000,110119,10531,0.518121062722903,800,390,210000,215384.615384615,6.85019653254194,TRUE,NA
"Beta right-high",2,302123,60,333,210000,107474,10401,0.429896870648528,333,170,210000,205676.470588235,9.88118041203675,TRUE,NA
"Beta right-high",2,302123,60,800,210000,107474,10401,0.519074137904628,800,415,210000,202409.638554217,6.73650892047155,TRUE,NA
"Beta right-high",2,302123,61,333,210000,105993,10462,0.425576101145429,333,161,210000,217173.913043478,10.0461932176168,TRUE,NA
"Beta right-high",2,302123,61,800,210000,105993,10462,0.516181896056617,800,408,210000,205882.352941176,6.76712426478136,TRUE,NA
"Beta right-high",2,302123,62,333,210000,108190,10480,0.417817425365349,333,152,210000,230032.894736842,10.2275935883112,TRUE,NA
"Beta right-high",2,302123,62,800,210000,108190,10480,0.511198502268205,800,377,210000,222811.671087533,6.91443170711925,TRUE,NA
"Beta right-high",2,302123,63,333,210000,108215,10650,0.426196620546202,333,153,210000,228529.411764706,10.2065505459796,TRUE,NA
"Beta right-high",2,302123,63,800,210000,108215,10650,0.513081732753392,800,387,210000,217054.263565891,6.86468937207488,TRUE,NA
"Beta right-high",2,302123,64,333,210000,106860,10543,0.421325978584919,333,158,210000,221297.46835443,10.1047185098824,TRUE,NA
"Beta right-high",2,302123,64,800,210000,106860,10543,0.520322311751836,800,411,210000,204379.562043796,6.75389273950461,TRUE,NA
"Beta right-high",2,302123,65,333,210000,102171,10500,0.433079027225838,333,196,210000,178392.857142857,9.47811189460851,TRUE,NA
"Beta right-high",2,302123,65,800,210000,102171,10500,0.519628384984924,800,412,210000,203883.495145631,6.74951935722968,TRUE,NA
"Beta right-high",2,302123,66,333,210000,105481,10468,0.424496602671088,333,168,210000,208125,9.91655214513914,TRUE,NA
"Beta right-high",2,302123,66,800,210000,105481,10468,0.518906626394845,800,433,210000,193995.381062356,6.66174565073848,TRUE,NA
"Beta right-high",2,302123,67,333,210000,98420,10839,0.423835740452984,333,171,210000,204473.684210526,9.86375836520729,TRUE,NA
"Beta right-high",2,302123,67,800,210000,98420,10839,0.514185519627988,800,403,210000,208436.724565757,6.78955541070708,TRUE,NA
"Beta right-high",2,302123,68,333,210000,109560,10496,0.430027780303631,333,157,210000,222707.006369427,10.1246463858931,TRUE,NA
"Beta right-high",2,302123,68,800,210000,109560,10496,0.524563675479769,800,443,210000,189616.25282167,6.62250181763473,TRUE,NA
"Beta right-high",2,302123,69,333,210000,102039,10518,0.430127161228339,333,169,210000,206893.49112426,9.898777427369,TRUE,NA
"Beta right-high",2,302123,69,800,210000,102039,10518,0.519115485410331,800,389,210000,215938.303341902,6.8550060370112,TRUE,NA
"Beta right-high",2,302123,70,333,210000,106155,10495,0.435390566829998,333,172,210000,203284.88372093,9.84650861001883,TRUE,NA
"Beta right-high",2,302123,70,800,210000,106155,10495,0.524661027392434,800,436,210000,192660.550458716,6.64980802053246,TRUE,NA
"Beta right-high",2,302123,71,333,210000,108904,10512,0.44234947357591,333,198,210000,176590.909090909,9.45088606578794,TRUE,NA
"Beta right-high",2,302123,71,800,210000,108904,10512,0.523532090474998,800,440,210000,190909.090909091,6.63411181852528,TRUE,NA
"Beta right-high",2,302123,72,333,210000,104801,10508,0.431644200883399,333,184,210000,190027.173913043,9.65204760713552,TRUE,NA
"Beta right-high",2,302123,72,800,210000,104801,10508,0.520102983605387,800,395,210000,212658.227848101,6.82646486767687,TRUE,NA
"Beta right-high",2,302123,73,333,210000,104276,10491,0.427009949416092,333,159,210000,219905.660377358,10.0850026615991,TRUE,NA
"Beta right-high",2,302123,73,800,210000,104276,10491,0.516974792769709,800,422,210000,199052.132701422,6.70677637601546,TRUE,NA
"Beta right-high",2,302123,74,333,210000,107618,10498,0.436609553034553,333,175,210000,199800,9.79576715047429,TRUE,NA
"Beta right-high",2,302123,74,800,210000,107618,10498,0.516351838794372,800,396,210000,212121.212121212,6.82178071664205,TRUE,NA
"Beta right-high",2,302123,75,333,210000,101851,10385,0.422216931596497,333,147,210000,237857.142857143,10.3364117472074,TRUE,NA
"Beta right-high",2,302123,75,800,210000,101851,10385,0.516889393372029,800,373,210000,225201.072386059,6.93497068255915,TRUE,NA
"Beta right-high",2,302123,76,333,210000,107888,10514,0.430406575819046,333,162,210000,215833.333333333,10.027092898003,TRUE,NA
"Beta right-high",2,302123,76,800,210000,107888,10514,0.523338969752393,800,401,210000,209476.309226933,6.79866330639878,TRUE,NA
"Beta right-high",2,302123,77,333,210000,101708,10596,0.42665834368046,333,148,210000,236250,10.3141536003213,TRUE,NA
"Beta right-high",2,302123,77,800,210000,101708,10596,0.515334932293759,800,366,210000,229508.196721311,6.97184131094568,TRUE,NA
"Beta right-high",2,302123,78,333,210000,103304,10594,0.42860718080753,333,156,210000,224134.615384615,10.144789846321,TRUE,NA
"Beta right-high",2,302123,78,800,210000,103304,10594,0.520030810644459,800,391,210000,214833.759590793,6.84540827589973,TRUE,NA
"Beta right-high",2,302123,79,333,210000,104408,10510,0.428467666737915,333,140,210000,249750,10.4996556301636,TRUE,NA
"Beta right-high",2,302123,79,800,210000,104408,10510,0.516678868298247,800,384,210000,218750,6.87937741079022,TRUE,NA
"Beta right-high",2,302123,80,333,210000,105179,10444,0.424774334790077,333,159,210000,219905.660377358,10.0850026615991,TRUE,NA
"Beta right-high",2,302123,80,800,210000,105179,10444,0.5188338859212,800,421,210000,199524.940617577,6.71097131677406,TRUE,NA
"Beta right-high",2,302123,81,333,210000,104725,10466,0.440308753607014,333,185,210000,189000,9.6368174714222,TRUE,NA
"Beta right-high",2,302123,81,800,210000,104725,10466,0.523289527490628,800,419,210000,200477.326968974,6.71941331829732,TRUE,NA
"Beta right-high",2,302123,82,333,210000,103829,10552,0.432223587373232,333,180,210000,194250,9.71440952806755,TRUE,NA
"Beta right-high",2,302123,82,800,210000,103829,10552,0.519380654541307,800,441,210000,190476.19047619,6.63022653118845,TRUE,NA
"Beta right-high",2,302123,83,333,210000,108914,10564,0.425394674319972,333,144,210000,242812.5,10.4047412926943,TRUE,NA
"Beta right-high",2,302123,83,800,210000,108914,10564,0.514593334604321,800,386,210000,217616.580310881,6.86956349739337,TRUE,NA
"Beta right-high",2,302123,84,333,210000,101437,10446,0.429876994401171,333,147,210000,237857.142857143,10.3364117472074,TRUE,NA
"Beta right-high",2,302123,84,800,210000,101437,10446,0.520073414738436,800,361,210000,232686.980609418,6.99892834070722,TRUE,NA
"Beta right-high",2,302123,85,333,210000,108584,10538,0.434367515246078,333,185,210000,189000,9.6368174714222,TRUE,NA
"Beta right-high",2,302123,85,800,210000,108584,10538,0.521515770065717,800,439,210000,191343.963553531,6.63801251683109,TRUE,NA
"Beta right-high",2,302123,86,333,210000,103210,10583,0.429159585118782,333,178,210000,196432.584269663,9.74648512051155,TRUE,NA
"Beta right-high",2,302123,86,800,210000,103210,10583,0.514599969747498,800,386,210000,217616.580310881,6.86956349739337,TRUE,NA
"Beta right-high",2,302123,87,333,210000,107165,10498,0.425599087427339,333,184,210000,190027.173913043,9.65204760713552,TRUE,NA
"Beta right-high",2,302123,87,800,210000,107165,10498,0.515184727306533,800,413,210000,203389.830508475,6.74516433854333,TRUE,NA
"Beta right-high",2,302123,88,333,210000,107460,10520,0.422423002494546,333,150,210000,233100,10.2703877039828,TRUE,NA
"Beta right-high",2,302123,88,800,210000,107460,10520,0.509621687965023,800,380,210000,221052.631578947,6.89927216212756,TRUE,NA
"Beta right-high",2,302123,89,333,210000,102698,10561,0.434512226599126,333,175,210000,199800,9.79576715047429,TRUE,NA
"Beta right-high",2,302123,89,800,210000,102698,10561,0.51898763208037,800,407,210000,206388.206388206,6.77157230364179,TRUE,NA
"Beta right-high",2,302123,90,333,210000,107515,10626,0.427225374057366,333,170,210000,205676.470588235,9.88118041203675,TRUE,NA
"Beta right-high",2,302123,90,800,210000,107515,10626,0.513623446039192,800,400,210000,210000,6.80324679057169,TRUE,NA
"Beta right-high",2,302123,91,333,210000,106632,10596,0.432520480820672,333,168,210000,208125,9.91655214513914,TRUE,NA
"Beta right-high",2,302123,91,800,210000,106632,10596,0.52585173230687,800,454,210000,185022.026431718,6.58107883340457,TRUE,NA
"Beta right-high",2,302123,92,333,210000,100780,10592,0.418269134476929,333,135,210000,259000,10.6248892228356,TRUE,NA
"Beta right-high",2,302123,92,800,210000,100780,10592,0.511610737627469,800,357,210000,235294.117647059,7.02106625629019,TRUE,NA
"Beta right-high",2,302123,93,333,210000,104491,10493,0.433539320715193,333,160,210000,218531.25,10.0654953640372,TRUE,NA
"Beta right-high",2,302123,93,800,210000,104491,10493,0.5239746644843,800,419,210000,200477.326968974,6.71941331829732,TRUE,NA
"Beta right-high",2,302123,94,333,210000,99249,10543,0.425226530115829,333,152,210000,230032.894736842,10.2275935883112,TRUE,NA
"Beta right-high",2,302123,94,800,210000,99249,10543,0.512693945622644,800,356,210000,235955.056179775,7.02666738460513,TRUE,NA
"Beta right-high",2,302123,95,333,210000,102008,10505,0.429538558045199,333,163,210000,214509.202453988,10.0081911539992,TRUE,NA
"Beta right-high",2,302123,95,800,210000,102008,10505,0.524113928297757,800,416,210000,201923.076923077,6.73220828791605,TRUE,NA
"Beta right-high",2,302123,96,333,210000,105670,10304,0.424197887998676,333,157,210000,222707.006369427,10.1246463858931,TRUE,NA
"Beta right-high",2,302123,96,800,210000,105670,10304,0.519106157602403,800,401,210000,209476.309226933,6.79866330639878,TRUE,NA
"Beta right-high",2,302123,97,333,210000,107383,10379,0.421321849569005,333,149,210000,234664.429530201,10.2921470492403,TRUE,NA
"Beta right-high",2,302123,97,800,210000,107383,10379,0.515123067050191,800,392,210000,214285.714285714,6.84064112310072,TRUE,NA
"Beta right-high",2,302123,98,333,210000,100461,10355,0.427630427795248,333,147,210000,237857.142857143,10.3364117472074,TRUE,NA
"Beta right-high",2,302123,98,800,210000,100461,10355,0.520581870367123,800,380,210000,221052.631578947,6.89927216212756,TRUE,NA
"Beta right-high",2,302123,99,333,210000,106882,10344,0.430568389023308,333,190,210000,184026.315789474,9.56272847417632,TRUE,NA
"Beta right-high",2,302123,99,800,210000,106882,10344,0.517078684151166,800,440,210000,190909.090909091,6.63411181852528,TRUE,NA
"Beta right-high",2,302123,100,333,210000,113387,10639,0.421701204227888,333,167,210000,209371.25748503,9.93450735791223,TRUE,NA
"Beta right-high",2,302123,100,800,210000,113387,10639,0.513048144143907,800,389,210000,215938.303341902,6.8550060370112,TRUE,NA
"Beta right-high",2,302123,101,333,210000,107686,10567,0.428794570106888,333,170,210000,205676.470588235,9.88118041203675,TRUE,NA
"Beta right-high",2,302123,101,800,210000,107686,10567,0.516729932197128,800,395,210000,212658.227848101,6.82646486767687,TRUE,NA
"Beta right-high",2,302123,102,333,210000,107838,10367,0.435321894578258,333,166,210000,210632.530120482,9.95264591849202,TRUE,NA
"Beta right-high",2,302123,102,800,210000,107838,10367,0.517660370530378,800,380,210000,221052.631578947,6.89927216212756,TRUE,NA
"Beta right-high",2,302123,103,333,210000,98016,10723,0.425583218106386,333,154,210000,227045.454545455,10.185738159727,TRUE,NA
"Beta right-high",2,302123,103,800,210000,98016,10723,0.511588188525683,800,374,210000,224598.930481283,6.92980048831585,TRUE,NA
"Beta right-high",2,302123,104,333,210000,104976,10450,0.435318555548727,333,181,210000,193176.79558011,9.69859864660789,TRUE,NA
"Beta right-high",2,302123,104,800,210000,104976,10450,0.519372816305743,800,419,210000,200477.326968974,6.71941331829732,TRUE,NA
"Beta right-high",2,302123,105,333,210000,110860,10479,0.438171254176138,333,195,210000,179307.692307692,9.49190435084053,TRUE,NA
"Beta right-high",2,302123,105,800,210000,110860,10479,0.523620825674934,800,447,210000,187919.463087248,6.60723327472762,TRUE,NA
"Beta right-high",2,302123,106,333,210000,106160,10448,0.430069549642992,333,168,210000,208125,9.91655214513914,TRUE,NA
"Beta right-high",2,302123,106,800,210000,106160,10448,0.520704719711379,800,397,210000,211586.901763224,6.81711696907119,TRUE,NA
"Beta right-high",2,302123,107,333,210000,99786,10450,0.429556992070737,333,134,210000,260932.835820896,10.6508714476843,TRUE,NA
"Beta right-high",2,302123,107,800,210000,99786,10450,0.516448568563315,800,347,210000,242074.92795389,7.07831976513202,TRUE,NA
"Beta right-high",2,302123,108,333,210000,107880,10417,0.428377668285984,333,165,210000,211909.090909091,9.97097074158352,TRUE,NA
"Beta right-high",2,302123,108,800,210000,107880,10417,0.519643723759827,800,440,210000,190909.090909091,6.63411181852528,TRUE,NA
"Beta right-high",2,302123,109,333,210000,111249,10347,0.428038840250141,333,174,210000,200948.275862069,9.8125155434919,TRUE,NA
"Beta right-high",2,302123,109,800,210000,111249,10347,0.520454717510218,800,424,210000,198113.20754717,6.69843806822168,TRUE,NA
"Beta right-high",2,302123,110,333,210000,97768,10379,0.430824969859139,333,143,210000,244510.48951049,10.4280519203504,TRUE,NA
"Beta right-high",2,302123,110,800,210000,97768,10379,0.518757325786962,800,351,210000,239316.239316239,7.05508294660329,TRUE,NA
"Beta right-high",2,302123,111,333,210000,101513,10554,0.427161155518551,333,151,210000,231556.291390728,10.2488712786515,TRUE,NA
"Beta right-high",2,302123,111,800,210000,101513,10554,0.518268199372466,800,404,210000,207920.792079208,6.78503073986764,TRUE,NA
"Beta right-high",2,302123,112,333,210000,108475,10535,0.422786344741584,333,154,210000,227045.454545455,10.185738159727,TRUE,NA
"Beta right-high",2,302123,112,800,210000,108475,10535,0.515094174215359,800,384,210000,218750,6.87937741079022,TRUE,NA
"Beta right-high",2,302123,113,333,210000,103628,10596,0.421429654311488,333,136,210000,257095.588235294,10.599226796713,TRUE,NA
"Beta right-high",2,302123,113,800,210000,103628,10596,0.516168250877748,800,346,210000,242774.566473988,7.08420080160566,TRUE,NA
"Beta right-high",2,302123,114,333,210000,105574,10534,0.428959236245175,333,152,210000,230032.894736842,10.2275935883112,TRUE,NA
"Beta right-high",2,302123,114,800,210000,105574,10534,0.516589439476425,800,375,210000,224000,6.92465403901817,TRUE,NA
"Beta right-high",2,302123,115,333,210000,107207,10667,0.426158441408784,333,168,210000,208125,9.91655214513914,TRUE,NA
"Beta right-high",2,302123,115,800,210000,107207,10667,0.514323996076027,800,399,210000,210526.315789474,6.80785014046491,TRUE,NA
"Beta right-high",2,302123,116,333,210000,106707,10448,0.432242899979178,333,162,210000,215833.333333333,10.027092898003,TRUE,NA
"Beta right-high",2,302123,116,800,210000,106707,10448,0.517526936946782,800,408,210000,205882.352941176,6.76712426478136,TRUE,NA
"Beta right-high",2,302123,117,333,210000,101763,10488,0.430050729176985,333,145,210000,241137.931034483,10.3817009283081,TRUE,NA
"Beta right-high",2,302123,117,800,210000,101763,10488,0.521785596281686,800,386,210000,217616.580310881,6.86956349739337,TRUE,NA
"Beta right-high",2,302123,118,333,210000,99273,10507,0.428855642718082,333,145,210000,241137.931034483,10.3817009283081,TRUE,NA
"Beta right-high",2,302123,118,800,210000,99273,10507,0.520214989642029,800,342,210000,245614.035087719,7.10801892057804,TRUE,NA
"Beta right-high",2,302123,119,333,210000,104846,10313,0.430258815235758,333,150,210000,233100,10.2703877039828,TRUE,NA
"Beta right-high",2,302123,119,800,210000,104846,10313,0.518471957342213,800,356,210000,235955.056179775,7.02666738460513,TRUE,NA
"Beta right-high",2,302123,120,333,210000,102712,10369,0.430793002316636,333,176,210000,198664.772727273,9.77918088295926,TRUE,NA
"Beta right-high",2,302123,120,800,210000,102712,10369,0.516654824591594,800,369,210000,227642.276422764,6.95589231487478,TRUE,NA
"Beta right-high",2,302123,121,333,210000,103577,10546,0.435406177627163,333,182,210000,192115.384615385,9.68293611816731,TRUE,NA
"Beta right-high",2,302123,121,800,210000,103577,10546,0.522108253058957,800,409,210000,205378.973105134,6.76269507253102,TRUE,NA
"Beta right-high",2,302123,122,333,210000,104293,10513,0.427667702171029,333,184,210000,190027.173913043,9.65204760713552,TRUE,NA
"Beta right-high",2,302123,122,800,210000,104293,10513,0.520692123458344,800,423,210000,198581.560283688,6.7025986626053,TRUE,NA
"Beta right-high",2,302123,123,333,210000,110805,10438,0.428777086920925,333,160,210000,218531.25,10.0654953640372,TRUE,NA
"Beta right-high",2,302123,123,800,210000,110805,10438,0.514325366887422,800,413,210000,203389.830508475,6.74516433854333,TRUE,NA
"Beta right-high",2,302123,124,333,210000,101821,10524,0.430865612312408,333,144,210000,242812.5,10.4047412926943,TRUE,NA
"Beta right-high",2,302123,124,800,210000,101821,10524,0.51837092857646,800,391,210000,214833.759590793,6.84540827589973,TRUE,NA
"Beta right-high",2,302123,125,333,210000,103681,10476,0.427351565328739,333,150,210000,233100,10.2703877039828,TRUE,NA
"Beta right-high",2,302123,125,800,210000,103681,10476,0.515531185726321,800,391,210000,214833.759590793,6.84540827589973,TRUE,NA
"Beta right-high",2,302123,126,333,210000,106995,10350,0.439122145191578,333,205,210000,170560.975609756,9.35920321012062,TRUE,NA
"Beta right-high",2,302123,126,800,210000,106995,10350,0.522530715226691,800,446,210000,188340.807174888,6.6110280257386,TRUE,NA
"Beta right-high",2,302123,127,333,210000,104351,10647,0.425128004388502,333,168,210000,208125,9.91655214513914,TRUE,NA
"Beta right-high",2,302123,127,800,210000,104351,10647,0.516616183413827,800,396,210000,212121.212121212,6.82178071664205,TRUE,NA
"Beta right-high",2,302123,128,333,210000,98134,10512,0.432192560665149,333,137,210000,255218.97810219,10.5738780801266,TRUE,NA
"Beta right-high",2,302123,128,800,210000,98134,10512,0.519883418675118,800,340,210000,247058.823529412,7.1201075553187,TRUE,NA
"Beta right-high",2,302123,129,333,210000,100722,10838,0.429079368787648,333,147,210000,237857.142857143,10.3364117472074,TRUE,NA
"Beta right-high",2,302123,129,800,210000,100722,10838,0.517153316309573,800,378,210000,222222.222222222,6.90935549443293,TRUE,NA
"Beta right-high",2,302123,130,333,210000,101523,10508,0.438360406743511,333,169,210000,206893.49112426,9.898777427369,TRUE,NA
"Beta right-high",2,302123,130,800,210000,101523,10508,0.522884276248239,800,405,210000,207407.407407407,6.78052541608063,TRUE,NA
"Beta right-high",2,302123,131,333,210000,109716,10633,0.428139770025034,333,220,210000,158931.818181818,9.17980078095377,TRUE,NA
"Beta right-high",2,302123,131,800,210000,109716,10633,0.510325894225655,800,473,210000,177589.852008457,6.51351026268093,TRUE,NA
"Beta right-high",2,302123,132,333,210000,106631,10558,0.439067871263915,333,170,210000,205676.470588235,9.88118041203675,TRUE,NA
"Beta right-high",2,302123,132,800,210000,106631,10558,0.515649318634021,800,375,210000,224000,6.92465403901817,TRUE,NA
"Beta right-high",2,302123,133,333,210000,105023,10561,0.429405671255415,333,182,210000,192115.384615385,9.68293611816731,TRUE,NA
"Beta right-high",2,302123,133,800,210000,105023,10561,0.513709117976553,800,404,210000,207920.792079208,6.78503073986764,TRUE,NA
"Beta right-high",2,302123,134,333,210000,105190,10573,0.421291365190975,333,149,210000,234664.429530201,10.2921470492403,TRUE,NA
"Beta right-high",2,302123,134,800,210000,105190,10573,0.515278065754773,800,403,210000,208436.724565757,6.78955541070708,TRUE,NA
"Beta right-high",2,302123,135,333,210000,105901,10507,0.435317651120949,333,176,210000,198664.772727273,9.77918088295926,TRUE,NA
"Beta right-high",2,302123,135,800,210000,105901,10507,0.520152314762522,800,420,210000,2e+05,6.7151835941356,TRUE,NA
"Beta right-high",2,302123,136,333,210000,104717,10474,0.435889039247199,333,182,210000,192115.384615385,9.68293611816731,TRUE,NA
"Beta right-high",2,302123,136,800,210000,104717,10474,0.523792951069805,800,438,210000,191780.821917808,6.64192872001307,TRUE,NA
"Beta right-high",2,302123,137,333,210000,105666,10522,0.430309955931644,333,169,210000,206893.49112426,9.898777427369,TRUE,NA
"Beta right-high",2,302123,137,800,210000,105666,10522,0.512669928272799,800,388,210000,216494.845360825,6.85983693462991,TRUE,NA
"Beta right-high",2,302123,138,333,210000,109086,10441,0.431942068914949,333,186,210000,187983.870967742,9.62172738044833,TRUE,NA
"Beta right-high",2,302123,138,800,210000,109086,10441,0.518539627530245,800,418,210000,200956.937799043,6.72366060040962,TRUE,NA
"Beta right-high",2,302123,139,333,210000,105010,10471,0.425047625507582,333,151,210000,231556.291390728,10.2488712786515,TRUE,NA
"Beta right-high",2,302123,139,800,210000,105010,10471,0.517096727500979,800,381,210000,220472.440944882,6.89426472174727,TRUE,NA
"Beta right-high",2,302123,140,333,210000,100348,10446,0.434289683883962,333,177,210000,197542.372881356,9.76275432778563,TRUE,NA
"Beta right-high",2,302123,140,800,210000,100348,10446,0.521386613770016,800,395,210000,212658.227848101,6.82646486767687,TRUE,NA
"Beta right-high",2,302123,141,333,210000,100008,10522,0.428749221494242,333,139,210000,251546.762589928,10.5240982020608,TRUE,NA
"Beta right-high",2,302123,141,800,210000,100008,10522,0.515177103168937,800,351,210000,239316.239316239,7.05508294660329,TRUE,NA
"Beta right-high",2,302123,142,333,210000,107587,10424,0.437895828875568,333,173,210000,202109.826589595,9.82942852517615,TRUE,NA
"Beta right-high",2,302123,142,800,210000,107587,10424,0.52254933085697,800,427,210000,196721.31147541,6.68605792978917,TRUE,NA
"Beta right-high",2,302123,143,333,210000,105677,10425,0.432815746654408,333,160,210000,218531.25,10.0654953640372,TRUE,NA
"Beta right-high",2,302123,143,800,210000,105677,10425,0.527265803126145,800,448,210000,187500,6.60345329845321,TRUE,NA
"Beta right-high",2,302123,144,333,210000,102005,10532,0.419058098345492,333,131,210000,266908.396946565,10.7308002863742,TRUE,NA
"Beta right-high",2,302123,144,800,210000,102005,10532,0.5075431570086,800,351,210000,239316.239316239,7.05508294660329,TRUE,NA
"Beta right-high",2,302123,145,333,210000,105746,10439,0.42852627619167,333,163,210000,214509.202453988,10.0081911539992,TRUE,NA
"Beta right-high",2,302123,145,800,210000,105746,10439,0.516810047840823,800,390,210000,215384.615384615,6.85019653254194,TRUE,NA
"Beta right-high",2,302123,146,333,210000,110488,10493,0.426284721322868,333,164,210000,213201.219512195,9.98948480551183,TRUE,NA
"Beta right-high",2,302123,146,800,210000,110488,10493,0.515289209846146,800,373,210000,225201.072386059,6.93497068255915,TRUE,NA
"Beta right-high",2,302123,147,333,210000,106252,10506,0.441339836186773,333,194,210000,180231.958762887,9.50581867468717,TRUE,NA
"Beta right-high",2,302123,147,800,210000,106252,10506,0.525709021851691,800,442,210000,190045.248868778,6.62635656168337,TRUE,NA
"Beta right-high",2,302123,148,333,210000,102254,10371,0.424938194727086,333,138,210000,253369.565217391,10.5488371415714,TRUE,NA
"Beta right-high",2,302123,148,800,210000,102254,10371,0.515391935476831,800,373,210000,225201.072386059,6.93497068255915,TRUE,NA
"Beta right-high",2,302123,149,333,210000,108762,10663,0.425497394966992,333,172,210000,203284.88372093,9.84650861001883,TRUE,NA
"Beta right-high",2,302123,149,800,210000,108762,10663,0.514617714257,800,402,210000,208955.223880597,6.79409955652486,TRUE,NA
"Beta right-high",2,302123,150,333,210000,104041,10392,0.43227598368884,333,170,210000,205676.470588235,9.88118041203675,TRUE,NA
"Beta right-high",2,302123,150,800,210000,104041,10392,0.525060913986637,800,422,210000,199052.132701422,6.70677637601546,TRUE,NA
"Beta right-high",2,302123,151,333,210000,104787,10577,0.427250685919284,333,167,210000,209371.25748503,9.93450735791223,TRUE,NA
"Beta right-high",2,302123,151,800,210000,104787,10577,0.512531902379177,800,393,210000,213740.458015267,6.83589493148404,TRUE,NA
"Beta right-high",2,302123,152,333,210000,107460,10427,0.435594810256847,333,169,210000,206893.49112426,9.898777427369,TRUE,NA
"Beta right-high",2,302123,152,800,210000,107460,10427,0.522159276478087,800,409,210000,205378.973105134,6.76269507253102,TRUE,NA
"Beta right-high",2,302123,153,333,210000,106853,10398,0.430029274978678,333,182,210000,192115.384615385,9.68293611816731,TRUE,NA
"Beta right-high",2,302123,153,800,210000,106853,10398,0.517854220337433,800,423,210000,198581.560283688,6.7025986626053,TRUE,NA
"Beta right-high",2,302123,154,333,210000,104789,10529,0.433485424330034,333,187,210000,186978.609625668,9.60677535660802,TRUE,NA
"Beta right-high",2,302123,154,800,210000,104789,10529,0.517869258056726,800,433,210000,193995.381062356,6.66174565073848,TRUE,NA
"Beta right-high",2,302123,155,333,210000,106200,10568,0.427647063318277,333,165,210000,211909.090909091,9.97097074158352,TRUE,NA
"Beta right-high",2,302123,155,800,210000,106200,10568,0.512551703911368,800,375,210000,224000,6.92465403901817,TRUE,NA
"Beta right-high",2,302123,156,333,210000,103920,10480,0.423626925771176,333,131,210000,266908.396946565,10.7308002863742,TRUE,NA
"Beta right-high",2,302123,156,800,210000,103920,10480,0.512943824472993,800,384,210000,218750,6.87937741079022,TRUE,NA
"Beta right-high",2,302123,157,333,210000,102168,10473,0.42689225121908,333,179,210000,195335.195530726,9.73037094417081,TRUE,NA
"Beta right-high",2,302123,157,800,210000,102168,10473,0.513117714638571,800,422,210000,199052.132701422,6.70677637601546,TRUE,NA
"Beta right-high",2,302123,158,333,210000,99170,10411,0.422073918622072,333,141,210000,247978.723404255,10.4755039372365,TRUE,NA
"Beta right-high",2,302123,158,800,210000,99170,10411,0.517268418475675,800,384,210000,218750,6.87937741079022,TRUE,NA
"Beta right-high",2,302123,159,333,210000,105744,10621,0.433249165204037,333,160,210000,218531.25,10.0654953640372,TRUE,NA
"Beta right-high",2,302123,159,800,210000,105744,10621,0.52013141890763,800,388,210000,216494.845360825,6.85983693462991,TRUE,NA
"Beta right-high",2,302123,160,333,210000,102689,10524,0.43023685422051,333,176,210000,198664.772727273,9.77918088295926,TRUE,NA
"Beta right-high",2,302123,160,800,210000,102689,10524,0.517279142656049,800,415,210000,202409.638554217,6.73650892047155,TRUE,NA
"Beta right-high",2,302123,161,333,210000,103158,10536,0.430612312981509,333,168,210000,208125,9.91655214513914,TRUE,NA
"Beta right-high",2,302123,161,800,210000,103158,10536,0.518582419669284,800,392,210000,214285.714285714,6.84064112310072,TRUE,NA
"Beta right-high",2,302123,162,333,210000,109652,10291,0.430955716032059,333,178,210000,196432.584269663,9.74648512051155,TRUE,NA
"Beta right-high",2,302123,162,800,210000,109652,10291,0.520975347273272,800,437,210000,192219.679633867,6.6458605227564,TRUE,NA
"Beta right-high",2,302123,163,333,210000,102352,10734,0.429399134493889,333,180,210000,194250,9.71440952806755,TRUE,NA
"Beta right-high",2,302123,163,800,210000,102352,10734,0.521347333053499,800,378,210000,222222.222222222,6.90935549443293,TRUE,NA
"Beta right-high",2,302123,164,333,210000,97060,10308,0.425676606725845,333,141,210000,247978.723404255,10.4755039372365,TRUE,NA
"Beta right-high",2,302123,164,800,210000,97060,10308,0.522537962563225,800,365,210000,230136.98630137,6.97720769129002,TRUE,NA
"Beta right-high",2,302123,165,333,210000,103349,10442,0.429648215160608,333,154,210000,227045.454545455,10.185738159727,TRUE,NA
"Beta right-high",2,302123,165,800,210000,103349,10442,0.523790790435934,800,420,210000,2e+05,6.7151835941356,TRUE,NA
"Beta right-high",2,302123,166,333,210000,107419,10567,0.43148923406984,333,167,210000,209371.25748503,9.93450735791223,TRUE,NA
"Beta right-high",2,302123,166,800,210000,107419,10567,0.517006770922452,800,384,210000,218750,6.87937741079022,TRUE,NA
"Beta right-high",2,302123,167,333,210000,103543,10515,0.436585467395321,333,186,210000,187983.870967742,9.62172738044833,TRUE,NA
"Beta right-high",2,302123,167,800,210000,103543,10515,0.525179228407708,800,457,210000,183807.439824945,6.57008409138135,TRUE,NA
"Beta right-high",2,302123,168,333,210000,100530,10478,0.423037621723587,333,149,210000,234664.429530201,10.2921470492403,TRUE,NA
"Beta right-high",2,302123,168,800,210000,100530,10478,0.519787616062027,800,367,210000,228882.833787466,6.96650007512336,TRUE,NA
"Beta right-high",2,302123,169,333,210000,104377,10404,0.434642048963073,333,170,210000,205676.470588235,9.88118041203675,TRUE,NA
"Beta right-high",2,302123,169,800,210000,104377,10404,0.522817332470703,800,419,210000,200477.326968974,6.71941331829732,TRUE,NA
"Beta right-high",2,302123,170,333,210000,106003,10542,0.416915920377521,333,161,210000,217173.913043478,10.0461932176168,TRUE,NA
"Beta right-high",2,302123,170,800,210000,106003,10542,0.514551082918087,800,424,210000,198113.20754717,6.69843806822168,TRUE,NA
"Beta right-high",2,302123,171,333,210000,105213,10411,0.431414288981925,333,164,210000,213201.219512195,9.98948480551183,TRUE,NA
"Beta right-high",2,302123,171,800,210000,105213,10411,0.523642677777232,800,390,210000,215384.615384615,6.85019653254194,TRUE,NA
"Beta right-high",2,302123,172,333,210000,104415,10640,0.428379423713752,333,149,210000,234664.429530201,10.2921470492403,TRUE,NA
"Beta right-high",2,302123,172,800,210000,104415,10640,0.522220435401283,800,383,210000,219321.148825065,6.88431750196318,TRUE,NA
"Beta right-high",2,302123,173,333,210000,104536,10517,0.433032658596029,333,170,210000,205676.470588235,9.88118041203675,TRUE,NA
"Beta right-high",2,302123,173,800,210000,104536,10517,0.524463669584564,800,407,210000,206388.206388206,6.77157230364179,TRUE,NA
"Beta right-high",2,302123,174,333,210000,101395,10530,0.430134063903761,333,192,210000,182109.375,9.53401962745973,TRUE,NA
"Beta right-high",2,302123,174,800,210000,101395,10530,0.523090396757851,800,452,210000,185840.707964602,6.58847939199431,TRUE,NA
"Beta right-high",2,302123,175,333,210000,106411,10505,0.425465165532834,333,175,210000,199800,9.79576715047429,TRUE,NA
"Beta right-high",2,302123,175,800,210000,106411,10505,0.513986798419115,800,400,210000,210000,6.80324679057169,TRUE,NA
"Beta right-high",2,302123,176,333,210000,99764,10584,0.424784114157983,333,135,210000,259000,10.6248892228356,TRUE,NA
"Beta right-high",2,302123,176,800,210000,99764,10584,0.513911815290781,800,351,210000,239316.239316239,7.05508294660329,TRUE,NA
"Beta right-high",2,302123,177,333,210000,105100,10589,0.42437674441812,333,169,210000,206893.49112426,9.898777427369,TRUE,NA
"Beta right-high",2,302123,177,800,210000,105100,10589,0.514872557167721,800,388,210000,216494.845360825,6.85983693462991,TRUE,NA
"Beta right-high",2,302123,178,333,210000,104145,10530,0.427656303636926,333,155,210000,225580.64516129,10.1651525298793,TRUE,NA
"Beta right-high",2,302123,178,800,210000,104145,10530,0.514522469616777,800,361,210000,232686.980609418,6.99892834070722,TRUE,NA
"Beta right-high",2,302123,179,333,210000,106197,10439,0.431089108433206,333,169,210000,206893.49112426,9.898777427369,TRUE,NA
"Beta right-high",2,302123,179,800,210000,106197,10439,0.514883372275975,800,389,210000,215938.303341902,6.8550060370112,TRUE,NA
"Beta right-high",2,302123,180,333,210000,107286,10495,0.42387749823158,333,162,210000,215833.333333333,10.027092898003,TRUE,NA
"Beta right-high",2,302123,180,800,210000,107286,10495,0.515805096026045,800,393,210000,213740.458015267,6.83589493148404,TRUE,NA
"Beta right-high",2,302123,181,333,210000,102794,10530,0.434083955108917,333,173,210000,202109.826589595,9.82942852517615,TRUE,NA
"Beta right-high",2,302123,181,800,210000,102794,10530,0.518702057617975,800,407,210000,206388.206388206,6.77157230364179,TRUE,NA
"Beta right-high",2,302123,182,333,210000,104047,10584,0.433738503007528,333,210,210000,166500,9.2969481305696,TRUE,NA
"Beta right-high",2,302123,182,800,210000,104047,10584,0.521886949980074,800,435,210000,193103.448275862,6.65377130960709,TRUE,NA
"Beta right-high",2,302123,183,333,210000,104325,10466,0.434460836661974,333,165,210000,211909.090909091,9.97097074158352,TRUE,NA
"Beta right-high",2,302123,183,800,210000,104325,10466,0.52402624741348,800,406,210000,206896.551724138,6.77603931255901,TRUE,NA
"Beta right-high",2,302123,184,333,210000,102465,10511,0.4240349502266,333,153,210000,228529.411764706,10.2065505459796,TRUE,NA
"Beta right-high",2,302123,184,800,210000,102465,10511,0.511552280714985,800,368,210000,228260.869565217,6.96118380283859,TRUE,NA
"Beta right-high",2,302123,185,333,210000,98940,10468,0.426043812743665,333,147,210000,237857.142857143,10.3364117472074,TRUE,NA
"Beta right-high",2,302123,185,800,210000,98940,10468,0.520145302710661,800,397,210000,211586.901763224,6.81711696907119,TRUE,NA
"Beta right-high",2,302123,186,333,210000,103832,10330,0.434454085168978,333,201,210000,173955.223880597,9.41092135258544,TRUE,NA
"Beta right-high",2,302123,186,800,210000,103832,10330,0.521573635643396,800,424,210000,198113.20754717,6.69843806822168,TRUE,NA
"Beta right-high",2,302123,187,333,210000,104906,10542,0.4226648699185,333,147,210000,237857.142857143,10.3364117472074,TRUE,NA
"Beta right-high",2,302123,187,800,210000,104906,10542,0.519948672192968,800,389,210000,215938.303341902,6.8550060370112,TRUE,NA
"Beta right-high",2,302123,188,333,210000,107046,10556,0.431230385930378,333,171,210000,204473.684210526,9.86375836520729,TRUE,NA
"Beta right-high",2,302123,188,800,210000,107046,10556,0.516757592940577,800,415,210000,202409.638554217,6.73650892047155,TRUE,NA
"Beta right-high",2,302123,189,333,210000,109878,10502,0.430417745307282,333,187,210000,186978.609625668,9.60677535660802,TRUE,NA
"Beta right-high",2,302123,189,800,210000,109878,10502,0.51561317441023,800,409,210000,205378.973105134,6.76269507253102,TRUE,NA
"Beta right-high",2,302123,190,333,210000,106469,10633,0.42982235763461,333,157,210000,222707.006369427,10.1246463858931,TRUE,NA
"Beta right-high",2,302123,190,800,210000,106469,10633,0.517252597131507,800,380,210000,221052.631578947,6.89927216212756,TRUE,NA
"Beta right-high",2,302123,191,333,210000,112324,10513,0.429727378789129,333,186,210000,187983.870967742,9.62172738044833,TRUE,NA
"Beta right-high",2,302123,191,800,210000,112324,10513,0.518420484946939,800,464,210000,181034.482758621,6.54491337080599,TRUE,NA
"Beta right-high",2,302123,192,333,210000,103610,10521,0.42072430501178,333,162,210000,215833.333333333,10.027092898003,TRUE,NA
"Beta right-high",2,302123,192,800,210000,103610,10521,0.516512392507809,800,408,210000,205882.352941176,6.76712426478136,TRUE,NA
"Beta right-high",2,302123,193,333,210000,104280,10569,0.425008760085729,333,142,210000,246232.394366197,10.4516377728431,TRUE,NA
"Beta right-high",2,302123,193,800,210000,104280,10569,0.519817425507186,800,392,210000,214285.714285714,6.84064112310072,TRUE,NA
"Beta right-high",2,302123,194,333,210000,99920,10475,0.429544663858896,333,169,210000,206893.49112426,9.898777427369,TRUE,NA
"Beta right-high",2,302123,194,800,210000,99920,10475,0.514933093795166,800,372,210000,225806.451612903,6.94016479080515,TRUE,NA
"Beta right-high",2,302123,195,333,210000,101905,10668,0.424062268513377,333,168,210000,208125,9.91655214513914,TRUE,NA
"Beta right-high",2,302123,195,800,210000,101905,10668,0.511820684756748,800,383,210000,219321.148825065,6.88431750196318,TRUE,NA
"Beta right-high",2,302123,196,333,210000,101407,10688,0.427872472649443,333,171,210000,204473.684210526,9.86375836520729,TRUE,NA
"Beta right-high",2,302123,196,800,210000,101407,10688,0.512408551678172,800,380,210000,221052.631578947,6.89927216212756,TRUE,NA
"Beta right-high",2,302123,197,333,210000,110619,10461,0.431141928860938,333,201,210000,173955.223880597,9.41092135258544,TRUE,NA
"Beta right-high",2,302123,197,800,210000,110619,10461,0.518709965034305,800,444,210000,189189.189189189,6.61866220742127,TRUE,NA
"Beta right-high",2,302123,198,333,210000,106161,10467,0.429195195033618,333,147,210000,237857.142857143,10.3364117472074,TRUE,NA
"Beta right-high",2,302123,198,800,210000,106161,10467,0.521015701856016,800,410,210000,204878.048780488,6.75828460453265,TRUE,NA
"Beta right-high",2,302123,199,333,210000,104144,10493,0.427341122278442,333,149,210000,234664.429530201,10.2921470492403,TRUE,NA
"Beta right-high",2,302123,199,800,210000,104144,10493,0.51651420825056,800,377,210000,222811.671087533,6.91443170711925,TRUE,NA
"Beta right-high",2,302123,200,333,210000,101043,10657,0.436278979929387,333,182,210000,192115.384615385,9.68293611816731,TRUE,NA
"Beta right-high",2,302123,200,800,210000,101043,10657,0.524384831353962,800,416,210000,201923.076923077,6.73220828791605,TRUE,NA
"Beta right-high",2,302123,201,333,210000,103073,10422,0.426072872017995,333,152,210000,230032.894736842,10.2275935883112,TRUE,NA
"Beta right-high",2,302123,201,800,210000,103073,10422,0.512992719004737,800,370,210000,227027.027027027,6.95062543376141,TRUE,NA
"Beta right-high",2,302123,202,333,210000,106382,10401,0.430924026674385,333,182,210000,192115.384615385,9.68293611816731,TRUE,NA
"Beta right-high",2,302123,202,800,210000,106382,10401,0.522924669236688,800,431,210000,194895.591647332,6.66978433248901,TRUE,NA
"Beta right-high",2,302123,203,333,210000,102813,10417,0.436022975680254,333,173,210000,202109.826589595,9.82942852517615,TRUE,NA
"Beta right-high",2,302123,203,800,210000,102813,10417,0.525645568185338,800,404,210000,207920.792079208,6.78503073986764,TRUE,NA
"Beta right-high",2,302123,204,333,210000,109047,10496,0.426961227429045,333,170,210000,205676.470588235,9.88118041203675,TRUE,NA
"Beta right-high",2,302123,204,800,210000,109047,10496,0.518809427517941,800,408,210000,205882.352941176,6.76712426478136,TRUE,NA
"Beta right-high",2,302123,205,333,210000,108143,10695,0.431366231955178,333,175,210000,199800,9.79576715047429,TRUE,NA
"Beta right-high",2,302123,205,800,210000,108143,10695,0.513779268736327,800,361,210000,232686.980609418,6.99892834070722,TRUE,NA
"Beta right-high",2,302123,206,333,210000,101450,10660,0.437756390968821,333,174,210000,200948.275862069,9.8125155434919,TRUE,NA
"Beta right-high",2,302123,206,800,210000,101450,10660,0.525475745930697,800,445,210000,188764.04494382,6.61483764016802,TRUE,NA
"Beta right-high",2,302123,207,333,210000,108091,10752,0.432440716282174,333,159,210000,219905.660377358,10.0850026615991,TRUE,NA
"Beta right-high",2,302123,207,800,210000,108091,10752,0.517879055706916,800,430,210000,195348.837209302,6.67382805044544,TRUE,NA
"Beta right-high",2,302123,208,333,210000,101836,10588,0.42827238108087,333,161,210000,217173.913043478,10.0461932176168,TRUE,NA
"Beta right-high",2,302123,208,800,210000,101836,10588,0.516262029484525,800,392,210000,214285.714285714,6.84064112310072,TRUE,NA
"Beta right-high",2,302123,209,333,210000,102297,10477,0.423272465765852,333,130,210000,268961.538461538,10.7581259449093,TRUE,NA
"Beta right-high",2,302123,209,800,210000,102297,10477,0.511760780727925,800,353,210000,237960.339943343,7.04363391946522,TRUE,NA
"Beta right-high",2,302123,210,333,210000,106722,10502,0.424790691705704,333,146,210000,239486.301369863,10.3589259872047,TRUE,NA
"Beta right-high",2,302123,210,800,210000,106722,10502,0.514770956461532,800,376,210000,223404.255319149,6.91953116723056,TRUE,NA
"Beta right-high",2,302123,211,333,210000,105204,10362,0.441113256740517,333,162,210000,215833.333333333,10.027092898003,TRUE,NA
"Beta right-high",2,302123,211,800,210000,105204,10362,0.527205720909721,800,408,210000,205882.352941176,6.76712426478136,TRUE,NA
"Beta right-high",2,302123,212,333,210000,106199,10724,0.430860167268423,333,180,210000,194250,9.71440952806755,TRUE,NA
"Beta right-high",2,302123,212,800,210000,106199,10724,0.518117907166731,800,419,210000,200477.326968974,6.71941331829732,TRUE,NA
"Beta right-high",2,302123,213,333,210000,102018,10382,0.423516084182835,333,168,210000,208125,9.91655214513914,TRUE,NA
"Beta right-high",2,302123,213,800,210000,102018,10382,0.514443342149094,800,393,210000,213740.458015267,6.83589493148404,TRUE,NA
"Beta right-high",2,302123,214,333,210000,109035,10326,0.441366083563468,333,211,210000,165710.900473934,9.28480273631939,TRUE,NA
"Beta right-high",2,302123,214,800,210000,109035,10326,0.525998555458276,800,444,210000,189189.189189189,6.61866220742127,TRUE,NA
"Beta right-high",2,302123,215,333,210000,103691,10475,0.42754245720395,333,185,210000,189000,9.6368174714222,TRUE,NA
"Beta right-high",2,302123,215,800,210000,103691,10475,0.517890652678789,800,396,210000,212121.212121212,6.82178071664205,TRUE,NA
"Beta right-high",2,302123,216,333,210000,104830,10396,0.437783287663995,333,162,210000,215833.333333333,10.027092898003,TRUE,NA
"Beta right-high",2,302123,216,800,210000,104830,10396,0.524537608004597,800,392,210000,214285.714285714,6.84064112310072,TRUE,NA
"Beta right-high",2,302123,217,333,210000,103005,10679,0.424694817881861,333,163,210000,214509.202453988,10.0081911539992,TRUE,NA
"Beta right-high",2,302123,217,800,210000,103005,10679,0.515606744028955,800,385,210000,218181.818181818,6.87445946001938,TRUE,NA
"Beta right-high",2,302123,218,333,210000,106352,10459,0.424439955429042,333,170,210000,205676.470588235,9.88118041203675,TRUE,NA
"Beta right-high",2,302123,218,800,210000,106352,10459,0.517807771362498,800,441,210000,190476.19047619,6.63022653118845,TRUE,NA
"Beta right-high",2,302123,219,333,210000,101283,10532,0.429139608792486,333,146,210000,239486.301369863,10.3589259872047,TRUE,NA
"Beta right-high",2,302123,219,800,210000,101283,10532,0.516305766207396,800,373,210000,225201.072386059,6.93497068255915,TRUE,NA
"Beta right-high",2,302123,220,333,210000,98125,10525,0.432696424599199,333,155,210000,225580.64516129,10.1651525298793,TRUE,NA
"Beta right-high",2,302123,220,800,210000,98125,10525,0.516790281458627,800,355,210000,236619.718309859,7.03229556957976,TRUE,NA
"Beta right-high",2,302123,221,333,210000,104506,10504,0.426572429833701,333,119,210000,293823.529411765,11.0836731442619,TRUE,NA
"Beta right-high",2,302123,221,800,210000,104506,10504,0.513667183726779,800,334,210000,251497.005988024,7.15711440832848,TRUE,NA
"Beta right-high",2,302123,222,333,210000,108553,10377,0.432211003840603,333,175,210000,199800,9.79576715047429,TRUE,NA
"Beta right-high",2,302123,222,800,210000,108553,10377,0.519704551056976,800,396,210000,212121.212121212,6.82178071664205,TRUE,NA
"Beta right-high",2,302123,223,333,210000,103505,10441,0.429406353207783,333,166,210000,210632.530120482,9.95264591849202,TRUE,NA
"Beta right-high",2,302123,223,800,210000,103505,10441,0.519172364988235,800,386,210000,217616.580310881,6.86956349739337,TRUE,NA
"Beta right-high",2,302123,224,333,210000,108566,10413,0.419283353638507,333,129,210000,271046.511627907,10.7858044098906,TRUE,NA
"Beta right-high",2,302123,224,800,210000,108566,10413,0.513409683056096,800,361,210000,232686.980609418,6.99892834070722,TRUE,NA
"Beta right-high",2,302123,225,333,210000,101192,10494,0.424189692507464,333,149,210000,234664.429530201,10.2921470492403,TRUE,NA
"Beta right-high",2,302123,225,800,210000,101192,10494,0.513843699130273,800,356,210000,235955.056179775,7.02666738460513,TRUE,NA
"Beta right-high",2,302123,226,333,210000,98806,10266,0.427250913705232,333,178,210000,196432.584269663,9.74648512051155,TRUE,NA
"Beta right-high",2,302123,226,800,210000,98806,10266,0.517736742871537,800,404,210000,207920.792079208,6.78503073986764,TRUE,NA
"Beta right-high",2,302123,227,333,210000,102139,10410,0.442271208206254,333,196,210000,178392.857142857,9.47811189460851,TRUE,NA
"Beta right-high",2,302123,227,800,210000,102139,10410,0.528509693169283,800,430,210000,195348.837209302,6.67382805044544,TRUE,NA
"Beta right-high",2,302123,228,333,210000,100846,10526,0.42428778519086,333,157,210000,222707.006369427,10.1246463858931,TRUE,NA
"Beta right-high",2,302123,228,800,210000,100846,10526,0.511444285019694,800,366,210000,229508.196721311,6.97184131094568,TRUE,NA
"Beta right-high",2,302123,229,333,210000,99855,10506,0.428452091655035,333,137,210000,255218.97810219,10.5738780801266,TRUE,NA
"Beta right-high",2,302123,229,800,210000,99855,10506,0.517830259471617,800,388,210000,216494.845360825,6.85983693462991,TRUE,NA
"Beta right-high",2,302123,230,333,210000,101638,10317,0.428709932661911,333,157,210000,222707.006369427,10.1246463858931,TRUE,NA
"Beta right-high",2,302123,230,800,210000,101638,10317,0.517094227607245,800,384,210000,218750,6.87937741079022,TRUE,NA
"Beta right-high",2,302123,231,333,210000,103986,10518,0.42535998880029,333,167,210000,209371.25748503,9.93450735791223,TRUE,NA
"Beta right-high",2,302123,231,800,210000,103986,10518,0.517800140866358,800,431,210000,194895.591647332,6.66978433248901,TRUE,NA
"Beta right-high",2,302123,232,333,210000,103352,10530,0.424507627156321,333,141,210000,247978.723404255,10.4755039372365,TRUE,NA
"Beta right-high",2,302123,232,800,210000,103352,10530,0.517114078055863,800,370,210000,227027.027027027,6.95062543376141,TRUE,NA
"Beta right-high",2,302123,233,333,210000,109152,10405,0.426524080940811,333,161,210000,217173.913043478,10.0461932176168,TRUE,NA
"Beta right-high",2,302123,233,800,210000,109152,10405,0.518861355923297,800,423,210000,198581.560283688,6.7025986626053,TRUE,NA
"Beta right-high",2,302123,234,333,210000,105545,10509,0.433658566326098,333,192,210000,182109.375,9.53401962745973,TRUE,NA
"Beta right-high",2,302123,234,800,210000,105545,10509,0.52396062942343,800,461,210000,182212.581344902,6.55561902973741,TRUE,NA
"Beta right-high",2,302123,235,333,210000,109437,10662,0.42627860752446,333,176,210000,198664.772727273,9.77918088295926,TRUE,NA
"Beta right-high",2,302123,235,800,210000,109437,10662,0.513387219616114,800,435,210000,193103.448275862,6.65377130960709,TRUE,NA
"Beta right-high",2,302123,236,333,210000,106406,10759,0.415648230868032,333,154,210000,227045.454545455,10.185738159727,TRUE,NA
"Beta right-high",2,302123,236,800,210000,106406,10759,0.514442565599374,800,431,210000,194895.591647332,6.66978433248901,TRUE,NA
"Beta right-high",2,302123,237,333,210000,104539,10481,0.428756995761369,333,147,210000,237857.142857143,10.3364117472074,TRUE,NA
"Beta right-high",2,302123,237,800,210000,104539,10481,0.519697325158408,800,403,210000,208436.724565757,6.78955541070708,TRUE,NA
"Beta right-high",2,302123,238,333,210000,104678,10678,0.424179074810165,333,169,210000,206893.49112426,9.898777427369,TRUE,NA
"Beta right-high",2,302123,238,800,210000,104678,10678,0.514996672268333,800,395,210000,212658.227848101,6.82646486767687,TRUE,NA
"Beta right-high",2,302123,239,333,210000,109595,10521,0.429546371939765,333,179,210000,195335.195530726,9.73037094417081,TRUE,NA
"Beta right-high",2,302123,239,800,210000,109595,10521,0.515304321479746,800,413,210000,203389.830508475,6.74516433854333,TRUE,NA
"Beta right-high",2,302123,240,333,210000,106062,10527,0.433631197200512,333,167,210000,209371.25748503,9.93450735791223,TRUE,NA
"Beta right-high",2,302123,240,800,210000,106062,10527,0.522068546666039,800,405,210000,207407.407407407,6.78052541608063,TRUE,NA
"Beta right-high",2,302123,241,333,210000,109582,10610,0.43100513851273,333,170,210000,205676.470588235,9.88118041203675,TRUE,NA
"Beta right-high",2,302123,241,800,210000,109582,10610,0.521165204078944,800,402,210000,208955.223880597,6.79409955652486,TRUE,NA
"Beta right-high",2,302123,242,333,210000,104026,10450,0.437965709819098,333,195,210000,179307.692307692,9.49190435084053,TRUE,NA
"Beta right-high",2,302123,242,800,210000,104026,10450,0.525807510111585,800,438,210000,191780.821917808,6.64192872001307,TRUE,NA
"Beta right-high",2,302123,243,333,210000,108913,10587,0.430008631386992,333,174,210000,200948.275862069,9.8125155434919,TRUE,NA
"Beta right-high",2,302123,243,800,210000,108913,10587,0.514017907035651,800,390,210000,215384.615384615,6.85019653254194,TRUE,NA
"Beta right-high",2,302123,244,333,210000,107573,10523,0.42588070562346,333,164,210000,213201.219512195,9.98948480551183,TRUE,NA
"Beta right-high",2,302123,244,800,210000,107573,10523,0.515821277150923,800,391,210000,214833.759590793,6.84540827589973,TRUE,NA
"Beta right-high",2,302123,245,333,210000,102774,10550,0.42998003042225,333,163,210000,214509.202453988,10.0081911539992,TRUE,NA
"Beta right-high",2,302123,245,800,210000,102774,10550,0.516022498668162,800,380,210000,221052.631578947,6.89927216212756,TRUE,NA
"Beta right-high",2,302123,246,333,210000,107197,10528,0.428982889322036,333,164,210000,213201.219512195,9.98948480551183,TRUE,NA
"Beta right-high",2,302123,246,800,210000,107197,10528,0.51773679112578,800,405,210000,207407.407407407,6.78052541608063,TRUE,NA
"Beta right-high",2,302123,247,333,210000,104607,10510,0.42893011125655,333,165,210000,211909.090909091,9.97097074158352,TRUE,NA
"Beta right-high",2,302123,247,800,210000,104607,10510,0.517294055288509,800,380,210000,221052.631578947,6.89927216212756,TRUE,NA
"Beta right-high",2,302123,248,333,210000,104169,10420,0.427913286209911,333,159,210000,219905.660377358,10.0850026615991,TRUE,NA
"Beta right-high",2,302123,248,800,210000,104169,10420,0.516764522002643,800,399,210000,210526.315789474,6.80785014046491,TRUE,NA
"Beta right-high",2,302123,249,333,210000,103118,10181,0.430786524297778,333,168,210000,208125,9.91655214513914,TRUE,NA
"Beta right-high",2,302123,249,800,210000,103118,10181,0.52174667051051,800,409,210000,205378.973105134,6.76269507253102,TRUE,NA
"Beta right-high",2,302123,250,333,210000,107127,10731,0.428731963502131,333,176,210000,198664.772727273,9.77918088295926,TRUE,NA
"Beta right-high",2,302123,250,800,210000,107127,10731,0.514662451652698,800,375,210000,224000,6.92465403901817,TRUE,NA
"Beta right-high",2,302123,251,333,210000,103730,10703,0.432085411029953,333,183,210000,191065.573770492,9.66741980399235,TRUE,NA
"Beta right-high",2,302123,251,800,210000,103730,10703,0.516563384101916,800,414,210000,202898.550724638,6.74082756532198,TRUE,NA
"Beta right-high",2,302123,252,333,210000,106045,10351,0.423679000071394,333,152,210000,230032.894736842,10.2275935883112,TRUE,NA
"Beta right-high",2,302123,252,800,210000,106045,10351,0.515849932601838,800,408,210000,205882.352941176,6.76712426478136,TRUE,NA
"Beta right-high",2,302123,253,333,210000,105050,10450,0.427263104096191,333,154,210000,227045.454545455,10.185738159727,TRUE,NA
"Beta right-high",2,302123,253,800,210000,105050,10450,0.518239492620318,800,409,210000,205378.973105134,6.76269507253102,TRUE,NA
"Beta right-high",2,302123,254,333,210000,104918,10440,0.431379880934874,333,176,210000,198664.772727273,9.77918088295926,TRUE,NA
"Beta right-high",2,302123,254,800,210000,104918,10440,0.523628553369472,800,426,210000,197183.098591549,6.69016780784906,TRUE,NA
"Beta right-high",2,302123,255,333,210000,102003,10653,0.419442807733372,333,134,210000,260932.835820896,10.6508714476843,TRUE,NA
"Beta right-high",2,302123,255,800,210000,102003,10653,0.511247361725394,800,353,210000,237960.339943343,7.04363391946522,TRUE,NA
"Beta right-high",2,302123,256,333,210000,109007,10519,0.430247467304729,333,209,210000,167296.650717703,9.30919367483603,TRUE,NA
"Beta right-high",2,302123,256,800,210000,109007,10519,0.5181183719819,800,454,210000,185022.026431718,6.58107883340457,TRUE,NA
"Beta right-high",2,302123,257,333,210000,102980,10482,0.424291596889472,333,155,210000,225580.64516129,10.1651525298793,TRUE,NA
"Beta right-high",2,302123,257,800,210000,102980,10482,0.518071942897324,800,402,210000,208955.223880597,6.79409955652486,TRUE,NA
"Beta right-high",2,302123,258,333,210000,105438,10582,0.422836084673447,333,163,210000,214509.202453988,10.0081911539992,TRUE,NA
"Beta right-high",2,302123,258,800,210000,105438,10582,0.513540247116199,800,402,210000,208955.223880597,6.79409955652486,TRUE,NA
"Beta right-high",2,302123,259,333,210000,98498,10386,0.429833690966498,333,161,210000,217173.913043478,10.0461932176168,TRUE,NA
"Beta right-high",2,302123,259,800,210000,98498,10386,0.518949984178212,800,407,210000,206388.206388206,6.77157230364179,TRUE,NA
"Beta right-high",2,302123,260,333,210000,99836,10503,0.431717803156417,333,151,210000,231556.291390728,10.2488712786515,TRUE,NA
"Beta right-high",2,302123,260,800,210000,99836,10503,0.52272330768465,800,394,210000,213197.969543147,6.83116955969639,TRUE,NA
"Beta right-high",2,302123,261,333,210000,105343,10447,0.432684139101071,333,165,210000,211909.090909091,9.97097074158352,TRUE,NA
"Beta right-high",2,302123,261,800,210000,105343,10447,0.517436342874864,800,379,210000,221635.883905013,6.90430236648355,TRUE,NA
"Beta right-high",2,302123,262,333,210000,109267,10547,0.43469130720222,333,188,210000,185984.042553191,9.59195946014975,TRUE,NA
"Beta right-high",2,302123,262,800,210000,109267,10547,0.520860217192333,800,449,210000,187082.405345212,6.59968800894959,TRUE,NA
"Beta right-high",2,302123,263,333,210000,103169,10430,0.428627727037408,333,175,210000,199800,9.79576715047429,TRUE,NA
"Beta right-high",2,302123,263,800,210000,103169,10430,0.517846600574934,800,384,210000,218750,6.87937741079022,TRUE,NA
"Beta right-high",2,302123,264,333,210000,104940,10549,0.426679618285478,333,141,210000,247978.723404255,10.4755039372365,TRUE,NA
"Beta right-high",2,302123,264,800,210000,104940,10549,0.517341984479016,800,390,210000,215384.615384615,6.85019653254194,TRUE,NA
"Beta right-high",2,302123,265,333,210000,99998,10519,0.428410027609099,333,178,210000,196432.584269663,9.74648512051155,TRUE,NA
"Beta right-high",2,302123,265,800,210000,99998,10519,0.51743940955392,800,389,210000,215938.303341902,6.8550060370112,TRUE,NA
"Beta right-high",2,302123,266,333,210000,112932,10466,0.42752785816175,333,172,210000,203284.88372093,9.84650861001883,TRUE,NA
"Beta right-high",2,302123,266,800,210000,112932,10466,0.514089114019702,800,429,210000,195804.195804196,6.67788815445777,TRUE,NA
"Beta right-high",2,302123,267,333,210000,108325,10547,0.436901339037368,333,193,210000,181165.803108808,9.51985653390033,TRUE,NA
"Beta right-high",2,302123,267,800,210000,108325,10547,0.520976249895914,800,420,210000,2e+05,6.7151835941356,TRUE,NA
"Beta right-high",2,302123,268,333,210000,107726,10421,0.430717809663886,333,170,210000,205676.470588235,9.88118041203675,TRUE,NA
"Beta right-high",2,302123,268,800,210000,107726,10421,0.513669602269592,800,363,210000,231404.958677686,6.98801661845586,TRUE,NA
"Beta right-high",2,302123,269,333,210000,106946,10481,0.435654565541449,333,191,210000,183062.827225131,9.54830968631948,TRUE,NA
"Beta right-high",2,302123,269,800,210000,106946,10481,0.525710150879074,800,437,210000,192219.679633867,6.6458605227564,TRUE,NA
"Beta right-high",2,302123,270,333,210000,104910,10570,0.434607490166823,333,152,210000,230032.894736842,10.2275935883112,TRUE,NA
"Beta right-high",2,302123,270,800,210000,104910,10570,0.516114695731487,800,378,210000,222222.222222222,6.90935549443293,TRUE,NA
"Beta right-high",2,302123,271,333,210000,100325,10455,0.43787955047045,333,167,210000,209371.25748503,9.93450735791223,TRUE,NA
"Beta right-high",2,302123,271,800,210000,100325,10455,0.525550293510182,800,382,210000,219895.287958115,6.88927988723264,TRUE,NA
"Beta right-high",2,302123,272,333,210000,102781,10571,0.419903157259535,333,135,210000,259000,10.6248892228356,TRUE,NA
"Beta right-high",2,302123,272,800,210000,102781,10571,0.51234229255614,800,365,210000,230136.98630137,6.97720769129002,TRUE,NA
"Beta right-high",2,302123,273,333,210000,102439,10606,0.43338024162871,333,167,210000,209371.25748503,9.93450735791223,TRUE,NA
"Beta right-high",2,302123,273,800,210000,102439,10606,0.517882638717803,800,402,210000,208955.223880597,6.79409955652486,TRUE,NA
"Beta right-high",2,302123,274,333,210000,106873,10345,0.429796371422794,333,173,210000,202109.826589595,9.82942852517615,TRUE,NA
"Beta right-high",2,302123,274,800,210000,106873,10345,0.517127003681001,800,435,210000,193103.448275862,6.65377130960709,TRUE,NA
"Beta right-high",2,302123,275,333,210000,112398,10498,0.434703048002514,333,190,210000,184026.315789474,9.56272847417632,TRUE,NA
"Beta right-high",2,302123,275,800,210000,112398,10498,0.516105855273829,800,412,210000,203883.495145631,6.74951935722968,TRUE,NA
"Beta right-high",2,302123,276,333,210000,107420,10520,0.43445000422658,333,178,210000,196432.584269663,9.74648512051155,TRUE,NA
"Beta right-high",2,302123,276,800,210000,107420,10520,0.51473876370643,800,383,210000,219321.148825065,6.88431750196318,TRUE,NA
"Beta right-high",2,302123,277,333,210000,104303,10532,0.4353406644317,333,163,210000,214509.202453988,10.0081911539992,TRUE,NA
"Beta right-high",2,302123,277,800,210000,104303,10532,0.518552092702714,800,382,210000,219895.287958115,6.88927988723264,TRUE,NA
"Beta right-high",2,302123,278,333,210000,110298,10685,0.427031003538781,333,160,210000,218531.25,10.0654953640372,TRUE,NA
"Beta right-high",2,302123,278,800,210000,110298,10685,0.517407213123962,800,397,210000,211586.901763224,6.81711696907119,TRUE,NA
"Beta right-high",2,302123,279,333,210000,109325,10578,0.42395849459799,333,147,210000,237857.142857143,10.3364117472074,TRUE,NA
"Beta right-high",2,302123,279,800,210000,109325,10578,0.51387550613925,800,366,210000,229508.196721311,6.97184131094568,TRUE,NA
"Beta right-high",2,302123,280,333,210000,103139,10546,0.427311353463659,333,150,210000,233100,10.2703877039828,TRUE,NA
"Beta right-high",2,302123,280,800,210000,103139,10546,0.519972663609503,800,397,210000,211586.901763224,6.81711696907119,TRUE,NA
"Beta right-high",2,302123,281,333,210000,107341,10369,0.427585448753415,333,177,210000,197542.372881356,9.76275432778563,TRUE,NA
"Beta right-high",2,302123,281,800,210000,107341,10369,0.52188967848807,800,415,210000,202409.638554217,6.73650892047155,TRUE,NA
"Beta right-high",2,302123,282,333,210000,107955,10567,0.429830473004719,333,175,210000,199800,9.79576715047429,TRUE,NA
"Beta right-high",2,302123,282,800,210000,107955,10567,0.520819737103515,800,427,210000,196721.31147541,6.68605792978917,TRUE,NA
"Beta right-high",2,302123,283,333,210000,107792,10526,0.428572769327849,333,142,210000,246232.394366197,10.4516377728431,TRUE,NA
"Beta right-high",2,302123,283,800,210000,107792,10526,0.512650241028061,800,347,210000,242074.92795389,7.07831976513202,TRUE,NA
"Beta right-high",2,302123,284,333,210000,104126,10570,0.428497952874645,333,165,210000,211909.090909091,9.97097074158352,TRUE,NA
"Beta right-high",2,302123,284,800,210000,104126,10570,0.514726229735107,800,396,210000,212121.212121212,6.82178071664205,TRUE,NA
"Beta right-high",2,302123,285,333,210000,107281,10593,0.436591666324024,333,212,210000,164929.245283019,9.27275623772181,TRUE,NA
"Beta right-high",2,302123,285,800,210000,107281,10593,0.523828174339426,800,473,210000,177589.852008457,6.51351026268093,TRUE,NA
"Beta right-high",2,302123,286,333,210000,107160,10353,0.423341095626363,333,143,210000,244510.48951049,10.4280519203504,TRUE,NA
"Beta right-high",2,302123,286,800,210000,107160,10353,0.516885255130388,800,397,210000,211586.901763224,6.81711696907119,TRUE,NA
"Beta right-high",2,302123,287,333,210000,103197,10354,0.430691237552717,333,179,210000,195335.195530726,9.73037094417081,TRUE,NA
"Beta right-high",2,302123,287,800,210000,103197,10354,0.516655307017151,800,406,210000,206896.551724138,6.77603931255901,TRUE,NA
"Beta right-high",2,302123,288,333,210000,105809,10477,0.431879863648238,333,160,210000,218531.25,10.0654953640372,TRUE,NA
"Beta right-high",2,302123,288,800,210000,105809,10477,0.521437819958472,800,411,210000,204379.562043796,6.75389273950461,TRUE,NA
"Beta right-high",2,302123,289,333,210000,104499,10602,0.427998257820113,333,168,210000,208125,9.91655214513914,TRUE,NA
"Beta right-high",2,302123,289,800,210000,104499,10602,0.519155648798236,800,379,210000,221635.883905013,6.90430236648355,TRUE,NA
"Beta right-high",2,302123,290,333,210000,101232,10643,0.432143257566752,333,178,210000,196432.584269663,9.74648512051155,TRUE,NA
"Beta right-high",2,302123,290,800,210000,101232,10643,0.524153050019274,800,438,210000,191780.821917808,6.64192872001307,TRUE,NA
"Beta right-high",2,302123,291,333,210000,105100,10442,0.430447960120145,333,160,210000,218531.25,10.0654953640372,TRUE,NA
"Beta right-high",2,302123,291,800,210000,105100,10442,0.520673067612652,800,423,210000,198581.560283688,6.7025986626053,TRUE,NA
"Beta right-high",2,302123,292,333,210000,102153,10523,0.414887806907356,333,157,210000,222707.006369427,10.1246463858931,TRUE,NA
"Beta right-high",2,302123,292,800,210000,102153,10523,0.51068253036124,800,394,210000,213197.969543147,6.83116955969639,TRUE,NA
"Beta right-high",2,302123,293,333,210000,101766,10507,0.425727180444094,333,142,210000,246232.394366197,10.4516377728431,TRUE,NA
"Beta right-high",2,302123,293,800,210000,101766,10507,0.519905216462068,800,389,210000,215938.303341902,6.8550060370112,TRUE,NA
"Beta right-high",2,302123,294,333,210000,111837,10467,0.428028626508613,333,168,210000,208125,9.91655214513914,TRUE,NA
"Beta right-high",2,302123,294,800,210000,111837,10467,0.518420008915931,800,411,210000,204379.562043796,6.75389273950461,TRUE,NA
"Beta right-high",2,302123,295,333,210000,105559,10394,0.43340871154195,333,152,210000,230032.894736842,10.2275935883112,TRUE,NA
"Beta right-high",2,302123,295,800,210000,105559,10394,0.519677013670948,800,387,210000,217054.263565891,6.86468937207488,TRUE,NA
"Beta right-high",2,302123,296,333,210000,104820,10565,0.426886327363275,333,150,210000,233100,10.2703877039828,TRUE,NA
"Beta right-high",2,302123,296,800,210000,104820,10565,0.519408415954756,800,409,210000,205378.973105134,6.76269507253102,TRUE,NA
"Beta right-high",2,302123,297,333,210000,108392,10573,0.428944086350144,333,152,210000,230032.894736842,10.2275935883112,TRUE,NA
"Beta right-high",2,302123,297,800,210000,108392,10573,0.517241696496786,800,398,210000,211055.27638191,6.81247348869172,TRUE,NA
"Beta right-high",2,302123,298,333,210000,108508,10558,0.428719441566935,333,161,210000,217173.913043478,10.0461932176168,TRUE,NA
"Beta right-high",2,302123,298,800,210000,108508,10558,0.515991553733885,800,433,210000,193995.381062356,6.66174565073848,TRUE,NA
"Beta right-high",2,302123,299,333,210000,105201,10460,0.431640095013486,333,185,210000,189000,9.6368174714222,TRUE,NA
"Beta right-high",2,302123,299,800,210000,105201,10460,0.52288686387468,800,425,210000,197647.058823529,6.69429448546521,TRUE,NA
"Beta right-high",2,302123,300,333,210000,105042,10459,0.42752720807852,333,141,210000,247978.723404255,10.4755039372365,TRUE,NA
"Beta right-high",2,302123,300,800,210000,105042,10459,0.518383302971137,800,382,210000,219895.287958115,6.88927988723264,TRUE,NA
"Beta right-high",2,302123,301,333,210000,104076,10558,0.428653362650775,333,160,210000,218531.25,10.0654953640372,TRUE,NA
"Beta right-high",2,302123,301,800,210000,104076,10558,0.515973654710507,800,369,210000,227642.276422764,6.95589231487478,TRUE,NA
"Beta right-high",2,302123,302,333,210000,101645,10372,0.421046467883689,333,133,210000,262894.736842105,10.6771797235162,TRUE,NA
"Beta right-high",2,302123,302,800,210000,101645,10372,0.513172236430922,800,345,210000,243478.260869565,7.09011101040039,TRUE,NA
"Beta right-high",2,302123,303,333,210000,106244,10482,0.430252505811405,333,173,210000,202109.826589595,9.82942852517615,TRUE,NA
"Beta right-high",2,302123,303,800,210000,106244,10482,0.517704027143935,800,422,210000,199052.132701422,6.70677637601546,TRUE,NA
"Beta right-high",2,302123,304,333,210000,104742,10517,0.443447352422988,333,227,210000,154030.837004405,9.1031346447022,TRUE,NA
"Beta right-high",2,302123,304,800,210000,104742,10517,0.522707790273928,800,464,210000,181034.482758621,6.54491337080599,TRUE,NA
"Beta right-high",2,302123,305,333,210000,101149,10479,0.422970061406716,333,152,210000,230032.894736842,10.2275935883112,TRUE,NA
"Beta right-high",2,302123,305,800,210000,101149,10479,0.515291280345311,800,369,210000,227642.276422764,6.95589231487478,TRUE,NA
"Beta right-high",2,302123,306,333,210000,110429,10614,0.427581759678011,333,177,210000,197542.372881356,9.76275432778563,TRUE,NA
"Beta right-high",2,302123,306,800,210000,110429,10614,0.516491483534421,800,395,210000,212658.227848101,6.82646486767687,TRUE,NA
"Beta right-high",2,302123,307,333,210000,103877,10544,0.434841810921834,333,175,210000,199800,9.79576715047429,TRUE,NA
"Beta right-high",2,302123,307,800,210000,103877,10544,0.522653707561383,800,423,210000,198581.560283688,6.7025986626053,TRUE,NA
"Beta right-high",2,302123,308,333,210000,105501,10502,0.432379387774749,333,165,210000,211909.090909091,9.97097074158352,TRUE,NA
"Beta right-high",2,302123,308,800,210000,105501,10502,0.519545564630986,800,403,210000,208436.724565757,6.78955541070708,TRUE,NA
"Beta right-high",2,302123,309,333,210000,106024,10569,0.430305623868783,333,170,210000,205676.470588235,9.88118041203675,TRUE,NA
"Beta right-high",2,302123,309,800,210000,106024,10569,0.518518947964372,800,393,210000,213740.458015267,6.83589493148404,TRUE,NA
"Beta right-high",2,302123,310,333,210000,105319,10582,0.428612401061247,333,163,210000,214509.202453988,10.0081911539992,TRUE,NA
"Beta right-high",2,302123,310,800,210000,105319,10582,0.514335075309467,800,390,210000,215384.615384615,6.85019653254194,TRUE,NA
"Beta right-high",2,302123,311,333,210000,104100,10512,0.431229026844363,333,167,210000,209371.25748503,9.93450735791223,TRUE,NA
"Beta right-high",2,302123,311,800,210000,104100,10512,0.518351531179072,800,390,210000,215384.615384615,6.85019653254194,TRUE,NA
"Beta right-high",2,302123,312,333,210000,106309,10399,0.429554419205974,333,178,210000,196432.584269663,9.74648512051155,TRUE,NA
"Beta right-high",2,302123,312,800,210000,106309,10399,0.518264617106347,800,389,210000,215938.303341902,6.8550060370112,TRUE,NA
"Beta right-high",2,302123,313,333,210000,104441,10573,0.428824180018971,333,154,210000,227045.454545455,10.185738159727,TRUE,NA
"Beta right-high",2,302123,313,800,210000,104441,10573,0.516506163674805,800,396,210000,212121.212121212,6.82178071664205,TRUE,NA
"Beta right-high",2,302123,314,333,210000,107514,10501,0.427481664918616,333,157,210000,222707.006369427,10.1246463858931,TRUE,NA
"Beta right-high",2,302123,314,800,210000,107514,10501,0.516685343905294,800,393,210000,213740.458015267,6.83589493148404,TRUE,NA
"Beta right-high",2,302123,315,333,210000,106940,10650,0.430153639767323,333,185,210000,189000,9.6368174714222,TRUE,NA
"Beta right-high",2,302123,315,800,210000,106940,10650,0.520533452423046,800,416,210000,201923.076923077,6.73220828791605,TRUE,NA
"Beta right-high",2,302123,316,333,210000,103813,10474,0.430002293988686,333,155,210000,225580.64516129,10.1651525298793,TRUE,NA
"Beta right-high",2,302123,316,800,210000,103813,10474,0.519004747940696,800,397,210000,211586.901763224,6.81711696907119,TRUE,NA
"Beta right-high",2,302123,317,333,210000,106780,10540,0.430496565193462,333,168,210000,208125,9.91655214513914,TRUE,NA
"Beta right-high",2,302123,317,800,210000,106780,10540,0.515769733663387,800,398,210000,211055.27638191,6.81247348869172,TRUE,NA
"Beta right-high",2,302123,318,333,210000,104366,10391,0.429738858018533,333,157,210000,222707.006369427,10.1246463858931,TRUE,NA
"Beta right-high",2,302123,318,800,210000,104366,10391,0.525146366840979,800,435,210000,193103.448275862,6.65377130960709,TRUE,NA
"Beta right-high",2,302123,319,333,210000,102980,10516,0.423410178797595,333,156,210000,224134.615384615,10.144789846321,TRUE,NA
"Beta right-high",2,302123,319,800,210000,102980,10516,0.511324493118613,800,387,210000,217054.263565891,6.86468937207488,TRUE,NA
"Beta right-high",2,302123,320,333,210000,103109,10457,0.426147765486318,333,165,210000,211909.090909091,9.97097074158352,TRUE,NA
"Beta right-high",2,302123,320,800,210000,103109,10457,0.518428850863168,800,401,210000,209476.309226933,6.79866330639878,TRUE,NA
"Beta right-high",2,302123,321,333,210000,106834,10350,0.433037163858921,333,181,210000,193176.79558011,9.69859864660789,TRUE,NA
"Beta right-high",2,302123,321,800,210000,106834,10350,0.519595109196432,800,417,210000,201438.848920863,6.72792555258646,TRUE,NA
"Beta right-high",2,302123,322,333,210000,103848,10491,0.421789456167528,333,132,210000,264886.363636364,10.703820471263,TRUE,NA
"Beta right-high",2,302123,322,800,210000,103848,10491,0.519081663133537,800,380,210000,221052.631578947,6.89927216212756,TRUE,NA
"Beta right-high",2,302123,323,333,210000,101411,10369,0.428181108138255,333,161,210000,217173.913043478,10.0461932176168,TRUE,NA
"Beta right-high",2,302123,323,800,210000,101411,10369,0.517065407540384,800,389,210000,215938.303341902,6.8550060370112,TRUE,NA
"Beta right-high",2,302123,324,333,210000,105436,10415,0.430036258185569,333,173,210000,202109.826589595,9.82942852517615,TRUE,NA
"Beta right-high",2,302123,324,800,210000,105436,10415,0.517025651056096,800,408,210000,205882.352941176,6.76712426478136,TRUE,NA
"Beta right-high",2,302123,325,333,210000,107217,10378,0.431410277890623,333,169,210000,206893.49112426,9.898777427369,TRUE,NA
"Beta right-high",2,302123,325,800,210000,107217,10378,0.517278629815085,800,371,210000,226415.094339623,6.94538298375246,TRUE,NA
"Beta right-high",2,302123,326,333,210000,107996,10422,0.425249516197082,333,155,210000,225580.64516129,10.1651525298793,TRUE,NA
"Beta right-high",2,302123,326,800,210000,107996,10422,0.513258507463519,800,392,210000,214285.714285714,6.84064112310072,TRUE,NA
"Beta right-high",2,302123,327,333,210000,108912,10457,0.426442890428595,333,187,210000,186978.609625668,9.60677535660802,TRUE,NA
"Beta right-high",2,302123,327,800,210000,108912,10457,0.516138094717338,800,427,210000,196721.31147541,6.68605792978917,TRUE,NA
"Beta right-high",2,302123,328,333,210000,106446,10383,0.425346756448368,333,158,210000,221297.46835443,10.1047185098824,TRUE,NA
"Beta right-high",2,302123,328,800,210000,106446,10383,0.51796419748929,800,432,210000,194444.444444444,6.66575689937551,TRUE,NA
"Beta right-high",2,302123,329,333,210000,111587,10613,0.43419351193608,333,169,210000,206893.49112426,9.898777427369,TRUE,NA
"Beta right-high",2,302123,329,800,210000,111587,10613,0.513636268907937,800,370,210000,227027.027027027,6.95062543376141,TRUE,NA
"Beta right-high",2,302123,330,333,210000,110151,10357,0.434294555816319,333,182,210000,192115.384615385,9.68293611816731,TRUE,NA
"Beta right-high",2,302123,330,800,210000,110151,10357,0.520046003020126,800,407,210000,206388.206388206,6.77157230364179,TRUE,NA
"Beta right-high",2,302123,331,333,210000,106232,10379,0.429626596462949,333,136,210000,257095.588235294,10.599226796713,TRUE,NA
"Beta right-high",2,302123,331,800,210000,106232,10379,0.522740682006198,800,387,210000,217054.263565891,6.86468937207488,TRUE,NA
"Beta right-high",2,302123,332,333,210000,105157,10302,0.425178228524713,333,162,210000,215833.333333333,10.027092898003,TRUE,NA
"Beta right-high",2,302123,332,800,210000,105157,10302,0.512439940343447,800,386,210000,217616.580310881,6.86956349739337,TRUE,NA
"Beta right-high",2,302123,333,333,210000,101787,10480,0.43197946335932,333,160,210000,218531.25,10.0654953640372,TRUE,NA
"Beta right-high",2,302123,333,800,210000,101787,10480,0.517834867870071,800,392,210000,214285.714285714,6.84064112310072,TRUE,NA
"Beta right-high",2,302123,334,333,210000,110345,10524,0.440452041375675,333,194,210000,180231.958762887,9.50581867468717,TRUE,NA
"Beta right-high",2,302123,334,800,210000,110345,10524,0.522624750354144,800,456,210000,184210.526315789,6.57373496992597,TRUE,NA
"Beta right-high",2,302123,335,333,210000,105114,10442,0.431477192621625,333,185,210000,189000,9.6368174714222,TRUE,NA
"Beta right-high",2,302123,335,800,210000,105114,10442,0.513875558078645,800,415,210000,202409.638554217,6.73650892047155,TRUE,NA
"Beta right-high",2,302123,336,333,210000,106519,10502,0.43266183898171,333,160,210000,218531.25,10.0654953640372,TRUE,NA
"Beta right-high",2,302123,336,800,210000,106519,10502,0.518929509363379,800,425,210000,197647.058823529,6.69429448546521,TRUE,NA
"Beta right-high",2,302123,337,333,210000,99099,10597,0.434239920534637,333,147,210000,237857.142857143,10.3364117472074,TRUE,NA
"Beta right-high",2,302123,337,800,210000,99099,10597,0.522511096782486,800,355,210000,236619.718309859,7.03229556957976,TRUE,NA
"Beta right-high",2,302123,338,333,210000,101907,10417,0.429096332206764,333,150,210000,233100,10.2703877039828,TRUE,NA
"Beta right-high",2,302123,338,800,210000,101907,10417,0.520101684312059,800,377,210000,222811.671087533,6.91443170711925,TRUE,NA
"Beta right-high",2,302123,339,333,210000,99912,10577,0.432581463838719,333,168,210000,208125,9.91655214513914,TRUE,NA
"Beta right-high",2,302123,339,800,210000,99912,10577,0.521184488729987,800,424,210000,198113.20754717,6.69843806822168,TRUE,NA
"Beta right-high",2,302123,340,333,210000,107166,10385,0.425310729571403,333,170,210000,205676.470588235,9.88118041203675,TRUE,NA
"Beta right-high",2,302123,340,800,210000,107166,10385,0.518938943497003,800,418,210000,200956.937799043,6.72366060040962,TRUE,NA
"Beta right-high",2,302123,341,333,210000,110072,10429,0.427269281195555,333,162,210000,215833.333333333,10.027092898003,TRUE,NA
"Beta right-high",2,302123,341,800,210000,110072,10429,0.524634596018111,800,472,210000,177966.101694915,6.51694771893945,TRUE,NA
"Beta right-high",2,302123,342,333,210000,98732,10520,0.430283030239724,333,147,210000,237857.142857143,10.3364117472074,TRUE,NA
"Beta right-high",2,302123,342,800,210000,98732,10520,0.511744654679259,800,335,210000,250746.268656716,7.1508680006053,TRUE,NA
"Beta right-high",2,302123,343,333,210000,107915,10433,0.427764017536654,333,182,210000,192115.384615385,9.68293611816731,TRUE,NA
"Beta right-high",2,302123,343,800,210000,107915,10433,0.518571060254895,800,397,210000,211586.901763224,6.81711696907119,TRUE,NA
"Beta right-high",2,302123,344,333,210000,107933,10409,0.422204404018157,333,148,210000,236250,10.3141536003213,TRUE,NA
"Beta right-high",2,302123,344,800,210000,107933,10409,0.511582053138936,800,392,210000,214285.714285714,6.84064112310072,TRUE,NA
"Beta right-high",2,302123,345,333,210000,104395,10620,0.430832452613338,333,156,210000,224134.615384615,10.144789846321,TRUE,NA
"Beta right-high",2,302123,345,800,210000,104395,10620,0.518074578564348,800,390,210000,215384.615384615,6.85019653254194,TRUE,NA
"Beta right-high",2,302123,346,333,210000,100591,10526,0.42686226985092,333,159,210000,219905.660377358,10.0850026615991,TRUE,NA
"Beta right-high",2,302123,346,800,210000,100591,10526,0.516415445673707,800,389,210000,215938.303341902,6.8550060370112,TRUE,NA
"Beta right-high",2,302123,347,333,210000,103168,10490,0.425628570100347,333,153,210000,228529.411764706,10.2065505459796,TRUE,NA
"Beta right-high",2,302123,347,800,210000,103168,10490,0.514403847558314,800,377,210000,222811.671087533,6.91443170711925,TRUE,NA
"Beta right-high",2,302123,348,333,210000,100390,10607,0.423190623832052,333,158,210000,221297.46835443,10.1047185098824,TRUE,NA
"Beta right-high",2,302123,348,800,210000,100390,10607,0.516143856162599,800,394,210000,213197.969543147,6.83116955969639,TRUE,NA
"Beta right-high",2,302123,349,333,210000,99895,10532,0.428425837273834,333,169,210000,206893.49112426,9.898777427369,TRUE,NA
"Beta right-high",2,302123,349,800,210000,99895,10532,0.520763867858886,800,397,210000,211586.901763224,6.81711696907119,TRUE,NA
"Beta right-high",2,302123,350,333,210000,103498,10545,0.431417604495622,333,155,210000,225580.64516129,10.1651525298793,TRUE,NA
"Beta right-high",2,302123,350,800,210000,103498,10545,0.518335616861829,800,402,210000,208955.223880597,6.79409955652486,TRUE,NA
"Beta right-high",2,302123,351,333,210000,102610,10634,0.434206472726605,333,179,210000,195335.195530726,9.73037094417081,TRUE,NA
"Beta right-high",2,302123,351,800,210000,102610,10634,0.521267605597062,800,427,210000,196721.31147541,6.68605792978917,TRUE,NA
"Beta right-high",2,302123,352,333,210000,105916,10449,0.431678019644816,333,187,210000,186978.609625668,9.60677535660802,TRUE,NA
"Beta right-high",2,302123,352,800,210000,105916,10449,0.518680723258415,800,415,210000,202409.638554217,6.73650892047155,TRUE,NA
"Beta right-high",2,302123,353,333,210000,106079,10503,0.43565960375657,333,164,210000,213201.219512195,9.98948480551183,TRUE,NA
"Beta right-high",2,302123,353,800,210000,106079,10503,0.521352087498446,800,387,210000,217054.263565891,6.86468937207488,TRUE,NA
"Beta right-high",2,302123,354,333,210000,106936,10518,0.430893878345382,333,192,210000,182109.375,9.53401962745973,TRUE,NA
"Beta right-high",2,302123,354,800,210000,106936,10518,0.5216518951123,800,459,210000,183006.535947712,6.5628240314785,TRUE,NA
"Beta right-high",2,302123,355,333,210000,106113,10388,0.428178449594243,333,170,210000,205676.470588235,9.88118041203675,TRUE,NA
"Beta right-high",2,302123,355,800,210000,106113,10388,0.521209198756479,800,412,210000,203883.495145631,6.74951935722968,TRUE,NA
"Beta right-high",2,302123,356,333,210000,99200,10440,0.425573115029805,333,145,210000,241137.931034483,10.3817009283081,TRUE,NA
"Beta right-high",2,302123,356,800,210000,99200,10440,0.517969316284067,800,361,210000,232686.980609418,6.99892834070722,TRUE,NA
"Beta right-high",2,302123,357,333,210000,106232,10359,0.430747400773836,333,147,210000,237857.142857143,10.3364117472074,TRUE,NA
"Beta right-high",2,302123,357,800,210000,106232,10359,0.522659458646591,800,399,210000,210526.315789474,6.80785014046491,TRUE,NA
"Beta right-high",2,302123,358,333,210000,106602,10598,0.424988343920314,333,169,210000,206893.49112426,9.898777427369,TRUE,NA
"Beta right-high",2,302123,358,800,210000,106602,10598,0.517561719673409,800,418,210000,200956.937799043,6.72366060040962,TRUE,NA
"Beta right-high",2,302123,359,333,210000,105988,10558,0.420167431114769,333,150,210000,233100,10.2703877039828,TRUE,NA
"Beta right-high",2,302123,359,800,210000,105988,10558,0.517684452235676,800,405,210000,207407.407407407,6.78052541608063,TRUE,NA
"Beta right-high",2,302123,360,333,210000,107731,10511,0.430961680436942,333,191,210000,183062.827225131,9.54830968631948,TRUE,NA
"Beta right-high",2,302123,360,800,210000,107731,10511,0.52303401066873,800,458,210000,183406.113537118,6.56644713896299,TRUE,NA
"Beta right-high",2,302123,361,333,210000,102397,10407,0.428050224095368,333,173,210000,202109.826589595,9.82942852517615,TRUE,NA
"Beta right-high",2,302123,361,800,210000,102397,10407,0.517875589986426,800,417,210000,201438.848920863,6.72792555258646,TRUE,NA
"Beta right-high",2,302123,362,333,210000,104939,10504,0.432280696929168,333,179,210000,195335.195530726,9.73037094417081,TRUE,NA
"Beta right-high",2,302123,362,800,210000,104939,10504,0.520384127947336,800,401,210000,209476.309226933,6.79866330639878,TRUE,NA
"Beta right-high",2,302123,363,333,210000,105611,10557,0.428049370807248,333,164,210000,213201.219512195,9.98948480551183,TRUE,NA
"Beta right-high",2,302123,363,800,210000,105611,10557,0.513461700879714,800,381,210000,220472.440944882,6.89426472174727,TRUE,NA
"Beta right-high",2,302123,364,333,210000,107344,10349,0.429502080220667,333,148,210000,236250,10.3141536003213,TRUE,NA
"Beta right-high",2,302123,364,800,210000,107344,10349,0.521751594114377,800,422,210000,199052.132701422,6.70677637601546,TRUE,NA
"Beta right-high",2,302123,365,333,210000,109131,10438,0.426606462475889,333,184,210000,190027.173913043,9.65204760713552,TRUE,NA
"Beta right-high",2,302123,365,800,210000,109131,10438,0.517038789805923,800,402,210000,208955.223880597,6.79409955652486,TRUE,NA
"Beta right-high",2,302123,366,333,210000,104945,10395,0.427627992869567,333,152,210000,230032.894736842,10.2275935883112,TRUE,NA
"Beta right-high",2,302123,366,800,210000,104945,10395,0.51736307472155,800,415,210000,202409.638554217,6.73650892047155,TRUE,NA
"Beta right-high",2,302123,367,333,210000,101894,10327,0.433706729944889,333,176,210000,198664.772727273,9.77918088295926,TRUE,NA
"Beta right-high",2,302123,367,800,210000,101894,10327,0.519545703744158,800,421,210000,199524.940617577,6.71097131677406,TRUE,NA
"Beta right-high",2,302123,368,333,210000,108170,10608,0.437289828442033,333,191,210000,183062.827225131,9.54830968631948,TRUE,NA
"Beta right-high",2,302123,368,800,210000,108170,10608,0.516274252807016,800,424,210000,198113.20754717,6.69843806822168,TRUE,NA
"Beta right-high",2,302123,369,333,210000,104207,10534,0.423938741563579,333,169,210000,206893.49112426,9.898777427369,TRUE,NA
"Beta right-high",2,302123,369,800,210000,104207,10534,0.516502700259261,800,412,210000,203883.495145631,6.74951935722968,TRUE,NA
"Beta right-high",2,302123,370,333,210000,102309,10301,0.425729062552454,333,146,210000,239486.301369863,10.3589259872047,TRUE,NA
"Beta right-high",2,302123,370,800,210000,102309,10301,0.51238920932051,800,363,210000,231404.958677686,6.98801661845586,TRUE,NA
"Beta right-high",2,302123,371,333,210000,100623,10553,0.429269359584972,333,156,210000,224134.615384615,10.144789846321,TRUE,NA
"Beta right-high",2,302123,371,800,210000,100623,10553,0.51910500686242,800,375,210000,224000,6.92465403901817,TRUE,NA
"Beta right-high",2,302123,372,333,210000,101825,10545,0.431067115174948,333,170,210000,205676.470588235,9.88118041203675,TRUE,NA
"Beta right-high",2,302123,372,800,210000,101825,10545,0.519684199806689,800,422,210000,199052.132701422,6.70677637601546,TRUE,NA
"Beta right-high",2,302123,373,333,210000,104382,10550,0.429242617011779,333,181,210000,193176.79558011,9.69859864660789,TRUE,NA
"Beta right-high",2,302123,373,800,210000,104382,10550,0.518435618007544,800,413,210000,203389.830508475,6.74516433854333,TRUE,NA
"Beta right-high",2,302123,374,333,210000,105610,10505,0.42368554262339,333,147,210000,237857.142857143,10.3364117472074,TRUE,NA
"Beta right-high",2,302123,374,800,210000,105610,10505,0.516381672533814,800,370,210000,227027.027027027,6.95062543376141,TRUE,NA
"Beta right-high",2,302123,375,333,210000,109118,10497,0.441767134858794,333,216,210000,161875,9.2255348473544,TRUE,NA
"Beta right-high",2,302123,375,800,210000,109118,10497,0.522974662985238,800,472,210000,177966.101694915,6.51694771893945,TRUE,NA
"Beta right-high",2,302123,376,333,210000,105226,10396,0.426256534642968,333,153,210000,228529.411764706,10.2065505459796,TRUE,NA
"Beta right-high",2,302123,376,800,210000,105226,10396,0.51410092712149,800,390,210000,215384.615384615,6.85019653254194,TRUE,NA
"Beta right-high",2,302123,377,333,210000,103851,10532,0.429459124730311,333,174,210000,200948.275862069,9.8125155434919,TRUE,NA
"Beta right-high",2,302123,377,800,210000,103851,10532,0.518809622987708,800,406,210000,206896.551724138,6.77603931255901,TRUE,NA
"Beta right-high",2,302123,378,333,210000,102432,10626,0.424828737343015,333,148,210000,236250,10.3141536003213,TRUE,NA
"Beta right-high",2,302123,378,800,210000,102432,10626,0.517041391695839,800,384,210000,218750,6.87937741079022,TRUE,NA
"Beta right-high",2,302123,379,333,210000,103070,10617,0.431080087946785,333,150,210000,233100,10.2703877039828,TRUE,NA
"Beta right-high",2,302123,379,800,210000,103070,10617,0.520081850568738,800,369,210000,227642.276422764,6.95589231487478,TRUE,NA
"Beta right-high",2,302123,380,333,210000,105013,10504,0.433347630109691,333,178,210000,196432.584269663,9.74648512051155,TRUE,NA
"Beta right-high",2,302123,380,800,210000,105013,10504,0.524419805061768,800,424,210000,198113.20754717,6.69843806822168,TRUE,NA
"Beta right-high",2,302123,381,333,210000,101740,10580,0.437153045460184,333,171,210000,204473.684210526,9.86375836520729,TRUE,NA
"Beta right-high",2,302123,381,800,210000,101740,10580,0.521927306642777,800,392,210000,214285.714285714,6.84064112310072,TRUE,NA
"Beta right-high",2,302123,382,333,210000,104549,10459,0.43471100827392,333,164,210000,213201.219512195,9.98948480551183,TRUE,NA
"Beta right-high",2,302123,382,800,210000,104549,10459,0.521061389740215,800,401,210000,209476.309226933,6.79866330639878,TRUE,NA
"Beta right-high",2,302123,383,333,210000,113596,10418,0.438630415397281,333,214,210000,163387.85046729,9.24895501589617,TRUE,NA
"Beta right-high",2,302123,383,800,210000,113596,10418,0.524393734503411,800,472,210000,177966.101694915,6.51694771893945,TRUE,NA
"Beta right-high",2,302123,384,333,210000,112351,10447,0.428537585046496,333,163,210000,214509.202453988,10.0081911539992,TRUE,NA
"Beta right-high",2,302123,384,800,210000,112351,10447,0.520326731226366,800,436,210000,192660.550458716,6.64980802053246,TRUE,NA
"Beta right-high",2,302123,385,333,210000,106682,10658,0.435426032515296,333,190,210000,184026.315789474,9.56272847417632,TRUE,NA
"Beta right-high",2,302123,385,800,210000,106682,10658,0.519467908634081,800,417,210000,201438.848920863,6.72792555258646,TRUE,NA
"Beta right-high",2,302123,386,333,210000,104617,10419,0.423797693733747,333,155,210000,225580.64516129,10.1651525298793,TRUE,NA
"Beta right-high",2,302123,386,800,210000,104617,10419,0.518558380951509,800,391,210000,214833.759590793,6.84540827589973,TRUE,NA
"Beta right-high",2,302123,387,333,210000,100916,10565,0.432179937589805,333,152,210000,230032.894736842,10.2275935883112,TRUE,NA
"Beta right-high",2,302123,387,800,210000,100916,10565,0.516628235485534,800,378,210000,222222.222222222,6.90935549443293,TRUE,NA
"Beta right-high",2,302123,388,333,210000,106847,10455,0.429065560214008,333,151,210000,231556.291390728,10.2488712786515,TRUE,NA
"Beta right-high",2,302123,388,800,210000,106847,10455,0.513497264416218,800,374,210000,224598.930481283,6.92980048831585,TRUE,NA
"Beta right-high",2,302123,389,333,210000,99872,10285,0.434665076845403,333,186,210000,187983.870967742,9.62172738044833,TRUE,NA
"Beta right-high",2,302123,389,800,210000,99872,10285,0.521174235689326,800,405,210000,207407.407407407,6.78052541608063,TRUE,NA
"Beta right-high",2,302123,390,333,210000,112950,10463,0.433019506605241,333,204,210000,171397.058823529,9.37196909761184,TRUE,NA
"Beta right-high",2,302123,390,800,210000,112950,10463,0.521524938408915,800,474,210000,177215.189873418,6.51008550688285,TRUE,NA
"Beta right-high",2,302123,391,333,210000,109689,10550,0.425815954597636,333,170,210000,205676.470588235,9.88118041203675,TRUE,NA
"Beta right-high",2,302123,391,800,210000,109689,10550,0.510874628079698,800,405,210000,207407.407407407,6.78052541608063,TRUE,NA
"Beta right-high",2,302123,392,333,210000,109742,10467,0.432387371506741,333,171,210000,204473.684210526,9.86375836520729,TRUE,NA
"Beta right-high",2,302123,392,800,210000,109742,10467,0.523912054715174,800,408,210000,205882.352941176,6.76712426478136,TRUE,NA
"Beta right-high",2,302123,393,333,210000,108238,10380,0.42823782401096,333,155,210000,225580.64516129,10.1651525298793,TRUE,NA
"Beta right-high",2,302123,393,800,210000,108238,10380,0.518299898535628,800,402,210000,208955.223880597,6.79409955652486,TRUE,NA
"Beta right-high",2,302123,394,333,210000,104527,10481,0.435048914398591,333,178,210000,196432.584269663,9.74648512051155,TRUE,NA
"Beta right-high",2,302123,394,800,210000,104527,10481,0.518485778001946,800,413,210000,203389.830508475,6.74516433854333,TRUE,NA
"Beta right-high",2,302123,395,333,210000,110052,10354,0.42601707977574,333,173,210000,202109.826589595,9.82942852517615,TRUE,NA
"Beta right-high",2,302123,395,800,210000,110052,10354,0.521032142915997,800,430,210000,195348.837209302,6.67382805044544,TRUE,NA
"Beta right-high",2,302123,396,333,210000,106243,10391,0.434989419817015,333,175,210000,199800,9.79576715047429,TRUE,NA
"Beta right-high",2,302123,396,800,210000,106243,10391,0.520803217272516,800,398,210000,211055.27638191,6.81247348869172,TRUE,NA
"Beta right-high",2,302123,397,333,210000,104955,10506,0.430238581135054,333,173,210000,202109.826589595,9.82942852517615,TRUE,NA
"Beta right-high",2,302123,397,800,210000,104955,10506,0.519077252070456,800,423,210000,198581.560283688,6.7025986626053,TRUE,NA
"Beta right-high",2,302123,398,333,210000,106247,10571,0.421517428679699,333,170,210000,205676.470588235,9.88118041203675,TRUE,NA
"Beta right-high",2,302123,398,800,210000,106247,10571,0.515693006007901,800,418,210000,200956.937799043,6.72366060040962,TRUE,NA
"Beta right-high",2,302123,399,333,210000,100012,10468,0.437654818419914,333,174,210000,200948.275862069,9.8125155434919,TRUE,NA
"Beta right-high",2,302123,399,800,210000,100012,10468,0.520017010183789,800,384,210000,218750,6.87937741079022,TRUE,NA
"Beta right-high",2,302123,400,333,210000,105105,10608,0.43327023782805,333,176,210000,198664.772727273,9.77918088295926,TRUE,NA
"Beta right-high",2,302123,400,800,210000,105105,10608,0.520566079456375,800,414,210000,202898.550724638,6.74082756532198,TRUE,NA
