"scenario","ratio_value","setting_seed","repetition","x_stop","n_target_total","n_marker_actual","n_target_band","x_end","x_count","n_count","c_true","c_hat","sigma_L","valid","invalid_reason"
"Beta right-high",10,304123,1,333,1050000,96496,52942,0.305185174081504,333,19,1050000,1840263.15789474,23.7724627751762,TRUE,NA
"Beta right-high",10,304123,1,800,1050000,96496,52942,0.365464734634811,800,60,1050000,1400000,13.7095161679795,TRUE,NA
"Beta right-high",10,304123,2,333,1050000,108644,52646,0.313999740437707,333,33,1050000,1059545.45454545,18.489037291156,TRUE,NA
"Beta right-high",10,304123,2,800,1050000,108644,52646,0.373232618573192,800,81,1050000,1037037.03703704,12.030833596093,TRUE,NA
"Beta right-high",10,304123,3,333,1050000,101235,52622,0.303573484550671,333,43,1050000,813139.534883721,16.4733826659353,TRUE,NA
"Beta right-high",10,304123,3,800,1050000,101235,52622,0.366495230990556,800,86,1050000,976744.186046512,11.7287355098862,TRUE,NA
"Beta right-high",10,304123,4,333,1050000,105357,52669,0.306197433551548,333,30,1050000,1165500,19.2911256866153,TRUE,NA
"Beta right-high",10,304123,4,800,1050000,105357,52669,0.368424022470532,800,74,1050000,1135135.13513514,12.5067702476922,TRUE,NA
"Beta right-high",10,304123,5,333,1050000,106036,52373,0.304230243103786,333,37,1050000,945000,17.5807982524607,TRUE,NA
"Beta right-high",10,304123,5,800,1050000,106036,52373,0.367453854325237,800,77,1050000,1090909.09090909,12.2944823707041,TRUE,NA
"Beta right-high",10,304123,6,333,1050000,105649,52221,0.30480030997896,333,29,1050000,1205689.65517241,19.5867757206323,TRUE,NA
"Beta right-high",10,304123,6,800,1050000,105649,52221,0.368567477863626,800,74,1050000,1135135.13513514,12.5067702476922,TRUE,NA
"Beta right-high",10,304123,7,333,1050000,106038,52339,0.309196713440316,333,36,1050000,971250,17.793031633233,TRUE,NA
"Beta right-high",10,304123,7,800,1050000,106038,52339,0.369047796490879,800,90,1050000,933333.333333333,11.5063147012645,TRUE,NA
"Beta right-high",10,304123,8,333,1050000,103721,52710,0.30304600456123,333,26,1050000,1344807.69230769,20.5774046356395,TRUE,NA
"Beta right-high",10,304123,8,800,1050000,103721,52710,0.372094438692048,800,86,1050000,976744.186046512,11.7287355098862,TRUE,NA
"Beta right-high",10,304123,9,333,1050000,104068,53054,0.309727030462624,333,38,1050000,920131.578947368,17.3773442061869,TRUE,NA
"Beta right-high",10,304123,9,800,1050000,104068,53054,0.368814761144836,800,87,1050000,965517.24137931,11.671619237666,TRUE,NA
"Beta right-high",10,304123,10,333,1050000,110479,52173,0.317032992442837,333,35,1050000,999000,18.0146740919102,TRUE,NA
"Beta right-high",10,304123,10,800,1050000,110479,52173,0.37773467625934,800,85,1050000,988235.294117647,11.7869090824081,TRUE,NA
"Beta right-high",10,304123,11,333,1050000,110783,52381,0.307816661804413,333,21,1050000,1665000,22.6937143965885,TRUE,NA
"Beta right-high",10,304123,11,800,1050000,110783,52381,0.369724129776936,800,77,1050000,1090909.09090909,12.2944823707041,TRUE,NA
"Beta right-high",10,304123,12,333,1050000,100610,52862,0.305123434046579,333,28,1050000,1248750,19.8986696556908,TRUE,NA
"Beta right-high",10,304123,12,800,1050000,100610,52862,0.368846264627415,800,75,1050000,1120000,12.4345285486325,TRUE,NA
"Beta right-high",10,304123,13,333,1050000,104242,52269,0.30523425860078,333,40,1050000,874125,16.9945343249956,TRUE,NA
"Beta right-high",10,304123,13,800,1050000,104242,52269,0.368617533029078,800,79,1050000,1063291.13924051,12.1600347604124,TRUE,NA
"Beta right-high",10,304123,14,333,1050000,103304,52454,0.308268060174118,333,33,1050000,1059545.45454545,18.489037291156,TRUE,NA
"Beta right-high",10,304123,14,800,1050000,103304,52454,0.367811854330485,800,75,1050000,1120000,12.4345285486325,TRUE,NA
"Beta right-high",10,304123,15,333,1050000,110934,52445,0.306455642766118,333,36,1050000,971250,17.793031633233,TRUE,NA
"Beta right-high",10,304123,15,800,1050000,110934,52445,0.368327443215311,800,86,1050000,976744.186046512,11.7287355098862,TRUE,NA
"Beta right-high",10,304123,16,333,1050000,99962,52423,0.308444723558664,333,32,1050000,1092656.25,18.7433774150619,TRUE,NA
"Beta right-high",10,304123,16,800,1050000,99962,52423,0.37092153404669,800,83,1050000,1012048.19277108,11.9065567904524,TRUE,NA
"Beta right-high",10,304123,17,333,1050000,106328,52570,0.307788453074899,333,31,1050000,1127903.22580645,19.0103877415676,TRUE,NA
"Beta right-high",10,304123,17,800,1050000,106328,52570,0.368130727441608,800,80,1050000,1050000,12.0947991671389,TRUE,NA
"Beta right-high",10,304123,18,333,1050000,102723,52429,0.301975935430735,333,24,1050000,1456875,21.341997647599,TRUE,NA
"Beta right-high",10,304123,18,800,1050000,102723,52429,0.363703547873806,800,67,1050000,1253731.34328358,13.0590159750537,TRUE,NA
"Beta right-high",10,304123,19,333,1050000,105724,52569,0.310393014525448,333,35,1050000,999000,18.0146740919102,TRUE,NA
"Beta right-high",10,304123,19,800,1050000,105724,52569,0.367580612139424,800,80,1050000,1050000,12.0947991671389,TRUE,NA
"Beta right-high",10,304123,20,333,1050000,106475,52548,0.307824737854932,333,26,1050000,1344807.69230769,20.5774046356395,TRUE,NA
"Beta right-high",10,304123,20,800,1050000,106475,52548,0.369818284061987,800,66,1050000,1272727.27272727,13.1453154548902,TRUE,NA
"Beta right-high",10,304123,21,333,1050000,107447,52658,0.310541982468456,333,43,1050000,813139.534883721,16.4733826659353,TRUE,NA
"Beta right-high",10,304123,21,800,1050000,107447,52658,0.367755459369718,800,89,1050000,943820.224719101,11.5604375979122,TRUE,NA
"Beta right-high",10,304123,22,333,1050000,100409,52567,0.300379726504869,333,35,1050000,999000,18.0146740919102,TRUE,NA
"Beta right-high",10,304123,22,800,1050000,100409,52567,0.3666728652086,800,83,1050000,1012048.19277108,11.9065567904524,TRUE,NA
"Beta right-high",10,304123,23,333,1050000,106505,52423,0.305034116175963,333,25,1050000,1398600,20.9478924219945,TRUE,NA
"Beta right-high",10,304123,23,800,1050000,106505,52423,0.368189754066341,800,73,1050000,1150684.93150685,12.580559139533,TRUE,NA
"Beta right-high",10,304123,24,333,1050000,98465,52223,0.307150721740409,333,35,1050000,999000,18.0146740919102,TRUE,NA
"Beta right-high",10,304123,24,800,1050000,98465,52223,0.366622176335309,800,77,1050000,1090909.09090909,12.2944823707041,TRUE,NA
"Beta right-high",10,304123,25,333,1050000,111200,52612,0.308208409936743,333,30,1050000,1165500,19.2911256866153,TRUE,NA
"Beta right-high",10,304123,25,800,1050000,111200,52612,0.367570360750817,800,76,1050000,1105263.15789474,12.3637823606631,TRUE,NA
"Beta right-high",10,304123,26,333,1050000,106091,52278,0.307682013032038,333,44,1050000,794659.090909091,16.312171044842,TRUE,NA
"Beta right-high",10,304123,26,800,1050000,106091,52278,0.367471445028674,800,87,1050000,965517.24137931,11.671619237666,TRUE,NA
"Beta right-high",10,304123,27,333,1050000,107124,52535,0.308931131121522,333,24,1050000,1456875,21.341997647599,TRUE,NA
"Beta right-high",10,304123,27,800,1050000,107124,52535,0.371418034713018,800,65,1050000,1292307.69230769,13.2336812996074,TRUE,NA
"Beta right-high",10,304123,28,333,1050000,109285,52437,0.309789737600473,333,43,1050000,813139.534883721,16.4733826659353,TRUE,NA
"Beta right-high",10,304123,28,800,1050000,109285,52437,0.374393167745199,800,99,1050000,848484.848484849,11.0586738763527,TRUE,NA
"Beta right-high",10,304123,29,333,1050000,103497,52753,0.305253743609614,333,34,1050000,1028382.35294118,18.2464200319481,TRUE,NA
"Beta right-high",10,304123,29,800,1050000,103497,52753,0.372023118682824,800,82,1050000,1024390.24390244,11.9680986963519,TRUE,NA
"Beta right-high",10,304123,30,333,1050000,106629,52957,0.30292294837188,333,22,1050000,1589318.18181818,22.211700778394,TRUE,NA
"Beta right-high",10,304123,30,800,1050000,106629,52957,0.366378629644815,800,70,1050000,1200000,12.8117645057411,TRUE,NA
"Beta right-high",10,304123,31,333,1050000,103916,52601,0.302283640908363,333,36,1050000,971250,17.793031633233,TRUE,NA
"Beta right-high",10,304123,31,800,1050000,103916,52601,0.367400526130659,800,83,1050000,1012048.19277108,11.9065567904524,TRUE,NA
"Beta right-high",10,304123,32,333,1050000,104446,52478,0.304361403284942,333,28,1050000,1248750,19.8986696556908,TRUE,NA
"Beta right-high",10,304123,32,800,1050000,104446,52478,0.366724295909674,800,82,1050000,1024390.24390244,11.9680986963519,TRUE,NA
"Beta right-high",10,304123,33,333,1050000,105945,52440,0.303574605221922,333,36,1050000,971250,17.793031633233,TRUE,NA
"Beta right-high",10,304123,33,800,1050000,105945,52440,0.368120449452718,800,75,1050000,1120000,12.4345285486325,TRUE,NA
"Beta right-high",10,304123,34,333,1050000,108445,52541,0.304960512588029,333,34,1050000,1028382.35294118,18.2464200319481,TRUE,NA
"Beta right-high",10,304123,34,800,1050000,108445,52541,0.369781807244592,800,96,1050000,875000,11.2004836306336,TRUE,NA
"Beta right-high",10,304123,35,333,1050000,99219,52824,0.302401980687744,333,29,1050000,1205689.65517241,19.5867757206323,TRUE,NA
"Beta right-high",10,304123,35,800,1050000,99219,52824,0.367584089110021,800,70,1050000,1200000,12.8117645057411,TRUE,NA
"Beta right-high",10,304123,36,333,1050000,103494,52648,0.30223509241512,333,16,1050000,2185312.5,25.7645919223157,TRUE,NA
"Beta right-high",10,304123,36,800,1050000,103494,52648,0.366948935201559,800,66,1050000,1272727.27272727,13.1453154548902,TRUE,NA
"Beta right-high",10,304123,37,333,1050000,109743,52175,0.306589154759167,333,28,1050000,1248750,19.8986696556908,TRUE,NA
"Beta right-high",10,304123,37,800,1050000,109743,52175,0.3670753653403,800,84,1050000,1e+06,11.8461717842113,TRUE,NA
"Beta right-high",10,304123,38,333,1050000,107405,51998,0.308833914785934,333,34,1050000,1028382.35294118,18.2464200319481,TRUE,NA
"Beta right-high",10,304123,38,800,1050000,107405,51998,0.36892876046165,800,73,1050000,1150684.93150685,12.580559139533,TRUE,NA
"Beta right-high",10,304123,39,333,1050000,112128,52989,0.307427792561122,333,32,1050000,1092656.25,18.7433774150619,TRUE,NA
"Beta right-high",10,304123,39,800,1050000,112128,52989,0.368044273650197,800,83,1050000,1012048.19277108,11.9065567904524,TRUE,NA
"Beta right-high",10,304123,40,333,1050000,106863,52439,0.310170369486788,333,33,1050000,1059545.45454545,18.489037291156,TRUE,NA
"Beta right-high",10,304123,40,800,1050000,106863,52439,0.371204544723129,800,86,1050000,976744.186046512,11.7287355098862,TRUE,NA
"Beta right-high",10,304123,41,333,1050000,109862,53023,0.309864680419329,333,28,1050000,1248750,19.8986696556908,TRUE,NA
"Beta right-high",10,304123,41,800,1050000,109862,53023,0.366426046946222,800,67,1050000,1253731.34328358,13.0590159750537,TRUE,NA
"Beta right-high",10,304123,42,333,1050000,105080,52258,0.306942561030099,333,38,1050000,920131.578947368,17.3773442061869,TRUE,NA
"Beta right-high",10,304123,42,800,1050000,105080,52258,0.366568159562947,800,87,1050000,965517.24137931,11.671619237666,TRUE,NA
"Beta right-high",10,304123,43,333,1050000,105713,52325,0.304120262337797,333,25,1050000,1398600,20.9478924219945,TRUE,NA
"Beta right-high",10,304123,43,800,1050000,105713,52325,0.369309187110058,800,82,1050000,1024390.24390244,11.9680986963519,TRUE,NA
"Beta right-high",10,304123,44,333,1050000,107171,52585,0.307263838112932,333,38,1050000,920131.578947368,17.3773442061869,TRUE,NA
"Beta right-high",10,304123,44,800,1050000,107171,52585,0.365816045305338,800,80,1050000,1050000,12.0947991671389,TRUE,NA
"Beta right-high",10,304123,45,333,1050000,99810,52334,0.304338031672156,333,29,1050000,1205689.65517241,19.5867757206323,TRUE,NA
"Beta right-high",10,304123,45,800,1050000,99810,52334,0.366997897702931,800,67,1050000,1253731.34328358,13.0590159750537,TRUE,NA
"Beta right-high",10,304123,46,333,1050000,112116,52560,0.30948088453372,333,34,1050000,1028382.35294118,18.2464200319481,TRUE,NA
"Beta right-high",10,304123,46,800,1050000,112116,52560,0.371238637128309,800,77,1050000,1090909.09090909,12.2944823707041,TRUE,NA
"Beta right-high",10,304123,47,333,1050000,103057,52621,0.307873264172436,333,28,1050000,1248750,19.8986696556908,TRUE,NA
"Beta right-high",10,304123,47,800,1050000,103057,52621,0.365736433827007,800,71,1050000,1183098.5915493,12.7329979704687,TRUE,NA
"Beta right-high",10,304123,48,333,1050000,103332,52343,0.313774102436186,333,36,1050000,971250,17.793031633233,TRUE,NA
"Beta right-high",10,304123,48,800,1050000,103332,52343,0.377285680261704,800,94,1050000,893617.021276596,11.2989886988539,TRUE,NA
"Beta right-high",10,304123,49,333,1050000,102639,52497,0.31239420805377,333,27,1050000,1295000,20.2283110341379,TRUE,NA
"Beta right-high",10,304123,49,800,1050000,102639,52497,0.370240655498372,800,74,1050000,1135135.13513514,12.5067702476922,TRUE,NA
"Beta right-high",10,304123,50,333,1050000,101852,52392,0.306420849430055,333,32,1050000,1092656.25,18.7433774150619,TRUE,NA
"Beta right-high",10,304123,50,800,1050000,101852,52392,0.37189730589573,800,90,1050000,933333.333333333,11.5063147012645,TRUE,NA
"Beta right-high",10,304123,51,333,1050000,102232,52259,0.30634463795163,333,38,1050000,920131.578947368,17.3773442061869,TRUE,NA
"Beta right-high",10,304123,51,800,1050000,102232,52259,0.367112231565565,800,84,1050000,1e+06,11.8461717842113,TRUE,NA
"Beta right-high",10,304123,52,333,1050000,101264,52369,0.314273414869219,333,50,1050000,699300,15.4536143643956,TRUE,NA
"Beta right-high",10,304123,52,800,1050000,101264,52369,0.372642418597561,800,105,1050000,8e+05,10.7945477965276,TRUE,NA
"Beta right-high",10,304123,53,333,1050000,107436,52725,0.301829677933114,333,35,1050000,999000,18.0146740919102,TRUE,NA
"Beta right-high",10,304123,53,800,1050000,107436,52725,0.363439264852032,800,83,1050000,1012048.19277108,11.9065567904524,TRUE,NA
"Beta right-high",10,304123,54,333,1050000,107580,52205,0.306919468524,333,45,1050000,777000,16.1566215263488,TRUE,NA
"Beta right-high",10,304123,54,800,1050000,107580,52205,0.366021278206444,800,81,1050000,1037037.03703704,12.030833596093,TRUE,NA
"Beta right-high",10,304123,55,333,1050000,98871,53003,0.304272815222336,333,32,1050000,1092656.25,18.7433774150619,TRUE,NA
"Beta right-high",10,304123,55,800,1050000,98871,53003,0.363697794750595,800,77,1050000,1090909.09090909,12.2944823707041,TRUE,NA
"Beta right-high",10,304123,56,333,1050000,103581,52895,0.30452720904252,333,35,1050000,999000,18.0146740919102,TRUE,NA
"Beta right-high",10,304123,56,800,1050000,103581,52895,0.366739998480554,800,75,1050000,1120000,12.4345285486325,TRUE,NA
"Beta right-high",10,304123,57,333,1050000,101927,52180,0.307133890057508,333,36,1050000,971250,17.793031633233,TRUE,NA
"Beta right-high",10,304123,57,800,1050000,101927,52180,0.371938655406615,800,83,1050000,1012048.19277108,11.9065567904524,TRUE,NA
"Beta right-high",10,304123,58,333,1050000,107769,52607,0.307502714877799,333,36,1050000,971250,17.793031633233,TRUE,NA
"Beta right-high",10,304123,58,800,1050000,107769,52607,0.365190007228579,800,77,1050000,1090909.09090909,12.2944823707041,TRUE,NA
"Beta right-high",10,304123,59,333,1050000,99651,52731,0.301681013205165,333,21,1050000,1665000,22.6937143965885,TRUE,NA
"Beta right-high",10,304123,59,800,1050000,99651,52731,0.363681561803949,800,61,1050000,1377049.18032787,13.6095037794525,TRUE,NA
"Beta right-high",10,304123,60,333,1050000,100075,52563,0.307091024993586,333,40,1050000,874125,16.9945343249956,TRUE,NA
"Beta right-high",10,304123,60,800,1050000,100075,52563,0.367744642690037,800,79,1050000,1063291.13924051,12.1600347604124,TRUE,NA
"Beta right-high",10,304123,61,333,1050000,102646,52660,0.30669461827038,333,42,1050000,832500,16.6405959934941,TRUE,NA
"Beta right-high",10,304123,61,800,1050000,102646,52660,0.366906801317158,800,92,1050000,913043.47826087,11.4008692242012,TRUE,NA
"Beta right-high",10,304123,62,333,1050000,104505,52850,0.310827520551851,333,35,1050000,999000,18.0146740919102,TRUE,NA
"Beta right-high",10,304123,62,800,1050000,104505,52850,0.373444931935264,800,92,1050000,913043.47826087,11.4008692242012,TRUE,NA
"Beta right-high",10,304123,63,333,1050000,110349,52697,0.307667283569511,333,42,1050000,832500,16.6405959934941,TRUE,NA
"Beta right-high",10,304123,63,800,1050000,110349,52697,0.36659959740044,800,97,1050000,865979.381443299,11.1524414546134,TRUE,NA
"Beta right-high",10,304123,64,333,1050000,104746,52642,0.302583638542056,333,26,1050000,1344807.69230769,20.5774046356395,TRUE,NA
"Beta right-high",10,304123,64,800,1050000,104746,52642,0.368356322159694,800,72,1050000,1166666.66666667,12.6559494223987,TRUE,NA
"Beta right-high",10,304123,65,333,1050000,101647,52413,0.306573381566417,333,29,1050000,1205689.65517241,19.5867757206323,TRUE,NA
"Beta right-high",10,304123,65,800,1050000,101647,52413,0.363960253224574,800,68,1050000,1235294.11764706,12.9747057933055,TRUE,NA
"Beta right-high",10,304123,66,333,1050000,109147,52404,0.302037271542965,333,29,1050000,1205689.65517241,19.5867757206323,TRUE,NA
"Beta right-high",10,304123,66,800,1050000,109147,52404,0.364746847205211,800,75,1050000,1120000,12.4345285486325,TRUE,NA
"Beta right-high",10,304123,67,333,1050000,101814,52311,0.305615730843224,333,33,1050000,1059545.45454545,18.489037291156,TRUE,NA
"Beta right-high",10,304123,67,800,1050000,101814,52311,0.366033085612234,800,73,1050000,1150684.93150685,12.580559139533,TRUE,NA
"Beta right-high",10,304123,68,333,1050000,99680,52447,0.311185785166048,333,25,1050000,1398600,20.9478924219945,TRUE,NA
"Beta right-high",10,304123,68,800,1050000,99680,52447,0.370242456345167,800,70,1050000,1200000,12.8117645057411,TRUE,NA
"Beta right-high",10,304123,69,333,1050000,107279,52538,0.310311123067543,333,38,1050000,920131.578947368,17.3773442061869,TRUE,NA
"Beta right-high",10,304123,69,800,1050000,107279,52538,0.366945068686079,800,86,1050000,976744.186046512,11.7287355098862,TRUE,NA
"Beta right-high",10,304123,70,333,1050000,109057,52225,0.310713539679298,333,38,1050000,920131.578947368,17.3773442061869,TRUE,NA
"Beta right-high",10,304123,70,800,1050000,109057,52225,0.373969247410733,800,84,1050000,1e+06,11.8461717842113,TRUE,NA
"Beta right-high",10,304123,71,333,1050000,107919,52687,0.301319205495064,333,31,1050000,1127903.22580645,19.0103877415676,TRUE,NA
"Beta right-high",10,304123,71,800,1050000,107919,52687,0.36006631591747,800,82,1050000,1024390.24390244,11.9680986963519,TRUE,NA
"Beta right-high",10,304123,72,333,1050000,99211,52533,0.308912118595509,333,30,1050000,1165500,19.2911256866153,TRUE,NA
"Beta right-high",10,304123,72,800,1050000,99211,52533,0.366813775507205,800,61,1050000,1377049.18032787,13.6095037794525,TRUE,NA
"Beta right-high",10,304123,73,333,1050000,101768,52224,0.312697735969424,333,31,1050000,1127903.22580645,19.0103877415676,TRUE,NA
"Beta right-high",10,304123,73,800,1050000,101768,52224,0.371063679448924,800,78,1050000,1076923.07692308,12.226581496827,TRUE,NA
"Beta right-high",10,304123,74,333,1050000,110382,52723,0.305321951155986,333,25,1050000,1398600,20.9478924219945,TRUE,NA
"Beta right-high",10,304123,74,800,1050000,110382,52723,0.369194397937428,800,69,1050000,1217391.30434783,12.8923117835906,TRUE,NA
"Beta right-high",10,304123,75,333,1050000,104040,52927,0.310585289903254,333,42,1050000,832500,16.6405959934941,TRUE,NA
"Beta right-high",10,304123,75,800,1050000,104040,52927,0.370493609121655,800,91,1050000,923076.923076923,11.4531339284728,TRUE,NA
"Beta right-high",10,304123,76,333,1050000,109152,52588,0.306911787075252,333,30,1050000,1165500,19.2911256866153,TRUE,NA
"Beta right-high",10,304123,76,800,1050000,109152,52588,0.368219295413731,800,78,1050000,1076923.07692308,12.226581496827,TRUE,NA
"Beta right-high",10,304123,77,333,1050000,102990,52323,0.309026203095195,333,34,1050000,1028382.35294118,18.2464200319481,TRUE,NA
"Beta right-high",10,304123,77,800,1050000,102990,52323,0.371980430333837,800,80,1050000,1050000,12.0947991671389,TRUE,NA
"Beta right-high",10,304123,78,333,1050000,105198,52177,0.307260689990227,333,29,1050000,1205689.65517241,19.5867757206323,TRUE,NA
"Beta right-high",10,304123,78,800,1050000,105198,52177,0.368547785256645,800,84,1050000,1e+06,11.8461717842113,TRUE,NA
"Beta right-high",10,304123,79,333,1050000,106370,52267,0.311294975402425,333,30,1050000,1165500,19.2911256866153,TRUE,NA
"Beta right-high",10,304123,79,800,1050000,106370,52267,0.370973063728848,800,77,1050000,1090909.09090909,12.2944823707041,TRUE,NA
"Beta right-high",10,304123,80,333,1050000,100752,52759,0.307157518187495,333,28,1050000,1248750,19.8986696556908,TRUE,NA
"Beta right-high",10,304123,80,800,1050000,100752,52759,0.368085573487496,800,65,1050000,1292307.69230769,13.2336812996074,TRUE,NA
"Beta right-high",10,304123,81,333,1050000,109891,52580,0.314245859939967,333,27,1050000,1295000,20.2283110341379,TRUE,NA
"Beta right-high",10,304123,81,800,1050000,109891,52580,0.372033337317953,800,68,1050000,1235294.11764706,12.9747057933055,TRUE,NA
"Beta right-high",10,304123,82,333,1050000,104654,52549,0.302366308192913,333,40,1050000,874125,16.9945343249956,TRUE,NA
"Beta right-high",10,304123,82,800,1050000,104654,52549,0.36394349533334,800,93,1050000,903225.806451613,11.3494955224386,TRUE,NA
"Beta right-high",10,304123,83,333,1050000,106827,52607,0.30587364092951,333,34,1050000,1028382.35294118,18.2464200319481,TRUE,NA
"Beta right-high",10,304123,83,800,1050000,106827,52607,0.368603006593574,800,78,1050000,1076923.07692308,12.226581496827,TRUE,NA
"Beta right-high",10,304123,84,333,1050000,109752,52121,0.312239818944283,333,36,1050000,971250,17.793031633233,TRUE,NA
"Beta right-high",10,304123,84,800,1050000,109752,52121,0.372870083783926,800,96,1050000,875000,11.2004836306336,TRUE,NA
"Beta right-high",10,304123,85,333,1050000,106874,52290,0.304974929583846,333,32,1050000,1092656.25,18.7433774150619,TRUE,NA
"Beta right-high",10,304123,85,800,1050000,106874,52290,0.369308271951143,800,70,1050000,1200000,12.8117645057411,TRUE,NA
"Beta right-high",10,304123,86,333,1050000,108918,52629,0.305001329308786,333,43,1050000,813139.534883721,16.4733826659353,TRUE,NA
"Beta right-high",10,304123,86,800,1050000,108918,52629,0.367604573891333,800,92,1050000,913043.47826087,11.4008692242012,TRUE,NA
"Beta right-high",10,304123,87,333,1050000,107203,53014,0.308020867866395,333,33,1050000,1059545.45454545,18.489037291156,TRUE,NA
"Beta right-high",10,304123,87,800,1050000,107203,53014,0.367846527006998,800,83,1050000,1012048.19277108,11.9065567904524,TRUE,NA
"Beta right-high",10,304123,88,333,1050000,103898,52866,0.308067075554333,333,19,1050000,1840263.15789474,23.7724627751762,TRUE,NA
"Beta right-high",10,304123,88,800,1050000,103898,52866,0.368856877894085,800,79,1050000,1063291.13924051,12.1600347604124,TRUE,NA
"Beta right-high",10,304123,89,333,1050000,103401,52897,0.304672987066394,333,36,1050000,971250,17.793031633233,TRUE,NA
"Beta right-high",10,304123,89,800,1050000,103401,52897,0.366803847667313,800,83,1050000,1012048.19277108,11.9065567904524,TRUE,NA
"Beta right-high",10,304123,90,333,1050000,107201,52561,0.307942113057252,333,33,1050000,1059545.45454545,18.489037291156,TRUE,NA
"Beta right-high",10,304123,90,800,1050000,107201,52561,0.371134040174829,800,72,1050000,1166666.66666667,12.6559494223987,TRUE,NA
"Beta right-high",10,304123,91,333,1050000,102625,52385,0.309512009266183,333,36,1050000,971250,17.793031633233,TRUE,NA
"Beta right-high",10,304123,91,800,1050000,102625,52385,0.371274331983553,800,83,1050000,1012048.19277108,11.9065567904524,TRUE,NA
"Beta right-high",10,304123,92,333,1050000,110069,52611,0.304909149983156,333,35,1050000,999000,18.0146740919102,TRUE,NA
"Beta right-high",10,304123,92,800,1050000,110069,52611,0.366517492580924,800,79,1050000,1063291.13924051,12.1600347604124,TRUE,NA
"Beta right-high",10,304123,93,333,1050000,103311,52275,0.302139309980929,333,25,1050000,1398600,20.9478924219945,TRUE,NA
"Beta right-high",10,304123,93,800,1050000,103311,52275,0.36646650093714,800,73,1050000,1150684.93150685,12.580559139533,TRUE,NA
"Beta right-high",10,304123,94,333,1050000,103607,52423,0.307401826180106,333,26,1050000,1344807.69230769,20.5774046356395,TRUE,NA
"Beta right-high",10,304123,94,800,1050000,103607,52423,0.368036993449333,800,67,1050000,1253731.34328358,13.0590159750537,TRUE,NA
"Beta right-high",10,304123,95,333,1050000,101709,52160,0.308260972649072,333,34,1050000,1028382.35294118,18.2464200319481,TRUE,NA
"Beta right-high",10,304123,95,800,1050000,101709,52160,0.369052938832379,800,71,1050000,1183098.5915493,12.7329979704687,TRUE,NA
"Beta right-high",10,304123,96,333,1050000,100356,52571,0.304872465320969,333,35,1050000,999000,18.0146740919102,TRUE,NA
"Beta right-high",10,304123,96,800,1050000,100356,52571,0.3673239947992,800,84,1050000,1e+06,11.8461717842113,TRUE,NA
"Beta right-high",10,304123,97,333,1050000,102785,52661,0.309255703111375,333,29,1050000,1205689.65517241,19.5867757206323,TRUE,NA
"Beta right-high",10,304123,97,800,1050000,102785,52661,0.366325216525787,800,75,1050000,1120000,12.4345285486325,TRUE,NA
"Beta right-high",10,304123,98,333,1050000,104680,52566,0.303498013884698,333,35,1050000,999000,18.0146740919102,TRUE,NA
"Beta right-high",10,304123,98,800,1050000,104680,52566,0.368293260296431,800,83,1050000,1012048.19277108,11.9065567904524,TRUE,NA
"Beta right-high",10,304123,99,333,1050000,104387,52846,0.30714907209658,333,31,1050000,1127903.22580645,19.0103877415676,TRUE,NA
"Beta right-high",10,304123,99,800,1050000,104387,52846,0.369149000871423,800,81,1050000,1037037.03703704,12.030833596093,TRUE,NA
"Beta right-high",10,304123,100,333,1050000,107075,52715,0.312996052307357,333,27,1050000,1295000,20.2283110341379,TRUE,NA
"Beta right-high",10,304123,100,800,1050000,107075,52715,0.371084520547365,800,80,1050000,1050000,12.0947991671389,TRUE,NA
"Beta right-high",10,304123,101,333,1050000,106828,52617,0.303988441596062,333,27,1050000,1295000,20.2283110341379,TRUE,NA
"Beta right-high",10,304123,101,800,1050000,106828,52617,0.365480607671241,800,73,1050000,1150684.93150685,12.580559139533,TRUE,NA
"Beta right-high",10,304123,102,333,1050000,110299,52748,0.306335872441737,333,30,1050000,1165500,19.2911256866153,TRUE,NA
"Beta right-high",10,304123,102,800,1050000,110299,52748,0.365803953549035,800,77,1050000,1090909.09090909,12.2944823707041,TRUE,NA
"Beta right-high",10,304123,103,333,1050000,103730,52325,0.300167500113873,333,32,1050000,1092656.25,18.7433774150619,TRUE,NA
"Beta right-high",10,304123,103,800,1050000,103730,52325,0.367013622311134,800,80,1050000,1050000,12.0947991671389,TRUE,NA
"Beta right-high",10,304123,104,333,1050000,106143,52587,0.307098849610391,333,42,1050000,832500,16.6405959934941,TRUE,NA
"Beta right-high",10,304123,104,800,1050000,106143,52587,0.368765295759616,800,92,1050000,913043.47826087,11.4008692242012,TRUE,NA
"Beta right-high",10,304123,105,333,1050000,107969,52662,0.310091603420841,333,45,1050000,777000,16.1566215263488,TRUE,NA
"Beta right-high",10,304123,105,800,1050000,107969,52662,0.371717984919737,800,85,1050000,988235.294117647,11.7869090824081,TRUE,NA
"Beta right-high",10,304123,106,333,1050000,105452,52651,0.303731539381715,333,33,1050000,1059545.45454545,18.489037291156,TRUE,NA
"Beta right-high",10,304123,106,800,1050000,105452,52651,0.366200852676424,800,89,1050000,943820.224719101,11.5604375979122,TRUE,NA
"Beta right-high",10,304123,107,333,1050000,103278,52593,0.301840758710029,333,31,1050000,1127903.22580645,19.0103877415676,TRUE,NA
"Beta right-high",10,304123,107,800,1050000,103278,52593,0.366373579205911,800,87,1050000,965517.24137931,11.671619237666,TRUE,NA
"Beta right-high",10,304123,108,333,1050000,102085,53221,0.304497155981202,333,36,1050000,971250,17.793031633233,TRUE,NA
"Beta right-high",10,304123,108,800,1050000,102085,53221,0.366064414770573,800,89,1050000,943820.224719101,11.5604375979122,TRUE,NA
"Beta right-high",10,304123,109,333,1050000,99538,52655,0.305078897822624,333,42,1050000,832500,16.6405959934941,TRUE,NA
"Beta right-high",10,304123,109,800,1050000,99538,52655,0.367351055021631,800,89,1050000,943820.224719101,11.5604375979122,TRUE,NA
"Beta right-high",10,304123,110,333,1050000,105177,52564,0.302025375421015,333,28,1050000,1248750,19.8986696556908,TRUE,NA
"Beta right-high",10,304123,110,800,1050000,105177,52564,0.365334258208324,800,69,1050000,1217391.30434783,12.8923117835906,TRUE,NA
"Beta right-high",10,304123,111,333,1050000,105044,52463,0.308969757251508,333,39,1050000,896538.461538462,17.1820968840741,TRUE,NA
"Beta right-high",10,304123,111,800,1050000,105044,52463,0.366363912984754,800,95,1050000,884210.526315789,11.249325525922,TRUE,NA
"Beta right-high",10,304123,112,333,1050000,99236,52887,0.309324164093684,333,29,1050000,1205689.65517241,19.5867757206323,TRUE,NA
"Beta right-high",10,304123,112,800,1050000,99236,52887,0.369574788351879,800,79,1050000,1063291.13924051,12.1600347604124,TRUE,NA
"Beta right-high",10,304123,113,333,1050000,106405,52513,0.305867419830225,333,31,1050000,1127903.22580645,19.0103877415676,TRUE,NA
"Beta right-high",10,304123,113,800,1050000,106405,52513,0.369228570125807,800,83,1050000,1012048.19277108,11.9065567904524,TRUE,NA
"Beta right-high",10,304123,114,333,1050000,102177,52932,0.307366634794299,333,42,1050000,832500,16.6405959934941,TRUE,NA
"Beta right-high",10,304123,114,800,1050000,102177,52932,0.367186649143286,800,86,1050000,976744.186046512,11.7287355098862,TRUE,NA
"Beta right-high",10,304123,115,333,1050000,106911,52391,0.309142064023831,333,35,1050000,999000,18.0146740919102,TRUE,NA
"Beta right-high",10,304123,115,800,1050000,106911,52391,0.368531111946904,800,92,1050000,913043.47826087,11.4008692242012,TRUE,NA
"Beta right-high",10,304123,116,333,1050000,104747,52377,0.302854258990827,333,25,1050000,1398600,20.9478924219945,TRUE,NA
"Beta right-high",10,304123,116,800,1050000,104747,52377,0.367385939268009,800,65,1050000,1292307.69230769,13.2336812996074,TRUE,NA
"Beta right-high",10,304123,117,333,1050000,101862,52606,0.308408087947355,333,30,1050000,1165500,19.2911256866153,TRUE,NA
"Beta right-high",10,304123,117,800,1050000,101862,52606,0.369428821310141,800,73,1050000,1150684.93150685,12.580559139533,TRUE,NA
"Beta right-high",10,304123,118,333,1050000,100350,52936,0.305155717032274,333,31,1050000,1127903.22580645,19.0103877415676,TRUE,NA
"Beta right-high",10,304123,118,800,1050000,100350,52936,0.36644845343107,800,75,1050000,1120000,12.4345285486325,TRUE,NA
"Beta right-high",10,304123,119,333,1050000,105371,52792,0.307040469316075,333,34,1050000,1028382.35294118,18.2464200319481,TRUE,NA
"Beta right-high",10,304123,119,800,1050000,105371,52792,0.367943479473921,800,73,1050000,1150684.93150685,12.580559139533,TRUE,NA
"Beta right-high",10,304123,120,333,1050000,100037,52952,0.306731557273873,333,33,1050000,1059545.45454545,18.489037291156,TRUE,NA
"Beta right-high",10,304123,120,800,1050000,100037,52952,0.371992450244024,800,89,1050000,943820.224719101,11.5604375979122,TRUE,NA
"Beta right-high",10,304123,121,333,1050000,107292,52373,0.306342239666728,333,35,1050000,999000,18.0146740919102,TRUE,NA
"Beta right-high",10,304123,121,800,1050000,107292,52373,0.367948022207034,800,80,1050000,1050000,12.0947991671389,TRUE,NA
"Beta right-high",10,304123,122,333,1050000,101512,52769,0.303670993703295,333,33,1050000,1059545.45454545,18.489037291156,TRUE,NA
"Beta right-high",10,304123,122,800,1050000,101512,52769,0.36504334350985,800,71,1050000,1183098.5915493,12.7329979704687,TRUE,NA
"Beta right-high",10,304123,123,333,1050000,111472,52455,0.304126593746708,333,41,1050000,852804.87804878,16.8141796097176,TRUE,NA
"Beta right-high",10,304123,123,800,1050000,111472,52455,0.366026490264246,800,92,1050000,913043.47826087,11.4008692242012,TRUE,NA
"Beta right-high",10,304123,124,333,1050000,101673,52367,0.310893236704646,333,34,1050000,1028382.35294118,18.2464200319481,TRUE,NA
"Beta right-high",10,304123,124,800,1050000,101673,52367,0.371076871473531,800,83,1050000,1012048.19277108,11.9065567904524,TRUE,NA
"Beta right-high",10,304123,125,333,1050000,102072,52724,0.308128921609919,333,16,1050000,2185312.5,25.7645919223157,TRUE,NA
"Beta right-high",10,304123,125,800,1050000,102072,52724,0.369093101034026,800,59,1050000,1423728.81355932,13.812157409947,TRUE,NA
"Beta right-high",10,304123,126,333,1050000,110528,52652,0.310895343940753,333,43,1050000,813139.534883721,16.4733826659353,TRUE,NA
"Beta right-high",10,304123,126,800,1050000,110528,52652,0.373294268383504,800,99,1050000,848484.848484849,11.0586738763527,TRUE,NA
"Beta right-high",10,304123,127,333,1050000,105513,52400,0.306387834609602,333,38,1050000,920131.578947368,17.3773442061869,TRUE,NA
"Beta right-high",10,304123,127,800,1050000,105513,52400,0.365526271108846,800,86,1050000,976744.186046512,11.7287355098862,TRUE,NA
"Beta right-high",10,304123,128,333,1050000,101813,52619,0.301758436640602,333,30,1050000,1165500,19.2911256866153,TRUE,NA
"Beta right-high",10,304123,128,800,1050000,101813,52619,0.36510833012868,800,77,1050000,1090909.09090909,12.2944823707041,TRUE,NA
"Beta right-high",10,304123,129,333,1050000,105465,52970,0.306075061024254,333,31,1050000,1127903.22580645,19.0103877415676,TRUE,NA
"Beta right-high",10,304123,129,800,1050000,105465,52970,0.366331155542271,800,70,1050000,1200000,12.8117645057411,TRUE,NA
"Beta right-high",10,304123,130,333,1050000,104860,52503,0.31051819418594,333,50,1050000,699300,15.4536143643956,TRUE,NA
"Beta right-high",10,304123,130,800,1050000,104860,52503,0.369202826765948,800,101,1050000,831683.168316832,10.9678652382094,TRUE,NA
"Beta right-high",10,304123,131,333,1050000,108019,52814,0.300279621510509,333,36,1050000,971250,17.793031633233,TRUE,NA
"Beta right-high",10,304123,131,800,1050000,108019,52814,0.365849303097592,800,79,1050000,1063291.13924051,12.1600347604124,TRUE,NA
"Beta right-high",10,304123,132,333,1050000,101105,52106,0.310506623528851,333,29,1050000,1205689.65517241,19.5867757206323,TRUE,NA
"Beta right-high",10,304123,132,800,1050000,101105,52106,0.37254981142819,800,77,1050000,1090909.09090909,12.2944823707041,TRUE,NA
"Beta right-high",10,304123,133,333,1050000,102961,51990,0.312652657581925,333,26,1050000,1344807.69230769,20.5774046356395,TRUE,NA
"Beta right-high",10,304123,133,800,1050000,102961,51990,0.373864532473673,800,69,1050000,1217391.30434783,12.8923117835906,TRUE,NA
"Beta right-high",10,304123,134,333,1050000,107098,52484,0.303379346418325,333,34,1050000,1028382.35294118,18.2464200319481,TRUE,NA
"Beta right-high",10,304123,134,800,1050000,107098,52484,0.362812134889078,800,83,1050000,1012048.19277108,11.9065567904524,TRUE,NA
"Beta right-high",10,304123,135,333,1050000,104965,52567,0.305898485209861,333,28,1050000,1248750,19.8986696556908,TRUE,NA
"Beta right-high",10,304123,135,800,1050000,104965,52567,0.365438731287738,800,77,1050000,1090909.09090909,12.2944823707041,TRUE,NA
"Beta right-high",10,304123,136,333,1050000,106722,52893,0.303538179251271,333,32,1050000,1092656.25,18.7433774150619,TRUE,NA
"Beta right-high",10,304123,136,800,1050000,106722,52893,0.367445384443019,800,61,1050000,1377049.18032787,13.6095037794525,TRUE,NA
"Beta right-high",10,304123,137,333,1050000,104408,52487,0.308089943987431,333,36,1050000,971250,17.793031633233,TRUE,NA
"Beta right-high",10,304123,137,800,1050000,104408,52487,0.370580286224143,800,77,1050000,1090909.09090909,12.2944823707041,TRUE,NA
"Beta right-high",10,304123,138,333,1050000,110097,52563,0.309202021132034,333,51,1050000,685588.235294118,15.3262072378003,TRUE,NA
"Beta right-high",10,304123,138,800,1050000,110097,52563,0.364973975241301,800,88,1050000,954545.454545455,11.6155297136974,TRUE,NA
"Beta right-high",10,304123,139,333,1050000,105044,52715,0.30821772154988,333,35,1050000,999000,18.0146740919102,TRUE,NA
"Beta right-high",10,304123,139,800,1050000,105044,52715,0.364580953659516,800,78,1050000,1076923.07692308,12.226581496827,TRUE,NA
"Beta right-high",10,304123,140,333,1050000,108818,52503,0.306145359671285,333,40,1050000,874125,16.9945343249956,TRUE,NA
"Beta right-high",10,304123,140,800,1050000,108818,52503,0.365676046474091,800,90,1050000,933333.333333333,11.5063147012645,TRUE,NA
"Beta right-high",10,304123,141,333,1050000,112757,52895,0.305752533155749,333,35,1050000,999000,18.0146740919102,TRUE,NA
"Beta right-high",10,304123,141,800,1050000,112757,52895,0.369370930168374,800,87,1050000,965517.24137931,11.671619237666,TRUE,NA
"Beta right-high",10,304123,142,333,1050000,106125,52437,0.303850387930506,333,31,1050000,1127903.22580645,19.0103877415676,TRUE,NA
"Beta right-high",10,304123,142,800,1050000,106125,52437,0.369520959784746,800,81,1050000,1037037.03703704,12.030833596093,TRUE,NA
"Beta right-high",10,304123,143,333,1050000,105964,52171,0.305410179002834,333,35,1050000,999000,18.0146740919102,TRUE,NA
"Beta right-high",10,304123,143,800,1050000,105964,52171,0.366551759017851,800,72,1050000,1166666.66666667,12.6559494223987,TRUE,NA
"Beta right-high",10,304123,144,333,1050000,108100,52410,0.305880653148619,333,35,1050000,999000,18.0146740919102,TRUE,NA
"Beta right-high",10,304123,144,800,1050000,108100,52410,0.369665181846232,800,87,1050000,965517.24137931,11.671619237666,TRUE,NA
"Beta right-high",10,304123,145,333,1050000,106245,52493,0.305219035935069,333,30,1050000,1165500,19.2911256866153,TRUE,NA
"Beta right-high",10,304123,145,800,1050000,106245,52493,0.369844781412072,800,80,1050000,1050000,12.0947991671389,TRUE,NA
"Beta right-high",10,304123,146,333,1050000,103162,52586,0.312643814621595,333,39,1050000,896538.461538462,17.1820968840741,TRUE,NA
"Beta right-high",10,304123,146,800,1050000,103162,52586,0.370909518360433,800,81,1050000,1037037.03703704,12.030833596093,TRUE,NA
"Beta right-high",10,304123,147,333,1050000,100901,52156,0.305035806364548,333,30,1050000,1165500,19.2911256866153,TRUE,NA
"Beta right-high",10,304123,147,800,1050000,100901,52156,0.369448215913296,800,66,1050000,1272727.27272727,13.1453154548902,TRUE,NA
"Beta right-high",10,304123,148,333,1050000,107368,52525,0.3113715411794,333,40,1050000,874125,16.9945343249956,TRUE,NA
"Beta right-high",10,304123,148,800,1050000,107368,52525,0.366941851034965,800,88,1050000,954545.454545455,11.6155297136974,TRUE,NA
"Beta right-high",10,304123,149,333,1050000,102777,52363,0.303859343501988,333,31,1050000,1127903.22580645,19.0103877415676,TRUE,NA
"Beta right-high",10,304123,149,800,1050000,102777,52363,0.36284963303445,800,81,1050000,1037037.03703704,12.030833596093,TRUE,NA
"Beta right-high",10,304123,150,333,1050000,102140,52541,0.309580711214061,333,29,1050000,1205689.65517241,19.5867757206323,TRUE,NA
"Beta right-high",10,304123,150,800,1050000,102140,52541,0.370542265423069,800,85,1050000,988235.294117647,11.7869090824081,TRUE,NA
"Beta right-high",10,304123,151,333,1050000,104576,52607,0.312164960958639,333,48,1050000,728437.5,15.7209265075818,TRUE,NA
"Beta right-high",10,304123,151,800,1050000,104576,52607,0.369906568861882,800,88,1050000,954545.454545455,11.6155297136974,TRUE,NA
"Beta right-high",10,304123,152,333,1050000,104936,52728,0.307813484709067,333,39,1050000,896538.461538462,17.1820968840741,TRUE,NA
"Beta right-high",10,304123,152,800,1050000,104936,52728,0.369514366416655,800,93,1050000,903225.806451613,11.3494955224386,TRUE,NA
"Beta right-high",10,304123,153,333,1050000,104074,52059,0.31097458547041,333,43,1050000,813139.534883721,16.4733826659353,TRUE,NA
"Beta right-high",10,304123,153,800,1050000,104074,52059,0.372637777504635,800,89,1050000,943820.224719101,11.5604375979122,TRUE,NA
"Beta right-high",10,304123,154,333,1050000,106325,52250,0.308459579024666,333,34,1050000,1028382.35294118,18.2464200319481,TRUE,NA
"Beta right-high",10,304123,154,800,1050000,106325,52250,0.36969268783741,800,80,1050000,1050000,12.0947991671389,TRUE,NA
"Beta right-high",10,304123,155,333,1050000,101495,52592,0.30460238913468,333,36,1050000,971250,17.793031633233,TRUE,NA
"Beta right-high",10,304123,155,800,1050000,101495,52592,0.363715942903098,800,74,1050000,1135135.13513514,12.5067702476922,TRUE,NA
"Beta right-high",10,304123,156,333,1050000,105847,52346,0.312422927313085,333,30,1050000,1165500,19.2911256866153,TRUE,NA
"Beta right-high",10,304123,156,800,1050000,105847,52346,0.37251044940695,800,71,1050000,1183098.5915493,12.7329979704687,TRUE,NA
"Beta right-high",10,304123,157,333,1050000,106358,52362,0.307136282927728,333,45,1050000,777000,16.1566215263488,TRUE,NA
"Beta right-high",10,304123,157,800,1050000,106358,52362,0.369916299762508,800,98,1050000,857142.857142857,11.1051782164878,TRUE,NA
"Beta right-high",10,304123,158,333,1050000,103429,52365,0.308248635480716,333,31,1050000,1127903.22580645,19.0103877415676,TRUE,NA
"Beta right-high",10,304123,158,800,1050000,103429,52365,0.367688158995632,800,77,1050000,1090909.09090909,12.2944823707041,TRUE,NA
"Beta right-high",10,304123,159,333,1050000,109690,52790,0.306739583954147,333,33,1050000,1059545.45454545,18.489037291156,TRUE,NA
"Beta right-high",10,304123,159,800,1050000,109690,52790,0.368484802597054,800,78,1050000,1076923.07692308,12.226581496827,TRUE,NA
"Beta right-high",10,304123,160,333,1050000,104344,52776,0.30600113605543,333,35,1050000,999000,18.0146740919102,TRUE,NA
"Beta right-high",10,304123,160,800,1050000,104344,52776,0.369002689716771,800,78,1050000,1076923.07692308,12.226581496827,TRUE,NA
"Beta right-high",10,304123,161,333,1050000,105731,52328,0.309851826266949,333,41,1050000,852804.87804878,16.8141796097176,TRUE,NA
"Beta right-high",10,304123,161,800,1050000,105731,52328,0.371269631639376,800,93,1050000,903225.806451613,11.3494955224386,TRUE,NA
"Beta right-high",10,304123,162,333,1050000,106245,52664,0.306434168590602,333,28,1050000,1248750,19.8986696556908,TRUE,NA
"Beta right-high",10,304123,162,800,1050000,106245,52664,0.365955775962412,800,77,1050000,1090909.09090909,12.2944823707041,TRUE,NA
"Beta right-high",10,304123,163,333,1050000,101327,52219,0.308668495685757,333,46,1050000,760108.695652174,16.0064206264636,TRUE,NA
"Beta right-high",10,304123,163,800,1050000,101327,52219,0.374117519818843,800,87,1050000,965517.24137931,11.671619237666,TRUE,NA
"Beta right-high",10,304123,164,333,1050000,101576,52623,0.302244304324996,333,26,1050000,1344807.69230769,20.5774046356395,TRUE,NA
"Beta right-high",10,304123,164,800,1050000,101576,52623,0.366328856985893,800,72,1050000,1166666.66666667,12.6559494223987,TRUE,NA
"Beta right-high",10,304123,165,333,1050000,104087,52346,0.310400075798961,333,31,1050000,1127903.22580645,19.0103877415676,TRUE,NA
"Beta right-high",10,304123,165,800,1050000,104087,52346,0.37335403915007,800,85,1050000,988235.294117647,11.7869090824081,TRUE,NA
"Beta right-high",10,304123,166,333,1050000,105983,52485,0.306507900661803,333,37,1050000,945000,17.5807982524607,TRUE,NA
"Beta right-high",10,304123,166,800,1050000,105983,52485,0.364782341256902,800,83,1050000,1012048.19277108,11.9065567904524,TRUE,NA
"Beta right-high",10,304123,167,333,1050000,106784,52883,0.313917192341499,333,41,1050000,852804.87804878,16.8141796097176,TRUE,NA
"Beta right-high",10,304123,167,800,1050000,106784,52883,0.375844348166667,800,99,1050000,848484.848484849,11.0586738763527,TRUE,NA
"Beta right-high",10,304123,168,333,1050000,105930,52609,0.305044287345044,333,37,1050000,945000,17.5807982524607,TRUE,NA
"Beta right-high",10,304123,168,800,1050000,105930,52609,0.369237286398812,800,90,1050000,933333.333333333,11.5063147012645,TRUE,NA
"Beta right-high",10,304123,169,333,1050000,106611,52595,0.301120706013657,333,33,1050000,1059545.45454545,18.489037291156,TRUE,NA
"Beta right-high",10,304123,169,800,1050000,106611,52595,0.367009938995034,800,82,1050000,1024390.24390244,11.9680986963519,TRUE,NA
"Beta right-high",10,304123,170,333,1050000,107401,52099,0.316984161604127,333,53,1050000,659716.981132075,15.0828857386931,TRUE,NA
"Beta right-high",10,304123,170,800,1050000,107401,52099,0.374883988403026,800,102,1050000,823529.411764706,10.923524274688,TRUE,NA
"Beta right-high",10,304123,171,333,1050000,99961,52756,0.305210291680711,333,34,1050000,1028382.35294118,18.2464200319481,TRUE,NA
"Beta right-high",10,304123,171,800,1050000,99961,52756,0.368391313792683,800,78,1050000,1076923.07692308,12.226581496827,TRUE,NA
"Beta right-high",10,304123,172,333,1050000,106436,52301,0.308840949035178,333,37,1050000,945000,17.5807982524607,TRUE,NA
"Beta right-high",10,304123,172,800,1050000,106436,52301,0.366191493822006,800,81,1050000,1037037.03703704,12.030833596093,TRUE,NA
"Beta right-high",10,304123,173,333,1050000,105269,52487,0.30254628133663,333,29,1050000,1205689.65517241,19.5867757206323,TRUE,NA
"Beta right-high",10,304123,173,800,1050000,105269,52487,0.366519178957053,800,69,1050000,1217391.30434783,12.8923117835906,TRUE,NA
"Beta right-high",10,304123,174,333,1050000,102860,52265,0.306941446473845,333,35,1050000,999000,18.0146740919102,TRUE,NA
"Beta right-high",10,304123,174,800,1050000,102860,52265,0.36965951883905,800,87,1050000,965517.24137931,11.671619237666,TRUE,NA
"Beta right-high",10,304123,175,333,1050000,104029,52891,0.316785637969269,333,29,1050000,1205689.65517241,19.5867757206323,TRUE,NA
"Beta right-high",10,304123,175,800,1050000,104029,52891,0.372217642784679,800,64,1050000,1312500,13.3241947934359,TRUE,NA
"Beta right-high",10,304123,176,333,1050000,109772,52908,0.299274725543062,333,31,1050000,1127903.22580645,19.0103877415676,TRUE,NA
"Beta right-high",10,304123,176,800,1050000,109772,52908,0.366664317853634,800,88,1050000,954545.454545455,11.6155297136974,TRUE,NA
"Beta right-high",10,304123,177,333,1050000,101701,52515,0.31127234797617,333,45,1050000,777000,16.1566215263488,TRUE,NA
"Beta right-high",10,304123,177,800,1050000,101701,52515,0.371857708260981,800,96,1050000,875000,11.2004836306336,TRUE,NA
"Beta right-high",10,304123,178,333,1050000,101957,52699,0.307728757228886,333,35,1050000,999000,18.0146740919102,TRUE,NA
"Beta right-high",10,304123,178,800,1050000,101957,52699,0.373349170943027,800,103,1050000,815533.980582524,10.8798688197147,TRUE,NA
"Beta right-high",10,304123,179,333,1050000,100564,52547,0.2993971377343,333,33,1050000,1059545.45454545,18.489037291156,TRUE,NA
"Beta right-high",10,304123,179,800,1050000,100564,52547,0.36260138217482,800,61,1050000,1377049.18032787,13.6095037794525,TRUE,NA
"Beta right-high",10,304123,180,333,1050000,109910,52566,0.304821618747779,333,27,1050000,1295000,20.2283110341379,TRUE,NA
"Beta right-high",10,304123,180,800,1050000,109910,52566,0.365048001144053,800,73,1050000,1150684.93150685,12.580559139533,TRUE,NA
"Beta right-high",10,304123,181,333,1050000,106813,52680,0.314229801295286,333,42,1050000,832500,16.6405959934941,TRUE,NA
"Beta right-high",10,304123,181,800,1050000,106813,52680,0.370553961688316,800,87,1050000,965517.24137931,11.671619237666,TRUE,NA
"Beta right-high",10,304123,182,333,1050000,105610,52476,0.311480164197337,333,41,1050000,852804.87804878,16.8141796097176,TRUE,NA
"Beta right-high",10,304123,182,800,1050000,105610,52476,0.371321201954196,800,100,1050000,840000,11.0129091022047,TRUE,NA
"Beta right-high",10,304123,183,333,1050000,104780,52490,0.309794833907721,333,49,1050000,713571.428571429,15.5851156420642,TRUE,NA
"Beta right-high",10,304123,183,800,1050000,104780,52490,0.369135251467964,800,83,1050000,1012048.19277108,11.9065567904524,TRUE,NA
"Beta right-high",10,304123,184,333,1050000,112525,52898,0.307270129035156,333,31,1050000,1127903.22580645,19.0103877415676,TRUE,NA
"Beta right-high",10,304123,184,800,1050000,112525,52898,0.369662096116974,800,90,1050000,933333.333333333,11.5063147012645,TRUE,NA
"Beta right-high",10,304123,185,333,1050000,102346,52647,0.303843077984268,333,37,1050000,945000,17.5807982524607,TRUE,NA
"Beta right-high",10,304123,185,800,1050000,102346,52647,0.367164570727304,800,86,1050000,976744.186046512,11.7287355098862,TRUE,NA
"Beta right-high",10,304123,186,333,1050000,102117,52422,0.302348998929912,333,37,1050000,945000,17.5807982524607,TRUE,NA
"Beta right-high",10,304123,186,800,1050000,102117,52422,0.362682178060844,800,79,1050000,1063291.13924051,12.1600347604124,TRUE,NA
"Beta right-high",10,304123,187,333,1050000,106937,52707,0.303690903907891,333,30,1050000,1165500,19.2911256866153,TRUE,NA
"Beta right-high",10,304123,187,800,1050000,106937,52707,0.369157683309091,800,82,1050000,1024390.24390244,11.9680986963519,TRUE,NA
"Beta right-high",10,304123,188,333,1050000,104301,52389,0.312403610266818,333,29,1050000,1205689.65517241,19.5867757206323,TRUE,NA
"Beta right-high",10,304123,188,800,1050000,104301,52389,0.371169947936829,800,74,1050000,1135135.13513514,12.5067702476922,TRUE,NA
"Beta right-high",10,304123,189,333,1050000,102533,52650,0.303785833403304,333,26,1050000,1344807.69230769,20.5774046356395,TRUE,NA
"Beta right-high",10,304123,189,800,1050000,102533,52650,0.367715847508501,800,65,1050000,1292307.69230769,13.2336812996074,TRUE,NA
"Beta right-high",10,304123,190,333,1050000,104206,52514,0.310487127725549,333,32,1050000,1092656.25,18.7433774150619,TRUE,NA
"Beta right-high",10,304123,190,800,1050000,104206,52514,0.369530381819939,800,76,1050000,1105263.15789474,12.3637823606631,TRUE,NA
"Beta right-high",10,304123,191,333,1050000,107830,52659,0.297569051345604,333,33,1050000,1059545.45454545,18.489037291156,TRUE,NA
"Beta right-high",10,304123,191,800,1050000,107830,52659,0.368026208934564,800,85,1050000,988235.294117647,11.7869090824081,TRUE,NA
"Beta right-high",10,304123,192,333,1050000,102028,53196,0.309512013783382,333,25,1050000,1398600,20.9478924219945,TRUE,NA
"Beta right-high",10,304123,192,800,1050000,102028,53196,0.369946713044052,800,65,1050000,1292307.69230769,13.2336812996074,TRUE,NA
"Beta right-high",10,304123,193,333,1050000,112952,52777,0.308227098328957,333,32,1050000,1092656.25,18.7433774150619,TRUE,NA
"Beta right-high",10,304123,193,800,1050000,112952,52777,0.367884369349762,800,91,1050000,923076.923076923,11.4531339284728,TRUE,NA
"Beta right-high",10,304123,194,333,1050000,103236,52803,0.306992550105401,333,35,1050000,999000,18.0146740919102,TRUE,NA
"Beta right-high",10,304123,194,800,1050000,103236,52803,0.367383878926283,800,81,1050000,1037037.03703704,12.030833596093,TRUE,NA
"Beta right-high",10,304123,195,333,1050000,109887,52553,0.300254806068931,333,26,1050000,1344807.69230769,20.5774046356395,TRUE,NA
"Beta right-high",10,304123,195,800,1050000,109887,52553,0.366452283129562,800,72,1050000,1166666.66666667,12.6559494223987,TRUE,NA
"Beta right-high",10,304123,196,333,1050000,112587,52858,0.300615346296076,333,38,1050000,920131.578947368,17.3773442061869,TRUE,NA
"Beta right-high",10,304123,196,800,1050000,112587,52858,0.3658259323799,800,92,1050000,913043.47826087,11.4008692242012,TRUE,NA
"Beta right-high",10,304123,197,333,1050000,100067,52583,0.306875851875769,333,30,1050000,1165500,19.2911256866153,TRUE,NA
"Beta right-high",10,304123,197,800,1050000,100067,52583,0.369356259878855,800,85,1050000,988235.294117647,11.7869090824081,TRUE,NA
"Beta right-high",10,304123,198,333,1050000,101302,52480,0.309687419483051,333,31,1050000,1127903.22580645,19.0103877415676,TRUE,NA
"Beta right-high",10,304123,198,800,1050000,101302,52480,0.370851216691276,800,79,1050000,1063291.13924051,12.1600347604124,TRUE,NA
"Beta right-high",10,304123,199,333,1050000,101636,52448,0.308973125106187,333,44,1050000,794659.090909091,16.312171044842,TRUE,NA
"Beta right-high",10,304123,199,800,1050000,101636,52448,0.370423700066515,800,100,1050000,840000,11.0129091022047,TRUE,NA
"Beta right-high",10,304123,200,333,1050000,103208,52373,0.300900218213273,333,28,1050000,1248750,19.8986696556908,TRUE,NA
"Beta right-high",10,304123,200,800,1050000,103208,52373,0.362906792381166,800,77,1050000,1090909.09090909,12.2944823707041,TRUE,NA
"Beta right-high",10,304123,201,333,1050000,106751,52785,0.303568674920165,333,32,1050000,1092656.25,18.7433774150619,TRUE,NA
"Beta right-high",10,304123,201,800,1050000,106751,52785,0.366957201979929,800,91,1050000,923076.923076923,11.4531339284728,TRUE,NA
"Beta right-high",10,304123,202,333,1050000,103933,52598,0.312927298322886,333,36,1050000,971250,17.793031633233,TRUE,NA
"Beta right-high",10,304123,202,800,1050000,103933,52598,0.373024544675396,800,72,1050000,1166666.66666667,12.6559494223987,TRUE,NA
"Beta right-high",10,304123,203,333,1050000,106116,52794,0.307942699987112,333,26,1050000,1344807.69230769,20.5774046356395,TRUE,NA
"Beta right-high",10,304123,203,800,1050000,106116,52794,0.370238853616368,800,70,1050000,1200000,12.8117645057411,TRUE,NA
"Beta right-high",10,304123,204,333,1050000,105059,52229,0.302906787623517,333,23,1050000,1520217.39130435,21.7622794214923,TRUE,NA
"Beta right-high",10,304123,204,800,1050000,105059,52229,0.364232259504983,800,63,1050000,1333333.33333333,13.4169417388458,TRUE,NA
"Beta right-high",10,304123,205,333,1050000,106912,52049,0.303616116140934,333,37,1050000,945000,17.5807982524607,TRUE,NA
"Beta right-high",10,304123,205,800,1050000,106912,52049,0.366504909000905,800,80,1050000,1050000,12.0947991671389,TRUE,NA
"Beta right-high",10,304123,206,333,1050000,103818,52492,0.311114668681988,333,38,1050000,920131.578947368,17.3773442061869,TRUE,NA
"Beta right-high",10,304123,206,800,1050000,103818,52492,0.371672584224107,800,87,1050000,965517.24137931,11.671619237666,TRUE,NA
"Beta right-high",10,304123,207,333,1050000,100811,52461,0.305130383396248,333,31,1050000,1127903.22580645,19.0103877415676,TRUE,NA
"Beta right-high",10,304123,207,800,1050000,100811,52461,0.365224172372251,800,64,1050000,1312500,13.3241947934359,TRUE,NA
"Beta right-high",10,304123,208,333,1050000,103223,52760,0.30271419322421,333,40,1050000,874125,16.9945343249956,TRUE,NA
"Beta right-high",10,304123,208,800,1050000,103223,52760,0.364892152894869,800,77,1050000,1090909.09090909,12.2944823707041,TRUE,NA
"Beta right-high",10,304123,209,333,1050000,107662,52273,0.301727574765867,333,33,1050000,1059545.45454545,18.489037291156,TRUE,NA
"Beta right-high",10,304123,209,800,1050000,107662,52273,0.363566425479298,800,81,1050000,1037037.03703704,12.030833596093,TRUE,NA
"Beta right-high",10,304123,210,333,1050000,103644,52570,0.303320438972423,333,33,1050000,1059545.45454545,18.489037291156,TRUE,NA
"Beta right-high",10,304123,210,800,1050000,103644,52570,0.366281961647733,800,73,1050000,1150684.93150685,12.580559139533,TRUE,NA
"Beta right-high",10,304123,211,333,1050000,107749,51969,0.308976064183017,333,34,1050000,1028382.35294118,18.2464200319481,TRUE,NA
"Beta right-high",10,304123,211,800,1050000,107749,51969,0.371201801546761,800,85,1050000,988235.294117647,11.7869090824081,TRUE,NA
"Beta right-high",10,304123,212,333,1050000,96820,52559,0.305355095236332,333,34,1050000,1028382.35294118,18.2464200319481,TRUE,NA
"Beta right-high",10,304123,212,800,1050000,96820,52559,0.366637446342668,800,70,1050000,1200000,12.8117645057411,TRUE,NA
"Beta right-high",10,304123,213,333,1050000,106971,52219,0.311992010204349,333,38,1050000,920131.578947368,17.3773442061869,TRUE,NA
"Beta right-high",10,304123,213,800,1050000,106971,52219,0.370271661491032,800,84,1050000,1e+06,11.8461717842113,TRUE,NA
"Beta right-high",10,304123,214,333,1050000,106151,52385,0.307919802237826,333,38,1050000,920131.578947368,17.3773442061869,TRUE,NA
"Beta right-high",10,304123,214,800,1050000,106151,52385,0.36816430147804,800,80,1050000,1050000,12.0947991671389,TRUE,NA
"Beta right-high",10,304123,215,333,1050000,106822,52798,0.306400936018262,333,27,1050000,1295000,20.2283110341379,TRUE,NA
"Beta right-high",10,304123,215,800,1050000,106822,52798,0.369314866875654,800,67,1050000,1253731.34328358,13.0590159750537,TRUE,NA
"Beta right-high",10,304123,216,333,1050000,107357,52410,0.308915004036354,333,30,1050000,1165500,19.2911256866153,TRUE,NA
"Beta right-high",10,304123,216,800,1050000,107357,52410,0.372355556189476,800,76,1050000,1105263.15789474,12.3637823606631,TRUE,NA
"Beta right-high",10,304123,217,333,1050000,102442,52201,0.30753152654764,333,39,1050000,896538.461538462,17.1820968840741,TRUE,NA
"Beta right-high",10,304123,217,800,1050000,102442,52201,0.371755590219406,800,95,1050000,884210.526315789,11.249325525922,TRUE,NA
"Beta right-high",10,304123,218,333,1050000,105046,52375,0.306395796254119,333,29,1050000,1205689.65517241,19.5867757206323,TRUE,NA
"Beta right-high",10,304123,218,800,1050000,105046,52375,0.367587430161781,800,81,1050000,1037037.03703704,12.030833596093,TRUE,NA
"Beta right-high",10,304123,219,333,1050000,109220,52764,0.305330509932832,333,43,1050000,813139.534883721,16.4733826659353,TRUE,NA
"Beta right-high",10,304123,219,800,1050000,109220,52764,0.370741674733385,800,105,1050000,8e+05,10.7945477965276,TRUE,NA
"Beta right-high",10,304123,220,333,1050000,104362,52563,0.313233210362485,333,36,1050000,971250,17.793031633233,TRUE,NA
"Beta right-high",10,304123,220,800,1050000,104362,52563,0.369286552548744,800,83,1050000,1012048.19277108,11.9065567904524,TRUE,NA
"Beta right-high",10,304123,221,333,1050000,106904,52247,0.311793038439619,333,32,1050000,1092656.25,18.7433774150619,TRUE,NA
"Beta right-high",10,304123,221,800,1050000,106904,52247,0.371539262806747,800,91,1050000,923076.923076923,11.4531339284728,TRUE,NA
"Beta right-high",10,304123,222,333,1050000,102624,52387,0.305581670904911,333,37,1050000,945000,17.5807982524607,TRUE,NA
"Beta right-high",10,304123,222,800,1050000,102624,52387,0.36623345545921,800,85,1050000,988235.294117647,11.7869090824081,TRUE,NA
"Beta right-high",10,304123,223,333,1050000,107356,52091,0.308392137421197,333,41,1050000,852804.87804878,16.8141796097176,TRUE,NA
"Beta right-high",10,304123,223,800,1050000,107356,52091,0.368317724149219,800,87,1050000,965517.24137931,11.671619237666,TRUE,NA
"Beta right-high",10,304123,224,333,1050000,111819,52604,0.304208540042363,333,28,1050000,1248750,19.8986696556908,TRUE,NA
"Beta right-high",10,304123,224,800,1050000,111819,52604,0.366516793854712,800,75,1050000,1120000,12.4345285486325,TRUE,NA
"Beta right-high",10,304123,225,333,1050000,104708,52559,0.308086478908934,333,29,1050000,1205689.65517241,19.5867757206323,TRUE,NA
"Beta right-high",10,304123,225,800,1050000,104708,52559,0.367852917018301,800,74,1050000,1135135.13513514,12.5067702476922,TRUE,NA
"Beta right-high",10,304123,226,333,1050000,107151,52370,0.307624577467455,333,33,1050000,1059545.45454545,18.489037291156,TRUE,NA
"Beta right-high",10,304123,226,800,1050000,107151,52370,0.368763611847907,800,72,1050000,1166666.66666667,12.6559494223987,TRUE,NA
"Beta right-high",10,304123,227,333,1050000,110219,52401,0.302754580780605,333,26,1050000,1344807.69230769,20.5774046356395,TRUE,NA
"Beta right-high",10,304123,227,800,1050000,110219,52401,0.365787070557552,800,76,1050000,1105263.15789474,12.3637823606631,TRUE,NA
"Beta right-high",10,304123,228,333,1050000,104605,52726,0.311906028712024,333,32,1050000,1092656.25,18.7433774150619,TRUE,NA
"Beta right-high",10,304123,228,800,1050000,104605,52726,0.372600863290934,800,84,1050000,1e+06,11.8461717842113,TRUE,NA
"Beta right-high",10,304123,229,333,1050000,101566,52569,0.302529926441655,333,27,1050000,1295000,20.2283110341379,TRUE,NA
"Beta right-high",10,304123,229,800,1050000,101566,52569,0.370640530127473,800,84,1050000,1e+06,11.8461717842113,TRUE,NA
"Beta right-high",10,304123,230,333,1050000,106424,52475,0.308694601350554,333,45,1050000,777000,16.1566215263488,TRUE,NA
"Beta right-high",10,304123,230,800,1050000,106424,52475,0.369809330289718,800,104,1050000,807692.307692308,10.8368820722231,TRUE,NA
"Beta right-high",10,304123,231,333,1050000,108634,52221,0.309684013230996,333,33,1050000,1059545.45454545,18.489037291156,TRUE,NA
"Beta right-high",10,304123,231,800,1050000,108634,52221,0.368961871326561,800,81,1050000,1037037.03703704,12.030833596093,TRUE,NA
"Beta right-high",10,304123,232,333,1050000,106740,52748,0.312054750524094,333,32,1050000,1092656.25,18.7433774150619,TRUE,NA
"Beta right-high",10,304123,232,800,1050000,106740,52748,0.371636962992415,800,79,1050000,1063291.13924051,12.1600347604124,TRUE,NA
"Beta right-high",10,304123,233,333,1050000,113161,52637,0.310450864323063,333,44,1050000,794659.090909091,16.312171044842,TRUE,NA
"Beta right-high",10,304123,233,800,1050000,113161,52637,0.37238760300846,800,91,1050000,923076.923076923,11.4531339284728,TRUE,NA
"Beta right-high",10,304123,234,333,1050000,107645,52525,0.307586496038715,333,33,1050000,1059545.45454545,18.489037291156,TRUE,NA
"Beta right-high",10,304123,234,800,1050000,107645,52525,0.36542534919218,800,65,1050000,1292307.69230769,13.2336812996074,TRUE,NA
"Beta right-high",10,304123,235,333,1050000,101729,52407,0.301525416528377,333,20,1050000,1748250,23.2123716350453,TRUE,NA
"Beta right-high",10,304123,235,800,1050000,101729,52407,0.365218259982287,800,58,1050000,1448275.86206897,13.9175414494397,TRUE,NA
"Beta right-high",10,304123,236,333,1050000,101809,52725,0.304340347333061,333,36,1050000,971250,17.793031633233,TRUE,NA
"Beta right-high",10,304123,236,800,1050000,101809,52725,0.36377349492577,800,73,1050000,1150684.93150685,12.580559139533,TRUE,NA
"Beta right-high",10,304123,237,333,1050000,108510,52647,0.302728193567706,333,31,1050000,1127903.22580645,19.0103877415676,TRUE,NA
"Beta right-high",10,304123,237,800,1050000,108510,52647,0.368242262860012,800,76,1050000,1105263.15789474,12.3637823606631,TRUE,NA
"Beta right-high",10,304123,238,333,1050000,101504,52765,0.302837412430268,333,34,1050000,1028382.35294118,18.2464200319481,TRUE,NA
"Beta right-high",10,304123,238,800,1050000,101504,52765,0.366718205055024,800,82,1050000,1024390.24390244,11.9680986963519,TRUE,NA
"Beta right-high",10,304123,239,333,1050000,104667,52155,0.308747213794767,333,35,1050000,999000,18.0146740919102,TRUE,NA
"Beta right-high",10,304123,239,800,1050000,104667,52155,0.366936674123288,800,70,1050000,1200000,12.8117645057411,TRUE,NA
"Beta right-high",10,304123,240,333,1050000,101642,52654,0.305811741326297,333,37,1050000,945000,17.5807982524607,TRUE,NA
"Beta right-high",10,304123,240,800,1050000,101642,52654,0.365909654956546,800,72,1050000,1166666.66666667,12.6559494223987,TRUE,NA
"Beta right-high",10,304123,241,333,1050000,108505,52750,0.307263011376413,333,28,1050000,1248750,19.8986696556908,TRUE,NA
"Beta right-high",10,304123,241,800,1050000,108505,52750,0.371878607780543,800,87,1050000,965517.24137931,11.671619237666,TRUE,NA
"Beta right-high",10,304123,242,333,1050000,104507,52609,0.306209691656482,333,36,1050000,971250,17.793031633233,TRUE,NA
"Beta right-high",10,304123,242,800,1050000,104507,52609,0.366350282408942,800,80,1050000,1050000,12.0947991671389,TRUE,NA
"Beta right-high",10,304123,243,333,1050000,106319,52361,0.30796892997072,333,39,1050000,896538.461538462,17.1820968840741,TRUE,NA
"Beta right-high",10,304123,243,800,1050000,106319,52361,0.368270998084834,800,91,1050000,923076.923076923,11.4531339284728,TRUE,NA
"Beta right-high",10,304123,244,333,1050000,106542,52619,0.301122956211572,333,34,1050000,1028382.35294118,18.2464200319481,TRUE,NA
"Beta right-high",10,304123,244,800,1050000,106542,52619,0.363482684747752,800,80,1050000,1050000,12.0947991671389,TRUE,NA
"Beta right-high",10,304123,245,333,1050000,103776,52356,0.307763287764922,333,48,1050000,728437.5,15.7209265075818,TRUE,NA
"Beta right-high",10,304123,245,800,1050000,103776,52356,0.365868356776596,800,81,1050000,1037037.03703704,12.030833596093,TRUE,NA
"Beta right-high",10,304123,246,333,1050000,110827,52261,0.305837841205685,333,32,1050000,1092656.25,18.7433774150619,TRUE,NA
"Beta right-high",10,304123,246,800,1050000,110827,52261,0.368722148433789,800,77,1050000,1090909.09090909,12.2944823707041,TRUE,NA
"Beta right-high",10,304123,247,333,1050000,102734,52435,0.303701087471265,333,33,1050000,1059545.45454545,18.489037291156,TRUE,NA
"Beta right-high",10,304123,247,800,1050000,102734,52435,0.368591004839917,800,88,1050000,954545.454545455,11.6155297136974,TRUE,NA
"Beta right-high",10,304123,248,333,1050000,105605,52696,0.30945404450821,333,30,1050000,1165500,19.2911256866153,TRUE,NA
"Beta right-high",10,304123,248,800,1050000,105605,52696,0.370762317168835,800,81,1050000,1037037.03703704,12.030833596093,TRUE,NA
"Beta right-high",10,304123,249,333,1050000,104437,52731,0.305131484824992,333,20,1050000,1748250,23.2123716350453,TRUE,NA
"Beta right-high",10,304123,249,800,1050000,104437,52731,0.366964485624048,800,69,1050000,1217391.30434783,12.8923117835906,TRUE,NA
"Beta right-high",10,304123,250,333,1050000,103676,52675,0.304047486057791,333,37,1050000,945000,17.5807982524607,TRUE,NA
"Beta right-high",10,304123,250,800,1050000,103676,52675,0.366669693486341,800,83,1050000,1012048.19277108,11.9065567904524,TRUE,NA
"Beta right-high",10,304123,251,333,1050000,103892,52371,0.298600080196143,333,32,1050000,1092656.25,18.7433774150619,TRUE,NA
"Beta right-high",10,304123,251,800,1050000,103892,52371,0.364656502549906,800,65,1050000,1292307.69230769,13.2336812996074,TRUE,NA
"Beta right-high",10,304123,252,333,1050000,106657,52382,0.310641262910551,333,36,1050000,971250,17.793031633233,TRUE,NA
"Beta right-high",10,304123,252,800,1050000,106657,52382,0.370209490873643,800,77,1050000,1090909.09090909,12.2944823707041,TRUE,NA
"Beta right-high",10,304123,253,333,1050000,100229,52570,0.30297340236912,333,27,1050000,1295000,20.2283110341379,TRUE,NA
"Beta right-high",10,304123,253,800,1050000,100229,52570,0.367770036661161,800,58,1050000,1448275.86206897,13.9175414494397,TRUE,NA
"Beta right-high",10,304123,254,333,1050000,106569,52363,0.31545699278672,333,37,1050000,945000,17.5807982524607,TRUE,NA
"Beta right-high",10,304123,254,800,1050000,106569,52363,0.37014108244596,800,74,1050000,1135135.13513514,12.5067702476922,TRUE,NA
"Beta right-high",10,304123,255,333,1050000,106376,52412,0.307255980102816,333,33,1050000,1059545.45454545,18.489037291156,TRUE,NA
"Beta right-high",10,304123,255,800,1050000,106376,52412,0.369736156477976,800,86,1050000,976744.186046512,11.7287355098862,TRUE,NA
"Beta right-high",10,304123,256,333,1050000,107140,52187,0.305436706489957,333,40,1050000,874125,16.9945343249956,TRUE,NA
"Beta right-high",10,304123,256,800,1050000,107140,52187,0.368849603620898,800,98,1050000,857142.857142857,11.1051782164878,TRUE,NA
"Beta right-high",10,304123,257,333,1050000,106838,52794,0.309083575776868,333,30,1050000,1165500,19.2911256866153,TRUE,NA
"Beta right-high",10,304123,257,800,1050000,106838,52794,0.369340144610444,800,76,1050000,1105263.15789474,12.3637823606631,TRUE,NA
"Beta right-high",10,304123,258,333,1050000,99379,52406,0.309705844191774,333,34,1050000,1028382.35294118,18.2464200319481,TRUE,NA
"Beta right-high",10,304123,258,800,1050000,99379,52406,0.369046564965112,800,76,1050000,1105263.15789474,12.3637823606631,TRUE,NA
"Beta right-high",10,304123,259,333,1050000,106772,52755,0.309647050373092,333,36,1050000,971250,17.793031633233,TRUE,NA
"Beta right-high",10,304123,259,800,1050000,106772,52755,0.370496299880899,800,87,1050000,965517.24137931,11.671619237666,TRUE,NA
"Beta right-high",10,304123,260,333,1050000,107328,52643,0.307724853864146,333,29,1050000,1205689.65517241,19.5867757206323,TRUE,NA
"Beta right-high",10,304123,260,800,1050000,107328,52643,0.369170420389572,800,78,1050000,1076923.07692308,12.226581496827,TRUE,NA
"Beta right-high",10,304123,261,333,1050000,103429,52900,0.299133780410776,333,27,1050000,1295000,20.2283110341379,TRUE,NA
"Beta right-high",10,304123,261,800,1050000,103429,52900,0.361518984399572,800,79,1050000,1063291.13924051,12.1600347604124,TRUE,NA
"Beta right-high",10,304123,262,333,1050000,103433,52567,0.31259600473086,333,33,1050000,1059545.45454545,18.489037291156,TRUE,NA
"Beta right-high",10,304123,262,800,1050000,103433,52567,0.371189892885531,800,90,1050000,933333.333333333,11.5063147012645,TRUE,NA
"Beta right-high",10,304123,263,333,1050000,103793,52680,0.31278663557202,333,45,1050000,777000,16.1566215263488,TRUE,NA
"Beta right-high",10,304123,263,800,1050000,103793,52680,0.369186466941965,800,93,1050000,903225.806451613,11.3494955224386,TRUE,NA
"Beta right-high",10,304123,264,333,1050000,107864,52270,0.312278701480165,333,46,1050000,760108.695652174,16.0064206264636,TRUE,NA
"Beta right-high",10,304123,264,800,1050000,107864,52270,0.369343263357557,800,87,1050000,965517.24137931,11.671619237666,TRUE,NA
"Beta right-high",10,304123,265,333,1050000,104514,52424,0.308862220129704,333,31,1050000,1127903.22580645,19.0103877415676,TRUE,NA
"Beta right-high",10,304123,265,800,1050000,104514,52424,0.368953408588514,800,76,1050000,1105263.15789474,12.3637823606631,TRUE,NA
"Beta right-high",10,304123,266,333,1050000,105049,52501,0.303923107958556,333,37,1050000,945000,17.5807982524607,TRUE,NA
"Beta right-high",10,304123,266,800,1050000,105049,52501,0.367910309734929,800,76,1050000,1105263.15789474,12.3637823606631,TRUE,NA
"Beta right-high",10,304123,267,333,1050000,107395,52529,0.305198676178933,333,32,1050000,1092656.25,18.7433774150619,TRUE,NA
"Beta right-high",10,304123,267,800,1050000,107395,52529,0.367432552978764,800,82,1050000,1024390.24390244,11.9680986963519,TRUE,NA
"Beta right-high",10,304123,268,333,1050000,103493,52334,0.301970673797807,333,28,1050000,1248750,19.8986696556908,TRUE,NA
"Beta right-high",10,304123,268,800,1050000,103493,52334,0.364871397902603,800,71,1050000,1183098.5915493,12.7329979704687,TRUE,NA
"Beta right-high",10,304123,269,333,1050000,102599,52686,0.31016090482287,333,37,1050000,945000,17.5807982524607,TRUE,NA
"Beta right-high",10,304123,269,800,1050000,102599,52686,0.370907426157933,800,83,1050000,1012048.19277108,11.9065567904524,TRUE,NA
"Beta right-high",10,304123,270,333,1050000,107628,52973,0.300523686313297,333,35,1050000,999000,18.0146740919102,TRUE,NA
"Beta right-high",10,304123,270,800,1050000,107628,52973,0.366103531890561,800,86,1050000,976744.186046512,11.7287355098862,TRUE,NA
"Beta right-high",10,304123,271,333,1050000,108138,52516,0.308753106780762,333,45,1050000,777000,16.1566215263488,TRUE,NA
"Beta right-high",10,304123,271,800,1050000,108138,52516,0.371559798217717,800,87,1050000,965517.24137931,11.671619237666,TRUE,NA
"Beta right-high",10,304123,272,333,1050000,102551,52372,0.305185386051867,333,29,1050000,1205689.65517241,19.5867757206323,TRUE,NA
"Beta right-high",10,304123,272,800,1050000,102551,52372,0.363082882248211,800,69,1050000,1217391.30434783,12.8923117835906,TRUE,NA
"Beta right-high",10,304123,273,333,1050000,107436,52967,0.302363619020362,333,33,1050000,1059545.45454545,18.489037291156,TRUE,NA
"Beta right-high",10,304123,273,800,1050000,107436,52967,0.366225383036586,800,77,1050000,1090909.09090909,12.2944823707041,TRUE,NA
"Beta right-high",10,304123,274,333,1050000,107257,52734,0.306641864512286,333,41,1050000,852804.87804878,16.8141796097176,TRUE,NA
"Beta right-high",10,304123,274,800,1050000,107257,52734,0.368628768892405,800,79,1050000,1063291.13924051,12.1600347604124,TRUE,NA
"Beta right-high",10,304123,275,333,1050000,108299,52525,0.307592753073526,333,26,1050000,1344807.69230769,20.5774046356395,TRUE,NA
"Beta right-high",10,304123,275,800,1050000,108299,52525,0.36512982677491,800,72,1050000,1166666.66666667,12.6559494223987,TRUE,NA
"Beta right-high",10,304123,276,333,1050000,104011,52585,0.303965751448357,333,30,1050000,1165500,19.2911256866153,TRUE,NA
"Beta right-high",10,304123,276,800,1050000,104011,52585,0.367224259795186,800,77,1050000,1090909.09090909,12.2944823707041,TRUE,NA
"Beta right-high",10,304123,277,333,1050000,105311,52503,0.303562922132436,333,42,1050000,832500,16.6405959934941,TRUE,NA
"Beta right-high",10,304123,277,800,1050000,105311,52503,0.365769731310876,800,91,1050000,923076.923076923,11.4531339284728,TRUE,NA
"Beta right-high",10,304123,278,333,1050000,106540,52205,0.310811527751093,333,43,1050000,813139.534883721,16.4733826659353,TRUE,NA
"Beta right-high",10,304123,278,800,1050000,106540,52205,0.370139416496733,800,105,1050000,8e+05,10.7945477965276,TRUE,NA
"Beta right-high",10,304123,279,333,1050000,108086,52257,0.309346708097309,333,34,1050000,1028382.35294118,18.2464200319481,TRUE,NA
"Beta right-high",10,304123,279,800,1050000,108086,52257,0.37340966813434,800,85,1050000,988235.294117647,11.7869090824081,TRUE,NA
"Beta right-high",10,304123,280,333,1050000,100853,52478,0.304927475898567,333,35,1050000,999000,18.0146740919102,TRUE,NA
"Beta right-high",10,304123,280,800,1050000,100853,52478,0.368809055695302,800,104,1050000,807692.307692308,10.8368820722231,TRUE,NA
"Beta right-high",10,304123,281,333,1050000,98915,52682,0.310430327115166,333,27,1050000,1295000,20.2283110341379,TRUE,NA
"Beta right-high",10,304123,281,800,1050000,98915,52682,0.368361767484623,800,75,1050000,1120000,12.4345285486325,TRUE,NA
"Beta right-high",10,304123,282,333,1050000,100444,52355,0.312058529435738,333,24,1050000,1456875,21.341997647599,TRUE,NA
"Beta right-high",10,304123,282,800,1050000,100444,52355,0.369424988905457,800,54,1050000,1555555.55555556,14.3690414460607,TRUE,NA
"Beta right-high",10,304123,283,333,1050000,103726,52916,0.3094482269182,333,32,1050000,1092656.25,18.7433774150619,TRUE,NA
"Beta right-high",10,304123,283,800,1050000,103726,52916,0.367914011979017,800,78,1050000,1076923.07692308,12.226581496827,TRUE,NA
"Beta right-high",10,304123,284,333,1050000,102074,52521,0.303374747941353,333,29,1050000,1205689.65517241,19.5867757206323,TRUE,NA
"Beta right-high",10,304123,284,800,1050000,102074,52521,0.365772982018782,800,65,1050000,1292307.69230769,13.2336812996074,TRUE,NA
"Beta right-high",10,304123,285,333,1050000,99730,52353,0.311590138910729,333,39,1050000,896538.461538462,17.1820968840741,TRUE,NA
"Beta right-high",10,304123,285,800,1050000,99730,52353,0.373976594349394,800,77,1050000,1090909.09090909,12.2944823707041,TRUE,NA
"Beta right-high",10,304123,286,333,1050000,108401,52726,0.30822156556473,333,38,1050000,920131.578947368,17.3773442061869,TRUE,NA
"Beta right-high",10,304123,286,800,1050000,108401,52726,0.367598920742388,800,76,1050000,1105263.15789474,12.3637823606631,TRUE,NA
"Beta right-high",10,304123,287,333,1050000,106395,52506,0.303650289070653,333,34,1050000,1028382.35294118,18.2464200319481,TRUE,NA
"Beta right-high",10,304123,287,800,1050000,106395,52506,0.366404217187596,800,76,1050000,1105263.15789474,12.3637823606631,TRUE,NA
"Beta right-high",10,304123,288,333,1050000,103828,52376,0.304306989134284,333,36,1050000,971250,17.793031633233,TRUE,NA
"Beta right-high",10,304123,288,800,1050000,103828,52376,0.367115381927731,800,83,1050000,1012048.19277108,11.9065567904524,TRUE,NA
"Beta right-high",10,304123,289,333,1050000,104669,52551,0.305548010137012,333,29,1050000,1205689.65517241,19.5867757206323,TRUE,NA
"Beta right-high",10,304123,289,800,1050000,104669,52551,0.367235103001461,800,70,1050000,1200000,12.8117645057411,TRUE,NA
"Beta right-high",10,304123,290,333,1050000,101659,52501,0.309248654985472,333,35,1050000,999000,18.0146740919102,TRUE,NA
"Beta right-high",10,304123,290,800,1050000,101659,52501,0.370524607397963,800,87,1050000,965517.24137931,11.671619237666,TRUE,NA
"Beta right-high",10,304123,291,333,1050000,103615,52528,0.305433603452974,333,37,1050000,945000,17.5807982524607,TRUE,NA
"Beta right-high",10,304123,291,800,1050000,103615,52528,0.366574430212167,800,75,1050000,1120000,12.4345285486325,TRUE,NA
"Beta right-high",10,304123,292,333,1050000,106317,52836,0.306851346984479,333,35,1050000,999000,18.0146740919102,TRUE,NA
"Beta right-high",10,304123,292,800,1050000,106317,52836,0.366680495745391,800,82,1050000,1024390.24390244,11.9680986963519,TRUE,NA
"Beta right-high",10,304123,293,333,1050000,103765,52881,0.305569127921799,333,33,1050000,1059545.45454545,18.489037291156,TRUE,NA
"Beta right-high",10,304123,293,800,1050000,103765,52881,0.36702055233564,800,85,1050000,988235.294117647,11.7869090824081,TRUE,NA
"Beta right-high",10,304123,294,333,1050000,102550,52726,0.312529546094728,333,32,1050000,1092656.25,18.7433774150619,TRUE,NA
"Beta right-high",10,304123,294,800,1050000,102550,52726,0.369744156039505,800,76,1050000,1105263.15789474,12.3637823606631,TRUE,NA
"Beta right-high",10,304123,295,333,1050000,107638,52484,0.311926414232162,333,37,1050000,945000,17.5807982524607,TRUE,NA
"Beta right-high",10,304123,295,800,1050000,107638,52484,0.373438128567004,800,97,1050000,865979.381443299,11.1524414546134,TRUE,NA
"Beta right-high",10,304123,296,333,1050000,104143,52416,0.307184272406525,333,26,1050000,1344807.69230769,20.5774046356395,TRUE,NA
"Beta right-high",10,304123,296,800,1050000,104143,52416,0.366136222548116,800,68,1050000,1235294.11764706,12.9747057933055,TRUE,NA
"Beta right-high",10,304123,297,333,1050000,108961,52356,0.310903485810643,333,32,1050000,1092656.25,18.7433774150619,TRUE,NA
"Beta right-high",10,304123,297,800,1050000,108961,52356,0.369019093305473,800,98,1050000,857142.857142857,11.1051782164878,TRUE,NA
"Beta right-high",10,304123,298,333,1050000,103085,52425,0.308624260729672,333,28,1050000,1248750,19.8986696556908,TRUE,NA
"Beta right-high",10,304123,298,800,1050000,103085,52425,0.367504603827788,800,60,1050000,1400000,13.7095161679795,TRUE,NA
"Beta right-high",10,304123,299,333,1050000,105551,52606,0.306475823578681,333,28,1050000,1248750,19.8986696556908,TRUE,NA
"Beta right-high",10,304123,299,800,1050000,105551,52606,0.365185460543651,800,78,1050000,1076923.07692308,12.226581496827,TRUE,NA
"Beta right-high",10,304123,300,333,1050000,110786,52463,0.312228136885675,333,33,1050000,1059545.45454545,18.489037291156,TRUE,NA
"Beta right-high",10,304123,300,800,1050000,110786,52463,0.367814098191838,800,65,1050000,1292307.69230769,13.2336812996074,TRUE,NA
"Beta right-high",10,304123,301,333,1050000,111483,52321,0.308609587016338,333,37,1050000,945000,17.5807982524607,TRUE,NA
"Beta right-high",10,304123,301,800,1050000,111483,52321,0.36758746632571,800,70,1050000,1200000,12.8117645057411,TRUE,NA
"Beta right-high",10,304123,302,333,1050000,106793,52322,0.306054857896489,333,31,1050000,1127903.22580645,19.0103877415676,TRUE,NA
"Beta right-high",10,304123,302,800,1050000,106793,52322,0.366467539627343,800,84,1050000,1e+06,11.8461717842113,TRUE,NA
"Beta right-high",10,304123,303,333,1050000,107978,52356,0.307019268702432,333,23,1050000,1520217.39130435,21.7622794214923,TRUE,NA
"Beta right-high",10,304123,303,800,1050000,107978,52356,0.365565251551172,800,75,1050000,1120000,12.4345285486325,TRUE,NA
"Beta right-high",10,304123,304,333,1050000,104783,52781,0.30700541158261,333,35,1050000,999000,18.0146740919102,TRUE,NA
"Beta right-high",10,304123,304,800,1050000,104783,52781,0.367609316181844,800,84,1050000,1e+06,11.8461717842113,TRUE,NA
"Beta right-high",10,304123,305,333,1050000,105969,52591,0.301119951942916,333,26,1050000,1344807.69230769,20.5774046356395,TRUE,NA
"Beta right-high",10,304123,305,800,1050000,105969,52591,0.366024110057188,800,86,1050000,976744.186046512,11.7287355098862,TRUE,NA
"Beta right-high",10,304123,306,333,1050000,104369,52451,0.301209106937033,333,30,1050000,1165500,19.2911256866153,TRUE,NA
"Beta right-high",10,304123,306,800,1050000,104369,52451,0.369034102443699,800,85,1050000,988235.294117647,11.7869090824081,TRUE,NA
"Beta right-high",10,304123,307,333,1050000,103435,52237,0.305900334641965,333,20,1050000,1748250,23.2123716350453,TRUE,NA
"Beta right-high",10,304123,307,800,1050000,103435,52237,0.368807669296151,800,77,1050000,1090909.09090909,12.2944823707041,TRUE,NA
"Beta right-high",10,304123,308,333,1050000,106879,52913,0.30840827978059,333,38,1050000,920131.578947368,17.3773442061869,TRUE,NA
"Beta right-high",10,304123,308,800,1050000,106879,52913,0.365207988831319,800,73,1050000,1150684.93150685,12.580559139533,TRUE,NA
"Beta right-high",10,304123,309,333,1050000,104242,52680,0.308439601768655,333,28,1050000,1248750,19.8986696556908,TRUE,NA
"Beta right-high",10,304123,309,800,1050000,104242,52680,0.364952997613097,800,59,1050000,1423728.81355932,13.812157409947,TRUE,NA
"Beta right-high",10,304123,310,333,1050000,105724,52629,0.307632955314778,333,29,1050000,1205689.65517241,19.5867757206323,TRUE,NA
"Beta right-high",10,304123,310,800,1050000,105724,52629,0.371932214108896,800,83,1050000,1012048.19277108,11.9065567904524,TRUE,NA
"Beta right-high",10,304123,311,333,1050000,107926,52394,0.306026996938432,333,35,1050000,999000,18.0146740919102,TRUE,NA
"Beta right-high",10,304123,311,800,1050000,107926,52394,0.367148140980503,800,85,1050000,988235.294117647,11.7869090824081,TRUE,NA
"Beta right-high",10,304123,312,333,1050000,108091,52942,0.307749837754415,333,38,1050000,920131.578947368,17.3773442061869,TRUE,NA
"Beta right-high",10,304123,312,800,1050000,108091,52942,0.367019517891541,800,91,1050000,923076.923076923,11.4531339284728,TRUE,NA
"Beta right-high",10,304123,313,333,1050000,102957,52666,0.305383823207051,333,47,1050000,743936.170212766,15.8612784595146,TRUE,NA
"Beta right-high",10,304123,313,800,1050000,102957,52666,0.367845543795497,800,85,1050000,988235.294117647,11.7869090824081,TRUE,NA
"Beta right-high",10,304123,314,333,1050000,106255,52554,0.303587984219277,333,39,1050000,896538.461538462,17.1820968840741,TRUE,NA
"Beta right-high",10,304123,314,800,1050000,106255,52554,0.365999797454424,800,88,1050000,954545.454545455,11.6155297136974,TRUE,NA
"Beta right-high",10,304123,315,333,1050000,114968,52361,0.302353138741437,333,42,1050000,832500,16.6405959934941,TRUE,NA
"Beta right-high",10,304123,315,800,1050000,114968,52361,0.367079498593201,800,84,1050000,1e+06,11.8461717842113,TRUE,NA
"Beta right-high",10,304123,316,333,1050000,103357,52297,0.310108574484833,333,23,1050000,1520217.39130435,21.7622794214923,TRUE,NA
"Beta right-high",10,304123,316,800,1050000,103357,52297,0.369829975045039,800,72,1050000,1166666.66666667,12.6559494223987,TRUE,NA
"Beta right-high",10,304123,317,333,1050000,104163,52091,0.310909706449628,333,34,1050000,1028382.35294118,18.2464200319481,TRUE,NA
"Beta right-high",10,304123,317,800,1050000,104163,52091,0.367988143449799,800,74,1050000,1135135.13513514,12.5067702476922,TRUE,NA
"Beta right-high",10,304123,318,333,1050000,105277,52341,0.3031497958928,333,29,1050000,1205689.65517241,19.5867757206323,TRUE,NA
"Beta right-high",10,304123,318,800,1050000,105277,52341,0.3624992428549,800,67,1050000,1253731.34328358,13.0590159750537,TRUE,NA
"Beta right-high",10,304123,319,333,1050000,108130,52881,0.305984311413571,333,35,1050000,999000,18.0146740919102,TRUE,NA
"Beta right-high",10,304123,319,800,1050000,108130,52881,0.368479959649696,800,88,1050000,954545.454545455,11.6155297136974,TRUE,NA
"Beta right-high",10,304123,320,333,1050000,107248,52324,0.309014792198703,333,29,1050000,1205689.65517241,19.5867757206323,TRUE,NA
"Beta right-high",10,304123,320,800,1050000,107248,52324,0.370028470094066,800,74,1050000,1135135.13513514,12.5067702476922,TRUE,NA
"Beta right-high",10,304123,321,333,1050000,104110,52627,0.310149346441772,333,33,1050000,1059545.45454545,18.489037291156,TRUE,NA
"Beta right-high",10,304123,321,800,1050000,104110,52627,0.370844073192277,800,73,1050000,1150684.93150685,12.580559139533,TRUE,NA
"Beta right-high",10,304123,322,333,1050000,109486,52704,0.309646996195104,333,47,1050000,743936.170212766,15.8612784595146,TRUE,NA
"Beta right-high",10,304123,322,800,1050000,109486,52704,0.370450920692295,800,88,1050000,954545.454545455,11.6155297136974,TRUE,NA
"Beta right-high",10,304123,323,333,1050000,109167,51944,0.309077934686559,333,32,1050000,1092656.25,18.7433774150619,TRUE,NA
"Beta right-high",10,304123,323,800,1050000,109167,51944,0.365150922781386,800,78,1050000,1076923.07692308,12.226581496827,TRUE,NA
"Beta right-high",10,304123,324,333,1050000,107775,52394,0.308479131000406,333,33,1050000,1059545.45454545,18.489037291156,TRUE,NA
"Beta right-high",10,304123,324,800,1050000,107775,52394,0.368311703455172,800,75,1050000,1120000,12.4345285486325,TRUE,NA
"Beta right-high",10,304123,325,333,1050000,103934,52490,0.309356996279395,333,30,1050000,1165500,19.2911256866153,TRUE,NA
"Beta right-high",10,304123,325,800,1050000,103934,52490,0.369811994732116,800,78,1050000,1076923.07692308,12.226581496827,TRUE,NA
"Beta right-high",10,304123,326,333,1050000,100757,52821,0.310739683706036,333,19,1050000,1840263.15789474,23.7724627751762,TRUE,NA
"Beta right-high",10,304123,326,800,1050000,100757,52821,0.368369027399699,800,60,1050000,1400000,13.7095161679795,TRUE,NA
"Beta right-high",10,304123,327,333,1050000,108494,52823,0.304829947766146,333,28,1050000,1248750,19.8986696556908,TRUE,NA
"Beta right-high",10,304123,327,800,1050000,108494,52823,0.369732671358427,800,78,1050000,1076923.07692308,12.226581496827,TRUE,NA
"Beta right-high",10,304123,328,333,1050000,100206,52813,0.308930724949209,333,34,1050000,1028382.35294118,18.2464200319481,TRUE,NA
"Beta right-high",10,304123,328,800,1050000,100206,52813,0.368123205756287,800,73,1050000,1150684.93150685,12.580559139533,TRUE,NA
"Beta right-high",10,304123,329,333,1050000,101046,52169,0.301767849235648,333,28,1050000,1248750,19.8986696556908,TRUE,NA
"Beta right-high",10,304123,329,800,1050000,101046,52169,0.364404390149705,800,82,1050000,1024390.24390244,11.9680986963519,TRUE,NA
"Beta right-high",10,304123,330,333,1050000,103951,52309,0.306350249106165,333,33,1050000,1059545.45454545,18.489037291156,TRUE,NA
"Beta right-high",10,304123,330,800,1050000,103951,52309,0.368961025373333,800,81,1050000,1037037.03703704,12.030833596093,TRUE,NA
"Beta right-high",10,304123,331,333,1050000,106943,52838,0.308335000103673,333,31,1050000,1127903.22580645,19.0103877415676,TRUE,NA
"Beta right-high",10,304123,331,800,1050000,106943,52838,0.370270473504783,800,84,1050000,1e+06,11.8461717842113,TRUE,NA
"Beta right-high",10,304123,332,333,1050000,106544,52447,0.305091670231762,333,35,1050000,999000,18.0146740919102,TRUE,NA
"Beta right-high",10,304123,332,800,1050000,106544,52447,0.36894341957706,800,70,1050000,1200000,12.8117645057411,TRUE,NA
"Beta right-high",10,304123,333,333,1050000,104286,52175,0.310028536910893,333,39,1050000,896538.461538462,17.1820968840741,TRUE,NA
"Beta right-high",10,304123,333,800,1050000,104286,52175,0.369104755857139,800,85,1050000,988235.294117647,11.7869090824081,TRUE,NA
"Beta right-high",10,304123,334,333,1050000,102938,52577,0.311666238935762,333,36,1050000,971250,17.793031633233,TRUE,NA
"Beta right-high",10,304123,334,800,1050000,102938,52577,0.37131018705906,800,72,1050000,1166666.66666667,12.6559494223987,TRUE,NA
"Beta right-high",10,304123,335,333,1050000,106563,52932,0.309254229034817,333,39,1050000,896538.461538462,17.1820968840741,TRUE,NA
"Beta right-high",10,304123,335,800,1050000,106563,52932,0.365644434862206,800,87,1050000,965517.24137931,11.671619237666,TRUE,NA
"Beta right-high",10,304123,336,333,1050000,99234,52654,0.303756636491711,333,31,1050000,1127903.22580645,19.0103877415676,TRUE,NA
"Beta right-high",10,304123,336,800,1050000,99234,52654,0.363368699348162,800,76,1050000,1105263.15789474,12.3637823606631,TRUE,NA
"Beta right-high",10,304123,337,333,1050000,100882,52500,0.305197347984618,333,37,1050000,945000,17.5807982524607,TRUE,NA
"Beta right-high",10,304123,337,800,1050000,100882,52500,0.366604319934936,800,91,1050000,923076.923076923,11.4531339284728,TRUE,NA
"Beta right-high",10,304123,338,333,1050000,106773,52334,0.305053021490625,333,29,1050000,1205689.65517241,19.5867757206323,TRUE,NA
"Beta right-high",10,304123,338,800,1050000,106773,52334,0.368941590830039,800,93,1050000,903225.806451613,11.3494955224386,TRUE,NA
"Beta right-high",10,304123,339,333,1050000,107407,52693,0.307690940120259,333,36,1050000,971250,17.793031633233,TRUE,NA
"Beta right-high",10,304123,339,800,1050000,107407,52693,0.370313940707102,800,84,1050000,1e+06,11.8461717842113,TRUE,NA
"Beta right-high",10,304123,340,333,1050000,107332,52330,0.304881318974374,333,35,1050000,999000,18.0146740919102,TRUE,NA
"Beta right-high",10,304123,340,800,1050000,107332,52330,0.365882136554572,800,68,1050000,1235294.11764706,12.9747057933055,TRUE,NA
"Beta right-high",10,304123,341,333,1050000,104163,52455,0.310770118038619,333,27,1050000,1295000,20.2283110341379,TRUE,NA
"Beta right-high",10,304123,341,800,1050000,104163,52455,0.371616653382678,800,69,1050000,1217391.30434783,12.8923117835906,TRUE,NA
"Beta right-high",10,304123,342,333,1050000,102473,53014,0.303735764531671,333,36,1050000,971250,17.793031633233,TRUE,NA
"Beta right-high",10,304123,342,800,1050000,102473,53014,0.366198925361247,800,79,1050000,1063291.13924051,12.1600347604124,TRUE,NA
"Beta right-high",10,304123,343,333,1050000,105985,52459,0.306466090884864,333,31,1050000,1127903.22580645,19.0103877415676,TRUE,NA
"Beta right-high",10,304123,343,800,1050000,105985,52459,0.367509209934919,800,70,1050000,1200000,12.8117645057411,TRUE,NA
"Beta right-high",10,304123,344,333,1050000,101959,52614,0.304735350805805,333,32,1050000,1092656.25,18.7433774150619,TRUE,NA
"Beta right-high",10,304123,344,800,1050000,101959,52614,0.367674135471696,800,82,1050000,1024390.24390244,11.9680986963519,TRUE,NA
"Beta right-high",10,304123,345,333,1050000,104263,52709,0.305560765156206,333,34,1050000,1028382.35294118,18.2464200319481,TRUE,NA
"Beta right-high",10,304123,345,800,1050000,104263,52709,0.367308169211717,800,78,1050000,1076923.07692308,12.226581496827,TRUE,NA
"Beta right-high",10,304123,346,333,1050000,100634,52963,0.307556952509994,333,33,1050000,1059545.45454545,18.489037291156,TRUE,NA
"Beta right-high",10,304123,346,800,1050000,100634,52963,0.366219131088378,800,66,1050000,1272727.27272727,13.1453154548902,TRUE,NA
"Beta right-high",10,304123,347,333,1050000,110315,52354,0.303958498195972,333,31,1050000,1127903.22580645,19.0103877415676,TRUE,NA
"Beta right-high",10,304123,347,800,1050000,110315,52354,0.371096265724533,800,80,1050000,1050000,12.0947991671389,TRUE,NA
"Beta right-high",10,304123,348,333,1050000,106095,52483,0.313604590775699,333,40,1050000,874125,16.9945343249956,TRUE,NA
"Beta right-high",10,304123,348,800,1050000,106095,52483,0.371160358943713,800,83,1050000,1012048.19277108,11.9065567904524,TRUE,NA
"Beta right-high",10,304123,349,333,1050000,109108,52636,0.300869842166844,333,24,1050000,1456875,21.341997647599,TRUE,NA
"Beta right-high",10,304123,349,800,1050000,109108,52636,0.365061578703257,800,64,1050000,1312500,13.3241947934359,TRUE,NA
"Beta right-high",10,304123,350,333,1050000,106597,52757,0.306886472001656,333,38,1050000,920131.578947368,17.3773442061869,TRUE,NA
"Beta right-high",10,304123,350,800,1050000,106597,52757,0.370183826617172,800,80,1050000,1050000,12.0947991671389,TRUE,NA
"Beta right-high",10,304123,351,333,1050000,109135,52589,0.301586198263443,333,33,1050000,1059545.45454545,18.489037291156,TRUE,NA
"Beta right-high",10,304123,351,800,1050000,109135,52589,0.366441638080209,800,86,1050000,976744.186046512,11.7287355098862,TRUE,NA
"Beta right-high",10,304123,352,333,1050000,103807,52716,0.30417037557024,333,27,1050000,1295000,20.2283110341379,TRUE,NA
"Beta right-high",10,304123,352,800,1050000,103807,52716,0.370569385457846,800,72,1050000,1166666.66666667,12.6559494223987,TRUE,NA
"Beta right-high",10,304123,353,333,1050000,103162,52197,0.30625155031807,333,32,1050000,1092656.25,18.7433774150619,TRUE,NA
"Beta right-high",10,304123,353,800,1050000,103162,52197,0.367474854697309,800,73,1050000,1150684.93150685,12.580559139533,TRUE,NA
"Beta right-high",10,304123,354,333,1050000,102759,52462,0.310322364132583,333,38,1050000,920131.578947368,17.3773442061869,TRUE,NA
"Beta right-high",10,304123,354,800,1050000,102759,52462,0.371320567275614,800,77,1050000,1090909.09090909,12.2944823707041,TRUE,NA
"Beta right-high",10,304123,355,333,1050000,109086,52408,0.307906532480114,333,31,1050000,1127903.22580645,19.0103877415676,TRUE,NA
"Beta right-high",10,304123,355,800,1050000,109086,52408,0.370977226676022,800,80,1050000,1050000,12.0947991671389,TRUE,NA
"Beta right-high",10,304123,356,333,1050000,104664,52271,0.306764067532738,333,34,1050000,1028382.35294118,18.2464200319481,TRUE,NA
"Beta right-high",10,304123,356,800,1050000,104664,52271,0.366380742486003,800,83,1050000,1012048.19277108,11.9065567904524,TRUE,NA
"Beta right-high",10,304123,357,333,1050000,99554,52243,0.306435110323322,333,33,1050000,1059545.45454545,18.489037291156,TRUE,NA
"Beta right-high",10,304123,357,800,1050000,99554,52243,0.36877513156438,800,72,1050000,1166666.66666667,12.6559494223987,TRUE,NA
"Beta right-high",10,304123,358,333,1050000,103604,52762,0.303845944990959,333,26,1050000,1344807.69230769,20.5774046356395,TRUE,NA
"Beta right-high",10,304123,358,800,1050000,103604,52762,0.36582062690007,800,77,1050000,1090909.09090909,12.2944823707041,TRUE,NA
"Beta right-high",10,304123,359,333,1050000,100947,52580,0.302213234629033,333,23,1050000,1520217.39130435,21.7622794214923,TRUE,NA
"Beta right-high",10,304123,359,800,1050000,100947,52580,0.365180196905885,800,65,1050000,1292307.69230769,13.2336812996074,TRUE,NA
"Beta right-high",10,304123,360,333,1050000,104702,52688,0.309383836085366,333,43,1050000,813139.534883721,16.4733826659353,TRUE,NA
"Beta right-high",10,304123,360,800,1050000,104702,52688,0.368613574066694,800,94,1050000,893617.021276596,11.2989886988539,TRUE,NA
"Beta right-high",10,304123,361,333,1050000,114068,52541,0.304337520735918,333,24,1050000,1456875,21.341997647599,TRUE,NA
"Beta right-high",10,304123,361,800,1050000,114068,52541,0.367194799823236,800,70,1050000,1200000,12.8117645057411,TRUE,NA
"Beta right-high",10,304123,362,333,1050000,107180,53121,0.306017629913375,333,30,1050000,1165500,19.2911256866153,TRUE,NA
"Beta right-high",10,304123,362,800,1050000,107180,53121,0.36459754671941,800,67,1050000,1253731.34328358,13.0590159750537,TRUE,NA
"Beta right-high",10,304123,363,333,1050000,99790,52149,0.304188818816322,333,30,1050000,1165500,19.2911256866153,TRUE,NA
"Beta right-high",10,304123,363,800,1050000,99790,52149,0.369187691139658,800,60,1050000,1400000,13.7095161679795,TRUE,NA
"Beta right-high",10,304123,364,333,1050000,100339,52470,0.311309716193174,333,35,1050000,999000,18.0146740919102,TRUE,NA
"Beta right-high",10,304123,364,800,1050000,100339,52470,0.368524718773635,800,76,1050000,1105263.15789474,12.3637823606631,TRUE,NA
"Beta right-high",10,304123,365,333,1050000,106500,52459,0.313253986798095,333,41,1050000,852804.87804878,16.8141796097176,TRUE,NA
"Beta right-high",10,304123,365,800,1050000,106500,52459,0.371368294313769,800,74,1050000,1135135.13513514,12.5067702476922,TRUE,NA
"Beta right-high",10,304123,366,333,1050000,103065,52392,0.302312265212992,333,31,1050000,1127903.22580645,19.0103877415676,TRUE,NA
"Beta right-high",10,304123,366,800,1050000,103065,52392,0.366967319277542,800,88,1050000,954545.454545455,11.6155297136974,TRUE,NA
"Beta right-high",10,304123,367,333,1050000,105627,52846,0.30671455071265,333,35,1050000,999000,18.0146740919102,TRUE,NA
"Beta right-high",10,304123,367,800,1050000,105627,52846,0.366444938112208,800,84,1050000,1e+06,11.8461717842113,TRUE,NA
"Beta right-high",10,304123,368,333,1050000,108584,52333,0.310516674602596,333,33,1050000,1059545.45454545,18.489037291156,TRUE,NA
"Beta right-high",10,304123,368,800,1050000,108584,52333,0.368643143142632,800,89,1050000,943820.224719101,11.5604375979122,TRUE,NA
"Beta right-high",10,304123,369,333,1050000,107093,52336,0.301695680060777,333,30,1050000,1165500,19.2911256866153,TRUE,NA
"Beta right-high",10,304123,369,800,1050000,107093,52336,0.372911270201359,800,87,1050000,965517.24137931,11.671619237666,TRUE,NA
"Beta right-high",10,304123,370,333,1050000,105347,52500,0.302978879124288,333,24,1050000,1456875,21.341997647599,TRUE,NA
"Beta right-high",10,304123,370,800,1050000,105347,52500,0.364113134379423,800,59,1050000,1423728.81355932,13.812157409947,TRUE,NA
"Beta right-high",10,304123,371,333,1050000,104900,52367,0.312501997719745,333,33,1050000,1059545.45454545,18.489037291156,TRUE,NA
"Beta right-high",10,304123,371,800,1050000,104900,52367,0.372775224120645,800,78,1050000,1076923.07692308,12.226581496827,TRUE,NA
"Beta right-high",10,304123,372,333,1050000,101842,52220,0.309829004152464,333,37,1050000,945000,17.5807982524607,TRUE,NA
"Beta right-high",10,304123,372,800,1050000,101842,52220,0.36594660231213,800,79,1050000,1063291.13924051,12.1600347604124,TRUE,NA
"Beta right-high",10,304123,373,333,1050000,106221,52016,0.309916181465572,333,28,1050000,1248750,19.8986696556908,TRUE,NA
"Beta right-high",10,304123,373,800,1050000,106221,52016,0.373893451432284,800,81,1050000,1037037.03703704,12.030833596093,TRUE,NA
"Beta right-high",10,304123,374,333,1050000,104105,52487,0.307009766366857,333,34,1050000,1028382.35294118,18.2464200319481,TRUE,NA
"Beta right-high",10,304123,374,800,1050000,104105,52487,0.369745050729093,800,84,1050000,1e+06,11.8461717842113,TRUE,NA
"Beta right-high",10,304123,375,333,1050000,103330,52737,0.304879013440126,333,35,1050000,999000,18.0146740919102,TRUE,NA
"Beta right-high",10,304123,375,800,1050000,103330,52737,0.369800457159425,800,73,1050000,1150684.93150685,12.580559139533,TRUE,NA
"Beta right-high",10,304123,376,333,1050000,110377,52269,0.306154512833822,333,36,1050000,971250,17.793031633233,TRUE,NA
"Beta right-high",10,304123,376,800,1050000,110377,52269,0.368106793827956,800,79,1050000,1063291.13924051,12.1600347604124,TRUE,NA
"Beta right-high",10,304123,377,333,1050000,108781,52648,0.309675592849767,333,38,1050000,920131.578947368,17.3773442061869,TRUE,NA
"Beta right-high",10,304123,377,800,1050000,108781,52648,0.366189611104457,800,79,1050000,1063291.13924051,12.1600347604124,TRUE,NA
"Beta right-high",10,304123,378,333,1050000,99930,52484,0.30213921169625,333,32,1050000,1092656.25,18.7433774150619,TRUE,NA
"Beta right-high",10,304123,378,800,1050000,99930,52484,0.370032738046783,800,96,1050000,875000,11.2004836306336,TRUE,NA
"Beta right-high",10,304123,379,333,1050000,106035,52345,0.304440199158474,333,32,1050000,1092656.25,18.7433774150619,TRUE,NA
"Beta right-high",10,304123,379,800,1050000,106035,52345,0.368814680410629,800,96,1050000,875000,11.2004836306336,TRUE,NA
"Beta right-high",10,304123,380,333,1050000,106737,52947,0.309018976705358,333,37,1050000,945000,17.5807982524607,TRUE,NA
"Beta right-high",10,304123,380,800,1050000,106737,52947,0.366626491433439,800,80,1050000,1050000,12.0947991671389,TRUE,NA
"Beta right-high",10,304123,381,333,1050000,106078,52621,0.305995341301504,333,34,1050000,1028382.35294118,18.2464200319481,TRUE,NA
"Beta right-high",10,304123,381,800,1050000,106078,52621,0.370102726109795,800,86,1050000,976744.186046512,11.7287355098862,TRUE,NA
"Beta right-high",10,304123,382,333,1050000,108008,52348,0.315606169588605,333,35,1050000,999000,18.0146740919102,TRUE,NA
"Beta right-high",10,304123,382,800,1050000,108008,52348,0.370997965968265,800,97,1050000,865979.381443299,11.1524414546134,TRUE,NA
"Beta right-high",10,304123,383,333,1050000,103544,52734,0.30339504591543,333,30,1050000,1165500,19.2911256866153,TRUE,NA
"Beta right-high",10,304123,383,800,1050000,103544,52734,0.365427241019596,800,69,1050000,1217391.30434783,12.8923117835906,TRUE,NA
"Beta right-high",10,304123,384,333,1050000,107211,52567,0.305451910370863,333,35,1050000,999000,18.0146740919102,TRUE,NA
"Beta right-high",10,304123,384,800,1050000,107211,52567,0.364569973083187,800,78,1050000,1076923.07692308,12.226581496827,TRUE,NA
"Beta right-high",10,304123,385,333,1050000,109182,52459,0.311156050041123,333,41,1050000,852804.87804878,16.8141796097176,TRUE,NA
"Beta right-high",10,304123,385,800,1050000,109182,52459,0.37304581868747,800,91,1050000,923076.923076923,11.4531339284728,TRUE,NA
"Beta right-high",10,304123,386,333,1050000,99446,52406,0.30753458096915,333,52,1050000,672403.846153846,15.2026934860618,TRUE,NA
"Beta right-high",10,304123,386,800,1050000,99446,52406,0.366496992211514,800,98,1050000,857142.857142857,11.1051782164878,TRUE,NA
"Beta right-high",10,304123,387,333,1050000,101734,52590,0.310575812826108,333,30,1050000,1165500,19.2911256866153,TRUE,NA
"Beta right-high",10,304123,387,800,1050000,101734,52590,0.368481773062251,800,77,1050000,1090909.09090909,12.2944823707041,TRUE,NA
"Beta right-high",10,304123,388,333,1050000,110739,52459,0.307180896698914,333,33,1050000,1059545.45454545,18.489037291156,TRUE,NA
"Beta right-high",10,304123,388,800,1050000,110739,52459,0.369137690060704,800,97,1050000,865979.381443299,11.1524414546134,TRUE,NA
"Beta right-high",10,304123,389,333,1050000,107613,52635,0.305161671849742,333,40,1050000,874125,16.9945343249956,TRUE,NA
"Beta right-high",10,304123,389,800,1050000,107613,52635,0.366370843489503,800,91,1050000,923076.923076923,11.4531339284728,TRUE,NA
"Beta right-high",10,304123,390,333,1050000,106315,52929,0.305636725147713,333,31,1050000,1127903.22580645,19.0103877415676,TRUE,NA
"Beta right-high",10,304123,390,800,1050000,106315,52929,0.367011430656232,800,81,1050000,1037037.03703704,12.030833596093,TRUE,NA
"Beta right-high",10,304123,391,333,1050000,102915,52829,0.306621598179824,333,32,1050000,1092656.25,18.7433774150619,TRUE,NA
"Beta right-high",10,304123,391,800,1050000,102915,52829,0.368734134452441,800,76,1050000,1105263.15789474,12.3637823606631,TRUE,NA
"Beta right-high",10,304123,392,333,1050000,103815,52631,0.307471821813463,333,51,1050000,685588.235294118,15.3262072378003,TRUE,NA
"Beta right-high",10,304123,392,800,1050000,103815,52631,0.372655484379648,800,90,1050000,933333.333333333,11.5063147012645,TRUE,NA
"Beta right-high",10,304123,393,333,1050000,102553,52310,0.312299305272425,333,36,1050000,971250,17.793031633233,TRUE,NA
"Beta right-high",10,304123,393,800,1050000,102553,52310,0.371695669833142,800,86,1050000,976744.186046512,11.7287355098862,TRUE,NA
"Beta right-high",10,304123,394,333,1050000,101109,52525,0.310776984051479,333,36,1050000,971250,17.793031633233,TRUE,NA
"Beta right-high",10,304123,394,800,1050000,101109,52525,0.369231165476626,800,80,1050000,1050000,12.0947991671389,TRUE,NA
"Beta right-high",10,304123,395,333,1050000,100173,52673,0.303277768835056,333,39,1050000,896538.461538462,17.1820968840741,TRUE,NA
"Beta right-high",10,304123,395,800,1050000,100173,52673,0.363667069803635,800,90,1050000,933333.333333333,11.5063147012645,TRUE,NA
"Beta right-high",10,304123,396,333,1050000,109190,52693,0.309780896499545,333,38,1050000,920131.578947368,17.3773442061869,TRUE,NA
"Beta right-high",10,304123,396,800,1050000,109190,52693,0.371010282084864,800,84,1050000,1e+06,11.8461717842113,TRUE,NA
"Beta right-high",10,304123,397,333,1050000,98761,52607,0.29520649256577,333,31,1050000,1127903.22580645,19.0103877415676,TRUE,NA
"Beta right-high",10,304123,397,800,1050000,98761,52607,0.358103958509974,800,66,1050000,1272727.27272727,13.1453154548902,TRUE,NA
"Beta right-high",10,304123,398,333,1050000,105689,52233,0.305249408194972,333,24,1050000,1456875,21.341997647599,TRUE,NA
"Beta right-high",10,304123,398,800,1050000,105689,52233,0.370356321025762,800,73,1050000,1150684.93150685,12.580559139533,TRUE,NA
"Beta right-high",10,304123,399,333,1050000,108490,52290,0.307561859761243,333,28,1050000,1248750,19.8986696556908,TRUE,NA
"Beta right-high",10,304123,399,800,1050000,108490,52290,0.366839015720399,800,80,1050000,1050000,12.0947991671389,TRUE,NA
"Beta right-high",10,304123,400,333,1050000,108967,52674,0.306423745952259,333,48,1050000,728437.5,15.7209265075818,TRUE,NA
"Beta right-high",10,304123,400,800,1050000,108967,52674,0.364849638481827,800,91,1050000,923076.923076923,11.4531339284728,TRUE,NA
