"scenario","ratio_value","setting_seed","repetition","x_stop","n_target_total","n_marker_actual","n_target_band","x_end","x_count","n_count","c_true","c_hat","sigma_L","valid","invalid_reason"
"Beta right-high",1,301123,1,333,105000,106044,5238,0.495256906322114,333,346,105000,101054.913294798,8.22896901364322,TRUE,NA
"Beta right-high",1,301123,1,800,105000,106044,5238,0.603786857935334,800,836,105000,100478.468899522,5.76592485048689,TRUE,NA
"Beta right-high",1,301123,2,333,105000,97975,5346,0.492599560237478,333,284,105000,123116.197183099,8.60380523542275,TRUE,NA
"Beta right-high",1,301123,2,800,105000,97975,5346,0.600998480277364,800,712,105000,117977.528089888,5.94382963363258,TRUE,NA
"Beta right-high",1,301123,3,333,105000,101566,5312,0.506593040590841,333,312,105000,112067.307692308,8.41816363435257,TRUE,NA
"Beta right-high",1,301123,3,800,105000,101566,5312,0.607074280646021,800,747,105000,112449.799196787,5.888212610817,TRUE,NA
"Beta right-high",1,301123,4,333,105000,106196,5293,0.49073381496942,333,315,105000,111000,8.40001361126789,TRUE,NA
"Beta right-high",1,301123,4,800,105000,106196,5293,0.601038383986403,800,796,105000,105527.638190955,5.81781582415392,TRUE,NA
"Beta right-high",1,301123,5,333,105000,102454,5170,0.509687381457894,333,348,105000,100474.137931034,8.21887030603124,TRUE,NA
"Beta right-high",1,301123,5,800,105000,102454,5170,0.614663040579838,800,779,105000,107830.55198973,5.84133010267284,TRUE,NA
"Beta right-high",1,301123,6,333,105000,100569,5159,0.497827134954684,333,342,105000,102236.842105263,8.24948259015833,TRUE,NA
"Beta right-high",1,301123,6,800,105000,100569,5159,0.605457354730858,800,829,105000,101326.899879373,5.77467688009813,TRUE,NA
"Beta right-high",1,301123,7,333,105000,106721,5302,0.49250388549094,333,350,105000,99900,8.20887480078011,TRUE,NA
"Beta right-high",1,301123,7,800,105000,106721,5302,0.602250936386332,800,866,105000,96997.6905311778,5.72987879490296,TRUE,NA
"Beta right-high",1,301123,8,333,105000,104521,5376,0.496272901385114,333,333,105000,105000,8.29724212937552,TRUE,NA
"Beta right-high",1,301123,8,800,105000,104521,5376,0.602653913842015,800,752,105000,111702.127659574,5.88064955883698,TRUE,NA
"Beta right-high",1,301123,9,333,105000,105699,5282,0.491502234412449,333,283,105000,123551.236749117,8.61103280503509,TRUE,NA
"Beta right-high",1,301123,9,800,105000,105699,5282,0.599332240084072,800,734,105000,114441.416893733,5.90831152657499,TRUE,NA
"Beta right-high",1,301123,10,333,105000,104497,5257,0.494686272524003,333,310,105000,112790.322580645,8.43043661025828,TRUE,NA
"Beta right-high",1,301123,10,800,105000,104497,5257,0.603017744360062,800,764,105000,109947.643979058,5.86286381634659,TRUE,NA
"Beta right-high",1,301123,11,333,105000,104683,5128,0.496782074557272,333,380,105000,92013.1578947368,8.07031513617271,TRUE,NA
"Beta right-high",1,301123,11,800,105000,104683,5128,0.597229354286224,800,817,105000,102815.17747858,5.78999732074268,TRUE,NA
"Beta right-high",1,301123,12,333,105000,104511,5311,0.49104998828187,333,281,105000,124430.604982206,8.62562377660617,TRUE,NA
"Beta right-high",1,301123,12,800,105000,104511,5311,0.604784749281739,800,793,105000,105926.860025221,5.82189894902144,TRUE,NA
"Beta right-high",1,301123,13,333,105000,112812,5135,0.502648378898687,333,372,105000,93991.935483871,8.1053018052113,TRUE,NA
"Beta right-high",1,301123,13,800,105000,112812,5135,0.602896037879984,800,851,105000,98707.4030552291,5.74761239207401,TRUE,NA
"Beta right-high",1,301123,14,333,105000,104165,5397,0.489698333125789,333,307,105000,113892.508143322,8.44911159979167,TRUE,NA
"Beta right-high",1,301123,14,800,105000,104165,5397,0.599295571904473,800,753,105000,111553.784860558,5.87914784444343,TRUE,NA
"Beta right-high",1,301123,15,333,105000,107106,5348,0.498757004816815,333,336,105000,104062.5,8.28106887336163,TRUE,NA
"Beta right-high",1,301123,15,800,105000,107106,5348,0.603102772276574,800,826,105000,101694.915254237,5.77846903804895,TRUE,NA
"Beta right-high",1,301123,16,333,105000,99039,5254,0.497316021762501,333,309,105000,113155.339805825,8.43662589370772,TRUE,NA
"Beta right-high",1,301123,16,800,105000,99039,5254,0.605558758319188,800,748,105000,112299.465240642,5.88669269205071,TRUE,NA
"Beta right-high",1,301123,17,333,105000,100859,5248,0.495076897668645,333,346,105000,101054.913294798,8.22896901364322,TRUE,NA
"Beta right-high",1,301123,17,800,105000,100859,5248,0.601691916845849,800,781,105000,107554.417413572,5.83851558228319,TRUE,NA
"Beta right-high",1,301123,18,333,105000,104762,5259,0.504425236359675,333,380,105000,92013.1578947368,8.07031513617271,TRUE,NA
"Beta right-high",1,301123,18,800,105000,104762,5259,0.603679704927311,800,794,105000,105793.450881612,5.82053479774077,TRUE,NA
"Beta right-high",1,301123,19,333,105000,101665,5265,0.498573891363058,333,315,105000,111000,8.40001361126789,TRUE,NA
"Beta right-high",1,301123,19,800,105000,101665,5265,0.60030519334124,800,728,105000,115384.615384615,5.91780623455075,TRUE,NA
"Beta right-high",1,301123,20,333,105000,102727,5301,0.489723558646002,333,283,105000,123551.236749117,8.61103280503509,TRUE,NA
"Beta right-high",1,301123,20,800,105000,102727,5301,0.59308314164788,800,718,105000,116991.643454039,5.93394838999256,TRUE,NA
"Beta right-high",1,301123,21,333,105000,98968,5189,0.487689258477849,333,276,105000,126684.782608696,8.66291411601345,TRUE,NA
"Beta right-high",1,301123,21,800,105000,98968,5189,0.596699616899721,800,657,105000,127853.881278539,6.04192577293292,TRUE,NA
"Beta right-high",1,301123,22,333,105000,103196,5229,0.498155575402184,333,338,105000,103446.74556213,8.2704289937114,TRUE,NA
"Beta right-high",1,301123,22,800,105000,103196,5229,0.607664601374364,800,817,105000,102815.17747858,5.78999732074268,TRUE,NA
"Beta right-high",1,301123,23,333,105000,101346,5297,0.50699662100966,333,344,105000,101642.441860465,8.2391725534373,TRUE,NA
"Beta right-high",1,301123,23,800,105000,101346,5297,0.603639826050243,800,755,105000,111258.278145695,5.87615520608559,TRUE,NA
"Beta right-high",1,301123,24,333,105000,105870,5305,0.502239006607291,333,375,105000,93240,8.09202469040479,TRUE,NA
"Beta right-high",1,301123,24,800,105000,105870,5305,0.601636281795373,800,829,105000,101326.899879373,5.77467688009813,TRUE,NA
"Beta right-high",1,301123,25,333,105000,102801,5162,0.497773928933337,333,324,105000,107916.666666667,8.34735853155465,TRUE,NA
"Beta right-high",1,301123,25,800,105000,102801,5162,0.606057858421289,800,794,105000,105793.450881612,5.82053479774077,TRUE,NA
"Beta right-high",1,301123,26,333,105000,105287,5357,0.491116508280632,333,339,105000,103141.592920354,8.2651510571314,TRUE,NA
"Beta right-high",1,301123,26,800,105000,105287,5357,0.597138548353379,800,774,105000,108527.131782946,5.84842402141388,TRUE,NA
"Beta right-high",1,301123,27,333,105000,105169,5209,0.50409172942121,333,359,105000,97395.5431754875,8.16513013532526,TRUE,NA
"Beta right-high",1,301123,27,800,105000,105169,5209,0.608025750865206,800,892,105000,94170.4035874439,5.70043237178221,TRUE,NA
"Beta right-high",1,301123,28,333,105000,100436,5155,0.504376224382063,333,319,105000,109608.150470219,8.37628553154077,TRUE,NA
"Beta right-high",1,301123,28,800,105000,100436,5155,0.601423988430499,800,743,105000,113055.181695828,5.89432923200836,TRUE,NA
"Beta right-high",1,301123,29,333,105000,99470,5269,0.501889828555986,333,313,105000,111709.265175719,8.4120793334699,TRUE,NA
"Beta right-high",1,301123,29,800,105000,99470,5269,0.604934299917457,800,776,105000,108247.422680412,5.84557651832292,TRUE,NA
"Beta right-high",1,301123,30,333,105000,110735,5235,0.505299201813972,333,363,105000,96322.3140495868,8.14631243507424,TRUE,NA
"Beta right-high",1,301123,30,800,105000,110735,5235,0.606091592429374,800,858,105000,97902.0979020979,5.73926637719802,TRUE,NA
"Beta right-high",1,301123,31,333,105000,104182,5238,0.49099295482697,333,267,105000,130955.056179775,8.7331197429128,TRUE,NA
"Beta right-high",1,301123,31,800,105000,104182,5238,0.600692696047562,800,726,105000,115702.479338843,5.92100258204805,TRUE,NA
"Beta right-high",1,301123,32,333,105000,104201,5268,0.494455214788463,333,331,105000,105634.441087613,8.30816931014239,TRUE,NA
"Beta right-high",1,301123,32,800,105000,104201,5268,0.594319592974659,800,719,105000,116828.92906815,5.9323159672147,TRUE,NA
"Beta right-high",1,301123,33,333,105000,112818,5112,0.498279831279374,333,378,105000,92500,8.07893702033136,TRUE,NA
"Beta right-high",1,301123,33,800,105000,112818,5112,0.607061032425158,800,883,105000,95130.2378255946,5.71044614771865,TRUE,NA
"Beta right-high",1,301123,34,333,105000,102832,5278,0.498467240245807,333,343,105000,101938.775510204,8.24431415424542,TRUE,NA
"Beta right-high",1,301123,34,800,105000,102832,5278,0.606997975266013,800,800,105000,105000,5.81241489343492,TRUE,NA
"Beta right-high",1,301123,35,333,105000,105776,5275,0.489288569417392,333,300,105000,116550,8.49397022933253,TRUE,NA
"Beta right-high",1,301123,35,800,105000,105776,5275,0.601890545816304,800,776,105000,108247.422680412,5.84557651832292,TRUE,NA
"Beta right-high",1,301123,36,333,105000,106315,5262,0.501905538032585,333,330,105000,105954.545454545,8.31367711824824,TRUE,NA
"Beta right-high",1,301123,36,800,105000,106315,5262,0.604989156786116,800,768,105000,109375,5.8570470569014,TRUE,NA
"Beta right-high",1,301123,37,333,105000,113380,5251,0.489383724693993,333,311,105000,112427.652733119,8.4242826258066,TRUE,NA
"Beta right-high",1,301123,37,800,105000,113380,5251,0.59956852561399,800,816,105000,102941.176470588,5.7912925029054,TRUE,NA
"Beta right-high",1,301123,38,333,105000,108179,5217,0.493914003284673,333,308,105000,113522.727272727,8.4428507857824,TRUE,NA
"Beta right-high",1,301123,38,800,105000,108179,5217,0.599773156986803,800,726,105000,115702.479338843,5.92100258204805,TRUE,NA
"Beta right-high",1,301123,39,333,105000,102405,5261,0.485276790173804,333,297,105000,117727.272727273,8.51376712116838,TRUE,NA
"Beta right-high",1,301123,39,800,105000,102405,5261,0.597332461044158,800,713,105000,117812.06171108,5.9421723582558,TRUE,NA
"Beta right-high",1,301123,40,333,105000,104671,5253,0.493024177617747,333,342,105000,102236.842105263,8.24948259015833,TRUE,NA
"Beta right-high",1,301123,40,800,105000,104671,5253,0.604080038725403,800,874,105000,96109.8398169336,5.7206480831002,TRUE,NA
"Beta right-high",1,301123,41,333,105000,104851,5276,0.500423157647992,333,353,105000,99050.9915014164,8.19407156555708,TRUE,NA
"Beta right-high",1,301123,41,800,105000,104851,5276,0.603984874506431,800,852,105000,98591.5492957746,5.746412454332,TRUE,NA
"Beta right-high",1,301123,42,333,105000,102138,5194,0.499908814411243,333,342,105000,102236.842105263,8.24948259015833,TRUE,NA
"Beta right-high",1,301123,42,800,105000,102138,5194,0.606547123781859,800,842,105000,99762.4703087886,5.75852858410845,TRUE,NA
"Beta right-high",1,301123,43,333,105000,109896,5354,0.500814488475792,333,377,105000,92745.3580901857,8.08327878168544,TRUE,NA
"Beta right-high",1,301123,43,800,105000,109896,5354,0.603194295035578,800,865,105000,97109.8265895954,5.73104358167363,TRUE,NA
"Beta right-high",1,301123,44,333,105000,102271,5249,0.505076659156558,333,339,105000,103141.592920354,8.2651510571314,TRUE,NA
"Beta right-high",1,301123,44,800,105000,102271,5249,0.607263748032911,800,783,105000,107279.69348659,5.83571409299333,TRUE,NA
"Beta right-high",1,301123,45,333,105000,106356,5194,0.498905884535544,333,342,105000,102236.842105263,8.24948259015833,TRUE,NA
"Beta right-high",1,301123,45,800,105000,106356,5194,0.605633151697643,800,826,105000,101694.915254237,5.77846903804895,TRUE,NA
"Beta right-high",1,301123,46,333,105000,104175,5206,0.495213353023436,333,341,105000,102536.656891496,8.25467807488184,TRUE,NA
"Beta right-high",1,301123,46,800,105000,104175,5206,0.599009622434098,800,787,105000,106734.434561626,5.83014984356145,TRUE,NA
"Beta right-high",1,301123,47,333,105000,112629,5097,0.502376241179153,333,358,105000,97667.5977653631,8.16989337857654,TRUE,NA
"Beta right-high",1,301123,47,800,105000,112629,5097,0.606714884755051,800,851,105000,98707.4030552291,5.74761239207401,TRUE,NA
"Beta right-high",1,301123,48,333,105000,104272,5152,0.494650652498465,333,324,105000,107916.666666667,8.34735853155465,TRUE,NA
"Beta right-high",1,301123,48,800,105000,104272,5152,0.59546985200042,800,755,105000,111258.278145695,5.87615520608559,TRUE,NA
"Beta right-high",1,301123,49,333,105000,106306,5228,0.499515616569664,333,336,105000,104062.5,8.28106887336163,TRUE,NA
"Beta right-high",1,301123,49,800,105000,106306,5228,0.604799882113694,800,797,105000,105395.232120452,5.81646098038446,TRUE,NA
"Beta right-high",1,301123,50,333,105000,106835,5299,0.492200923226829,333,326,105000,107254.601226994,8.33600885011652,TRUE,NA
"Beta right-high",1,301123,50,800,105000,106835,5299,0.60026679220895,800,774,105000,108527.131782946,5.84842402141388,TRUE,NA
"Beta right-high",1,301123,51,333,105000,105317,5239,0.493256524982674,333,324,105000,107916.666666667,8.34735853155465,TRUE,NA
"Beta right-high",1,301123,51,800,105000,105317,5239,0.601839346138324,800,793,105000,105926.860025221,5.82189894902144,TRUE,NA
"Beta right-high",1,301123,52,333,105000,103243,5392,0.505538861329055,333,369,105000,94756.0975609756,8.11877256278091,TRUE,NA
"Beta right-high",1,301123,52,800,105000,103243,5392,0.605684263062467,800,837,105000,100358.422939068,5.76468543770552,TRUE,NA
"Beta right-high",1,301123,53,333,105000,107478,5266,0.505172363105255,333,422,105000,82855.4502369668,7.90638219338713,TRUE,NA
"Beta right-high",1,301123,53,800,105000,107478,5266,0.60832110665295,800,918,105000,91503.2679738562,5.67251382376349,TRUE,NA
"Beta right-high",1,301123,54,333,105000,105651,5235,0.495613171549347,333,321,105000,108925.23364486,8.36461863437491,TRUE,NA
"Beta right-high",1,301123,54,800,105000,105651,5235,0.606199639977427,800,833,105000,100840.336134454,5.76965933259429,TRUE,NA
"Beta right-high",1,301123,55,333,105000,105054,5224,0.50275136049817,333,330,105000,105954.545454545,8.31367711824824,TRUE,NA
"Beta right-high",1,301123,55,800,105000,105054,5224,0.608006165761171,800,790,105000,106329.113924051,5.82601019064722,TRUE,NA
"Beta right-high",1,301123,56,333,105000,105263,5373,0.497914435552288,333,342,105000,102236.842105263,8.24948259015833,TRUE,NA
"Beta right-high",1,301123,56,800,105000,105263,5373,0.594875579841309,800,749,105000,112149.53271028,5.88517644084576,TRUE,NA
"Beta right-high",1,301123,57,333,105000,106591,5295,0.491158345750412,333,286,105000,122255.244755245,8.58948379639248,TRUE,NA
"Beta right-high",1,301123,57,800,105000,106591,5295,0.598065533846965,800,781,105000,107554.417413572,5.83851558228319,TRUE,NA
"Beta right-high",1,301123,58,333,105000,107668,5424,0.485569006920781,333,332,105000,105316.265060241,8.30269106080462,TRUE,NA
"Beta right-high",1,301123,58,800,105000,107668,5424,0.598164037886678,800,834,105000,100719.424460432,5.7684117889836,TRUE,NA
"Beta right-high",1,301123,59,333,105000,107723,5354,0.496202231148193,333,294,105000,118928.571428571,8.53392069131363,TRUE,NA
"Beta right-high",1,301123,59,800,105000,107723,5354,0.60739358656802,800,865,105000,97109.8265895954,5.73104358167363,TRUE,NA
"Beta right-high",1,301123,60,333,105000,107050,5406,0.500424982487559,333,293,105000,119334.470989761,8.54071951045218,TRUE,NA
"Beta right-high",1,301123,60,800,105000,107050,5406,0.603895787583964,800,729,105000,115226.33744856,5.91621399361556,TRUE,NA
"Beta right-high",1,301123,61,333,105000,106139,5284,0.490375915059943,333,299,105000,116939.799331104,8.50053015858222,TRUE,NA
"Beta right-high",1,301123,61,800,105000,106139,5284,0.598765688150552,800,761,105000,110381.077529566,5.86726268043536,TRUE,NA
"Beta right-high",1,301123,62,333,105000,103905,5296,0.494341887100045,333,333,105000,105000,8.29724212937552,TRUE,NA
"Beta right-high",1,301123,62,800,105000,103905,5296,0.606363821779065,800,814,105000,103194.103194103,5.79389154009948,TRUE,NA
"Beta right-high",1,301123,63,333,105000,105734,5247,0.501992530760996,333,325,105000,107584.615384615,8.34166816006756,TRUE,NA
"Beta right-high",1,301123,63,800,105000,105734,5247,0.605583735222925,800,798,105000,105263.157894737,5.81510921773839,TRUE,NA
"Beta right-high",1,301123,64,333,105000,106677,5344,0.491747748534064,333,312,105000,112067.307692308,8.41816363435257,TRUE,NA
"Beta right-high",1,301123,64,800,105000,106677,5344,0.601745559060449,800,787,105000,106734.434561626,5.83014984356145,TRUE,NA
"Beta right-high",1,301123,65,333,105000,105157,5154,0.508846962107907,333,342,105000,102236.842105263,8.24948259015833,TRUE,NA
"Beta right-high",1,301123,65,800,105000,105157,5154,0.613150165242457,800,893,105000,94064.9496080627,5.69933111690295,TRUE,NA
"Beta right-high",1,301123,66,333,105000,105949,5251,0.50003489549161,333,330,105000,105954.545454545,8.31367711824824,TRUE,NA
"Beta right-high",1,301123,66,800,105000,105949,5251,0.603157036359421,800,795,105000,105660.377358491,5.8191737597038,TRUE,NA
"Beta right-high",1,301123,67,333,105000,101646,4994,0.51274302694742,333,390,105000,89653.8461538462,8.02840099674149,TRUE,NA
"Beta right-high",1,301123,67,800,105000,101646,4994,0.61725842586841,800,864,105000,97222.2222222222,5.73221082720255,TRUE,NA
"Beta right-high",1,301123,68,333,105000,105025,5343,0.492693713771043,333,343,105000,101938.775510204,8.24431415424542,TRUE,NA
"Beta right-high",1,301123,68,800,105000,105025,5343,0.597912428350116,800,797,105000,105395.232120452,5.81646098038446,TRUE,NA
"Beta right-high",1,301123,69,333,105000,102454,5225,0.499034143113221,333,320,105000,109265.625,8.37043588610856,TRUE,NA
"Beta right-high",1,301123,69,800,105000,102454,5225,0.60080686350967,800,769,105000,109232.769830949,5.85560142630756,TRUE,NA
"Beta right-high",1,301123,70,333,105000,108266,5170,0.502707110915349,333,353,105000,99050.9915014164,8.19407156555708,TRUE,NA
"Beta right-high",1,301123,70,800,105000,108266,5170,0.605492631850307,800,843,105000,99644.128113879,5.75730519405192,TRUE,NA
"Beta right-high",1,301123,71,333,105000,97614,5334,0.500286404008124,333,331,105000,105634.441087613,8.30816931014239,TRUE,NA
"Beta right-high",1,301123,71,800,105000,97614,5334,0.597817358375766,800,733,105000,114597.544338336,5.90988423707325,TRUE,NA
"Beta right-high",1,301123,72,333,105000,103930,5368,0.489526402899087,333,314,105000,111353.503184713,8.40602942425351,TRUE,NA
"Beta right-high",1,301123,72,800,105000,103930,5368,0.592626231064308,800,723,105000,116182.572614108,5.92582699190254,TRUE,NA
"Beta right-high",1,301123,73,333,105000,105942,5298,0.495271255278883,333,329,105000,106276.595744681,8.31921472866097,TRUE,NA
"Beta right-high",1,301123,73,800,105000,105942,5298,0.603765306121811,800,808,105000,103960.396039604,5.80175874344896,TRUE,NA
"Beta right-high",1,301123,74,333,105000,105401,5252,0.490278164535414,333,288,105000,121406.25,8.57533784440452,TRUE,NA
"Beta right-high",1,301123,74,800,105000,105401,5252,0.604119211040847,800,803,105000,104607.721046077,5.80839625180282,TRUE,NA
"Beta right-high",1,301123,75,333,105000,100893,5196,0.479551951079169,333,264,105000,132443.181818182,8.75745310020225,TRUE,NA
"Beta right-high",1,301123,75,800,105000,100893,5196,0.598175225901822,800,741,105000,113360.32388664,5.89740990152418,TRUE,NA
"Beta right-high",1,301123,76,333,105000,108902,5297,0.493780766737846,333,357,105000,97941.1764705882,8.17468050783924,TRUE,NA
"Beta right-high",1,301123,76,800,105000,108902,5297,0.595750048646407,800,813,105000,103321.033210332,5.79519541470812,TRUE,NA
"Beta right-high",1,301123,77,333,105000,100880,5335,0.490485844614561,333,296,105000,118125,8.52044486557115,TRUE,NA
"Beta right-high",1,301123,77,800,105000,100880,5335,0.593592016847824,800,715,105000,117482.517482517,5.93887033697807,TRUE,NA
"Beta right-high",1,301123,78,333,105000,106949,5136,0.510403086525683,333,405,105000,86333.3333333333,7.96903726607835,TRUE,NA
"Beta right-high",1,301123,78,800,105000,106949,5136,0.612162441559919,800,938,105000,89552.2388059701,5.65200386621051,TRUE,NA
"Beta right-high",1,301123,79,333,105000,108400,5319,0.500353807670907,333,325,105000,107584.615384615,8.34166816006756,TRUE,NA
"Beta right-high",1,301123,79,800,105000,108400,5319,0.605162773251549,800,873,105000,96219.9312714777,5.72179347899057,TRUE,NA
"Beta right-high",1,301123,80,333,105000,104052,5353,0.489831259627278,333,291,105000,120154.639175258,8.55444084039623,TRUE,NA
"Beta right-high",1,301123,80,800,105000,104052,5353,0.597875341196325,800,722,105000,116343.490304709,5.92744315922889,TRUE,NA
"Beta right-high",1,301123,81,333,105000,98501,5324,0.500503030293677,333,311,105000,112427.652733119,8.4242826258066,TRUE,NA
"Beta right-high",1,301123,81,800,105000,98501,5324,0.602216325541146,800,742,105000,113207.547169811,5.89586769205442,TRUE,NA
"Beta right-high",1,301123,82,333,105000,108327,5356,0.494886969185687,333,337,105000,103753.709198813,8.27573485727431,TRUE,NA
"Beta right-high",1,301123,82,800,105000,108327,5356,0.592012723847254,800,768,105000,109375,5.8570470569014,TRUE,NA
"Beta right-high",1,301123,83,333,105000,102515,5360,0.505223568117046,333,339,105000,103141.592920354,8.2651510571314,TRUE,NA
"Beta right-high",1,301123,83,800,105000,102515,5360,0.60297215711057,800,771,105000,108949.416342412,5.85272035088095,TRUE,NA
"Beta right-high",1,301123,84,333,105000,103798,5380,0.503984793787171,333,368,105000,95013.5869565217,8.12330659072599,TRUE,NA
"Beta right-high",1,301123,84,800,105000,103798,5380,0.607795850026528,800,827,105000,101571.946795647,5.77720220534795,TRUE,NA
"Beta right-high",1,301123,85,333,105000,106407,5280,0.49928469816836,333,348,105000,100474.137931034,8.21887030603124,TRUE,NA
"Beta right-high",1,301123,85,800,105000,106407,5280,0.596956706478729,800,782,105000,107416.879795396,5.83711321447428,TRUE,NA
"Beta right-high",1,301123,86,333,105000,104571,5298,0.502916024135012,333,323,105000,108250.773993808,8.35308022500895,TRUE,NA
"Beta right-high",1,301123,86,800,105000,104571,5298,0.607578653640871,800,785,105000,107006.369426752,5.83292554355092,TRUE,NA
"Beta right-high",1,301123,87,333,105000,105415,5174,0.504646151004481,333,369,105000,94756.0975609756,8.11877256278091,TRUE,NA
"Beta right-high",1,301123,87,800,105000,105415,5174,0.610256681586757,800,816,105000,102941.176470588,5.7912925029054,TRUE,NA
"Beta right-high",1,301123,88,333,105000,103199,5265,0.497797287901292,333,312,105000,112067.307692308,8.41816363435257,TRUE,NA
"Beta right-high",1,301123,88,800,105000,103199,5265,0.601128541103277,800,760,105000,110526.315789474,5.86873594824866,TRUE,NA
"Beta right-high",1,301123,89,333,105000,102362,5350,0.48760497820396,333,273,105000,128076.923076923,8.68586400731042,TRUE,NA
"Beta right-high",1,301123,89,800,105000,102362,5350,0.592082388981885,800,703,105000,119487.908961593,5.95893597551445,TRUE,NA
"Beta right-high",1,301123,90,333,105000,107688,5259,0.488115153117807,333,278,105000,125773.381294964,8.64785637860833,TRUE,NA
"Beta right-high",1,301123,90,800,105000,107688,5259,0.601474941654764,800,773,105000,108667.529107374,5.8498527760487,TRUE,NA
"Beta right-high",1,301123,91,333,105000,101980,5311,0.491527955744662,333,312,105000,112067.307692308,8.41816363435257,TRUE,NA
"Beta right-high",1,301123,91,800,105000,101980,5311,0.603080539034523,800,758,105000,110817.941952507,5.87169302932529,TRUE,NA
"Beta right-high",1,301123,92,333,105000,109443,5319,0.495996971472152,333,323,105000,108250.773993808,8.35308022500895,TRUE,NA
"Beta right-high",1,301123,92,800,105000,109443,5319,0.599079346139431,800,748,105000,112299.465240642,5.88669269205071,TRUE,NA
"Beta right-high",1,301123,93,333,105000,100170,5257,0.496011233292617,333,317,105000,110299.684542587,8.38808310929113,TRUE,NA
"Beta right-high",1,301123,93,800,105000,100170,5257,0.59996302349355,800,773,105000,108667.529107374,5.8498527760487,TRUE,NA
"Beta right-high",1,301123,94,333,105000,107302,5251,0.501305572127414,333,371,105000,94245.2830188679,8.10977033096673,TRUE,NA
"Beta right-high",1,301123,94,800,105000,107302,5251,0.606182043164521,800,871,105000,96440.8725602755,5.72409146944733,TRUE,NA
"Beta right-high",1,301123,95,333,105000,108196,5320,0.499917412312236,333,333,105000,105000,8.29724212937552,TRUE,NA
"Beta right-high",1,301123,95,800,105000,108196,5320,0.60010348359736,800,781,105000,107554.417413572,5.83851558228319,TRUE,NA
"Beta right-high",1,301123,96,333,105000,103971,5128,0.504093063184012,333,385,105000,90818.1818181818,8.04911317459756,TRUE,NA
"Beta right-high",1,301123,96,800,105000,103971,5128,0.612989880676089,800,844,105000,99526.0663507109,5.75608444392988,TRUE,NA
"Beta right-high",1,301123,97,333,105000,99968,5258,0.507214087732019,333,361,105000,96855.9556786704,8.15567458573384,TRUE,NA
"Beta right-high",1,301123,97,800,105000,99968,5258,0.607781361090666,800,806,105000,104218.362282878,5.8044047743281,TRUE,NA
"Beta right-high",1,301123,98,333,105000,104833,5131,0.504354578068137,333,380,105000,92013.1578947368,8.07031513617271,TRUE,NA
"Beta right-high",1,301123,98,800,105000,104833,5131,0.604458179451238,800,811,105000,103575.832305795,5.797811925227,TRUE,NA
"Beta right-high",1,301123,99,333,105000,106860,5212,0.487510825579239,333,303,105000,115396.03960396,8.47452047336527,TRUE,NA
"Beta right-high",1,301123,99,800,105000,106860,5212,0.603481989730879,800,764,105000,109947.643979058,5.86286381634659,TRUE,NA
"Beta right-high",1,301123,100,333,105000,109013,5354,0.496719857810793,333,352,105000,99332.3863636364,8.19898090207222,TRUE,NA
"Beta right-high",1,301123,100,800,105000,109013,5354,0.602532270689455,800,798,105000,105263.157894737,5.81510921773839,TRUE,NA
"Beta right-high",1,301123,101,333,105000,113519,5229,0.498185238234787,333,370,105000,94500,8.11426053010877,TRUE,NA
"Beta right-high",1,301123,101,800,105000,113519,5229,0.603667444503137,800,853,105000,98475.9671746776,5.74521508030647,TRUE,NA
"Beta right-high",1,301123,102,333,105000,103091,5327,0.494462532825823,333,297,105000,117727.272727273,8.51376712116838,TRUE,NA
"Beta right-high",1,301123,102,800,105000,103091,5327,0.60412920824243,800,794,105000,105793.450881612,5.82053479774077,TRUE,NA
"Beta right-high",1,301123,103,333,105000,105351,5257,0.488422579406618,333,266,105000,131447.368421053,8.74117737412187,TRUE,NA
"Beta right-high",1,301123,103,800,105000,105351,5257,0.596220225922646,800,713,105000,117812.06171108,5.9421723582558,TRUE,NA
"Beta right-high",1,301123,104,333,105000,103721,5221,0.502617435480498,333,337,105000,103753.709198813,8.27573485727431,TRUE,NA
"Beta right-high",1,301123,104,800,105000,103721,5221,0.598476398793449,800,730,105000,115068.493150685,5.91462568810659,TRUE,NA
"Beta right-high",1,301123,105,333,105000,100483,5119,0.504024989149207,333,338,105000,103446.74556213,8.2704289937114,TRUE,NA
"Beta right-high",1,301123,105,800,105000,100483,5119,0.60508209464963,800,769,105000,109232.769830949,5.85560142630756,TRUE,NA
"Beta right-high",1,301123,106,333,105000,103421,5317,0.498276590452026,333,336,105000,104062.5,8.28106887336163,TRUE,NA
"Beta right-high",1,301123,106,800,105000,103421,5317,0.599295819171144,800,757,105000,110964.332892999,5.87317686806237,TRUE,NA
"Beta right-high",1,301123,107,333,105000,104584,5260,0.495756746334888,333,279,105000,125322.580645161,8.64039876569734,TRUE,NA
"Beta right-high",1,301123,107,800,105000,104584,5260,0.600078522056115,800,748,105000,112299.465240642,5.88669269205071,TRUE,NA
"Beta right-high",1,301123,108,333,105000,107971,5262,0.495069720319515,333,345,105000,101347.826086957,8.23405757630045,TRUE,NA
"Beta right-high",1,301123,108,800,105000,107971,5262,0.599834281938784,800,840,105000,1e+05,5.76098331868666,TRUE,NA
"Beta right-high",1,301123,109,333,105000,106086,5169,0.503441922709463,333,351,105000,99615.3846153846,8.20391524904314,TRUE,NA
"Beta right-high",1,301123,109,800,105000,106086,5169,0.612244386321319,800,837,105000,100358.422939068,5.76468543770552,TRUE,NA
"Beta right-high",1,301123,110,333,105000,105452,5134,0.503260311532798,333,341,105000,102536.656891496,8.25467807488184,TRUE,NA
"Beta right-high",1,301123,110,800,105000,105452,5134,0.604539455061264,800,804,105000,104477.611940299,5.80706275484411,TRUE,NA
"Beta right-high",1,301123,111,333,105000,108470,5306,0.504526067584261,333,394,105000,88743.654822335,8.01217246340545,TRUE,NA
"Beta right-high",1,301123,111,800,105000,108470,5306,0.605892214405454,800,834,105000,100719.424460432,5.7684117889836,TRUE,NA
"Beta right-high",1,301123,112,333,105000,110216,5262,0.503663815831004,333,390,105000,89653.8461538462,8.02840099674149,TRUE,NA
"Beta right-high",1,301123,112,800,105000,110216,5262,0.604375115505699,800,877,105000,95781.0718358039,5.71722620204111,TRUE,NA
"Beta right-high",1,301123,113,333,105000,101743,5339,0.499021412276049,333,305,105000,114639.344262295,8.46174226559494,TRUE,NA
"Beta right-high",1,301123,113,800,105000,101743,5339,0.604026307238899,800,733,105000,114597.544338336,5.90988423707325,TRUE,NA
"Beta right-high",1,301123,114,333,105000,105704,5155,0.501867316703243,333,339,105000,103141.592920354,8.2651510571314,TRUE,NA
"Beta right-high",1,301123,114,800,105000,105704,5155,0.606529450286331,800,819,105000,102564.102564103,5.7874155806747,TRUE,NA
"Beta right-high",1,301123,115,333,105000,104203,5240,0.495252198363146,333,341,105000,102536.656891496,8.25467807488184,TRUE,NA
"Beta right-high",1,301123,115,800,105000,104203,5240,0.606236320939079,800,814,105000,103194.103194103,5.79389154009948,TRUE,NA
"Beta right-high",1,301123,116,333,105000,103761,5119,0.498970342128237,333,313,105000,111709.265175719,8.4120793334699,TRUE,NA
"Beta right-high",1,301123,116,800,105000,103761,5119,0.602882440826277,800,793,105000,105926.860025221,5.82189894902144,TRUE,NA
"Beta right-high",1,301123,117,333,105000,102105,5270,0.501941183175612,333,329,105000,106276.595744681,8.31921472866097,TRUE,NA
"Beta right-high",1,301123,117,800,105000,102105,5270,0.600342281496292,800,751,105000,111850.86551265,5.88215488754933,TRUE,NA
"Beta right-high",1,301123,118,333,105000,107030,5368,0.498063039747549,333,344,105000,101642.441860465,8.2391725534373,TRUE,NA
"Beta right-high",1,301123,118,800,105000,107030,5368,0.601548256207192,800,787,105000,106734.434561626,5.83014984356145,TRUE,NA
"Beta right-high",1,301123,119,333,105000,104414,5192,0.495139763218053,333,299,105000,116939.799331104,8.50053015858222,TRUE,NA
"Beta right-high",1,301123,119,800,105000,104414,5192,0.608406870560486,800,837,105000,100358.422939068,5.76468543770552,TRUE,NA
"Beta right-high",1,301123,120,333,105000,104305,5189,0.498699722099141,333,328,105000,106600.609756098,8.3247823876365,TRUE,NA
"Beta right-high",1,301123,120,800,105000,104305,5189,0.601058268226782,800,766,105000,109660.574412533,5.85994856467446,TRUE,NA
"Beta right-high",1,301123,121,333,105000,104477,5268,0.500066562614762,333,322,105000,108586.956521739,8.3588335038193,TRUE,NA
"Beta right-high",1,301123,121,800,105000,104477,5268,0.602608872319143,800,730,105000,115068.493150685,5.91462568810659,TRUE,NA
"Beta right-high",1,301123,122,333,105000,112069,5308,0.497011967673792,333,333,105000,105000,8.29724212937552,TRUE,NA
"Beta right-high",1,301123,122,800,105000,112069,5308,0.599311511668676,800,779,105000,107830.55198973,5.84133010267284,TRUE,NA
"Beta right-high",1,301123,123,333,105000,107650,5164,0.500590136736861,333,331,105000,105634.441087613,8.30816931014239,TRUE,NA
"Beta right-high",1,301123,123,800,105000,107650,5164,0.609872076282943,800,822,105000,102189.781021898,5.78356438669775,TRUE,NA
"Beta right-high",1,301123,124,333,105000,104096,5238,0.503340627607138,333,329,105000,106276.595744681,8.31921472866097,TRUE,NA
"Beta right-high",1,301123,124,800,105000,104096,5238,0.603188168464318,800,779,105000,107830.55198973,5.84133010267284,TRUE,NA
"Beta right-high",1,301123,125,333,105000,101445,5184,0.502688446906859,333,368,105000,95013.5869565217,8.12330659072599,TRUE,NA
"Beta right-high",1,301123,125,800,105000,101445,5184,0.602840368273443,800,766,105000,109660.574412533,5.85994856467446,TRUE,NA
"Beta right-high",1,301123,126,333,105000,112290,5258,0.498737826974508,333,371,105000,94245.2830188679,8.10977033096673,TRUE,NA
"Beta right-high",1,301123,126,800,105000,112290,5258,0.603265535354925,800,880,105000,95454.5454545455,5.71382562361334,TRUE,NA
"Beta right-high",1,301123,127,333,105000,105057,5289,0.496613679057535,333,320,105000,109265.625,8.37043588610856,TRUE,NA
"Beta right-high",1,301123,127,800,105000,105057,5289,0.591830155743659,800,708,105000,118644.06779661,5.95050087629056,TRUE,NA
"Beta right-high",1,301123,128,333,105000,102878,5261,0.500790061223176,333,312,105000,112067.307692308,8.41816363435257,TRUE,NA
"Beta right-high",1,301123,128,800,105000,102878,5261,0.60044485446406,800,758,105000,110817.941952507,5.87169302932529,TRUE,NA
"Beta right-high",1,301123,129,333,105000,104591,5310,0.494224388294637,333,325,105000,107584.615384615,8.34166816006756,TRUE,NA
"Beta right-high",1,301123,129,800,105000,104591,5310,0.597630117897649,800,755,105000,111258.278145695,5.87615520608559,TRUE,NA
"Beta right-high",1,301123,130,333,105000,102653,5270,0.49611630796255,333,346,105000,101054.913294798,8.22896901364322,TRUE,NA
"Beta right-high",1,301123,130,800,105000,102653,5270,0.602826362224962,800,780,105000,107692.307692308,5.83992120785348,TRUE,NA
"Beta right-high",1,301123,131,333,105000,108689,5196,0.504605189687682,333,381,105000,91771.6535433071,8.06603471871768,TRUE,NA
"Beta right-high",1,301123,131,800,105000,108689,5196,0.604401916678455,800,839,105000,100119.189511323,5.7622146806349,TRUE,NA
"Beta right-high",1,301123,132,333,105000,104581,5347,0.503804291103618,333,371,105000,94245.2830188679,8.10977033096673,TRUE,NA
"Beta right-high",1,301123,132,800,105000,104581,5347,0.609117960426143,800,850,105000,98823.5294117647,5.74881490185386,TRUE,NA
"Beta right-high",1,301123,133,333,105000,104745,5256,0.499532615652978,333,307,105000,113892.508143322,8.44911159979167,TRUE,NA
"Beta right-high",1,301123,133,800,105000,104745,5256,0.599191867731625,800,756,105000,111111.111111111,5.87466425601815,TRUE,NA
"Beta right-high",1,301123,134,333,105000,103802,5115,0.501422242775368,333,340,105000,102838.235294118,8.25990082442498,TRUE,NA
"Beta right-high",1,301123,134,800,105000,103802,5115,0.600066882486779,800,753,105000,111553.784860558,5.87914784444343,TRUE,NA
"Beta right-high",1,301123,135,333,105000,104125,5165,0.493860891600666,333,329,105000,106276.595744681,8.31921472866097,TRUE,NA
"Beta right-high",1,301123,135,800,105000,104125,5165,0.598430267739425,800,825,105000,101818.181818182,5.77973866317813,TRUE,NA
"Beta right-high",1,301123,136,333,105000,101647,5298,0.490915575728327,333,280,105000,124875,8.63298804804801,TRUE,NA
"Beta right-high",1,301123,136,800,105000,101647,5298,0.599553264795367,800,754,105000,111405.835543767,5.87764973122081,TRUE,NA
"Beta right-high",1,301123,137,333,105000,112384,5218,0.502559037836527,333,362,105000,96588.3977900552,8.15098192340771,TRUE,NA
"Beta right-high",1,301123,137,800,105000,112384,5218,0.60319905762349,800,814,105000,103194.103194103,5.79389154009948,TRUE,NA
"Beta right-high",1,301123,138,333,105000,107047,5183,0.502623957669001,333,356,105000,98216.2921348315,8.17949170571763,TRUE,NA
"Beta right-high",1,301123,138,800,105000,107047,5183,0.612973464076983,800,818,105000,102689.486552567,5.78870501655851,TRUE,NA
"Beta right-high",1,301123,139,333,105000,102348,5267,0.502127501378067,333,341,105000,102536.656891496,8.25467807488184,TRUE,NA
"Beta right-high",1,301123,139,800,105000,102348,5267,0.606642969150042,800,811,105000,103575.832305795,5.797811925227,TRUE,NA
"Beta right-high",1,301123,140,333,105000,100570,5233,0.498604198075697,333,349,105000,100186.246418338,8.21385975363555,TRUE,NA
"Beta right-high",1,301123,140,800,105000,100570,5233,0.607380179315949,800,822,105000,102189.781021898,5.78356438669775,TRUE,NA
"Beta right-high",1,301123,141,333,105000,105433,5223,0.509665754278705,333,411,105000,85072.9927007299,7.94638893880504,TRUE,NA
"Beta right-high",1,301123,141,800,105000,105433,5223,0.60980430667077,800,866,105000,96997.6905311778,5.72987879490296,TRUE,NA
"Beta right-high",1,301123,142,333,105000,105623,5309,0.497176704787546,333,355,105000,98492.9577464789,8.18432715670391,TRUE,NA
"Beta right-high",1,301123,142,800,105000,105623,5309,0.599604478389154,800,788,105000,106598.984771574,5.82876678409535,TRUE,NA
"Beta right-high",1,301123,143,333,105000,104095,5213,0.501279653432625,333,349,105000,100186.246418338,8.21385975363555,TRUE,NA
"Beta right-high",1,301123,143,800,105000,104095,5213,0.609279492203029,800,847,105000,99173.5537190083,5.75243794718058,TRUE,NA
"Beta right-high",1,301123,144,333,105000,109879,5191,0.502639865713791,333,357,105000,97941.1764705882,8.17468050783924,TRUE,NA
"Beta right-high",1,301123,144,800,105000,109879,5191,0.598765865146867,800,814,105000,103194.103194103,5.79389154009948,TRUE,NA
"Beta right-high",1,301123,145,333,105000,105233,5234,0.49336861873565,333,295,105000,118525.423728814,8.52716260007981,TRUE,NA
"Beta right-high",1,301123,145,800,105000,105233,5234,0.599193490575001,800,772,105000,108808.29015544,5.85128488189318,TRUE,NA
"Beta right-high",1,301123,146,333,105000,107750,5287,0.500752155017243,333,366,105000,95532.7868852459,8.13244128752484,TRUE,NA
"Beta right-high",1,301123,146,800,105000,107750,5287,0.608087198116853,800,848,105000,99056.6037735849,5.75122767099449,TRUE,NA
"Beta right-high",1,301123,147,333,105000,104724,5260,0.497438241203218,333,314,105000,111353.503184713,8.40602942425351,TRUE,NA
"Beta right-high",1,301123,147,800,105000,104724,5260,0.600804449756059,800,719,105000,116828.92906815,5.9323159672147,TRUE,NA
"Beta right-high",1,301123,148,333,105000,106378,5251,0.495585088903207,333,320,105000,109265.625,8.37043588610856,TRUE,NA
"Beta right-high",1,301123,148,800,105000,106378,5251,0.603390726138324,800,767,105000,109517.601043025,5.85849609894922,TRUE,NA
"Beta right-high",1,301123,149,333,105000,103859,5176,0.498473341963342,333,339,105000,103141.592920354,8.2651510571314,TRUE,NA
"Beta right-high",1,301123,149,800,105000,103859,5176,0.609837784490028,800,854,105000,98360.6557377049,5.7440202617122,TRUE,NA
"Beta right-high",1,301123,150,333,105000,104079,5202,0.502591139653452,333,356,105000,98216.2921348315,8.17949170571763,TRUE,NA
"Beta right-high",1,301123,150,800,105000,104079,5202,0.610101181262202,800,827,105000,101571.946795647,5.77720220534795,TRUE,NA
"Beta right-high",1,301123,151,333,105000,106300,5232,0.489775758366905,333,316,105000,110648.734177215,8.39403160249634,TRUE,NA
"Beta right-high",1,301123,151,800,105000,106300,5232,0.600369031486684,800,813,105000,103321.033210332,5.79519541470812,TRUE,NA
"Beta right-high",1,301123,152,333,105000,105894,5194,0.498264798420024,333,341,105000,102536.656891496,8.25467807488184,TRUE,NA
"Beta right-high",1,301123,152,800,105000,105894,5194,0.600744119668963,800,815,105000,103067.484662577,5.79259057276887,TRUE,NA
"Beta right-high",1,301123,153,333,105000,106566,5332,0.500137049319556,333,332,105000,105316.265060241,8.30269106080462,TRUE,NA
"Beta right-high",1,301123,153,800,105000,106566,5332,0.604002848145758,800,796,105000,105527.638190955,5.81781582415392,TRUE,NA
"Beta right-high",1,301123,154,333,105000,103809,5309,0.483323748826826,333,269,105000,129981.412639405,8.71716227410303,TRUE,NA
"Beta right-high",1,301123,154,800,105000,103809,5309,0.597259690154261,800,737,105000,113975.576662144,5.90361651232798,TRUE,NA
"Beta right-high",1,301123,155,333,105000,109720,5216,0.503240458896909,333,366,105000,95532.7868852459,8.13244128752484,TRUE,NA
"Beta right-high",1,301123,155,800,105000,109720,5216,0.606303710730323,800,859,105000,97788.1257275902,5.73808421273363,TRUE,NA
"Beta right-high",1,301123,156,333,105000,99832,5189,0.49453833986846,333,298,105000,117332.214765101,8.50712900474184,TRUE,NA
"Beta right-high",1,301123,156,800,105000,99832,5189,0.601945640883356,800,713,105000,117812.06171108,5.9421723582558,TRUE,NA
"Beta right-high",1,301123,157,333,105000,101697,5206,0.502824282502522,333,346,105000,101054.913294798,8.22896901364322,TRUE,NA
"Beta right-high",1,301123,157,800,105000,101697,5206,0.602878749944867,800,759,105000,110671.936758893,5.87021272697668,TRUE,NA
"Beta right-high",1,301123,158,333,105000,104912,5149,0.489792742998926,333,299,105000,116939.799331104,8.50053015858222,TRUE,NA
"Beta right-high",1,301123,158,800,105000,104912,5149,0.600819415718686,800,759,105000,110671.936758893,5.87021272697668,TRUE,NA
"Beta right-high",1,301123,159,333,105000,109201,5359,0.500687912522738,333,367,105000,95272.4795640327,8.12786277730646,TRUE,NA
"Beta right-high",1,301123,159,800,105000,109201,5359,0.608811322767521,800,882,105000,95238.0952380952,5.71157030720534,TRUE,NA
"Beta right-high",1,301123,160,333,105000,105537,5158,0.49810233580791,333,326,105000,107254.601226994,8.33600885011652,TRUE,NA
"Beta right-high",1,301123,160,800,105000,105537,5158,0.603731847971374,800,789,105000,106463.878326996,5.82738690347812,TRUE,NA
"Beta right-high",1,301123,161,333,105000,108002,5181,0.492775262876364,333,348,105000,100474.137931034,8.21887030603124,TRUE,NA
"Beta right-high",1,301123,161,800,105000,108002,5181,0.599031642844806,800,837,105000,100358.422939068,5.76468543770552,TRUE,NA
"Beta right-high",1,301123,162,333,105000,103497,5256,0.487192642563905,333,294,105000,118928.571428571,8.53392069131363,TRUE,NA
"Beta right-high",1,301123,162,800,105000,103497,5256,0.592898120245413,800,701,105000,119828.815977175,5.96234032312833,TRUE,NA
"Beta right-high",1,301123,163,333,105000,102388,5167,0.50376027213926,333,338,105000,103446.74556213,8.2704289937114,TRUE,NA
"Beta right-high",1,301123,163,800,105000,102388,5167,0.609351744914942,800,781,105000,107554.417413572,5.83851558228319,TRUE,NA
"Beta right-high",1,301123,164,333,105000,106641,5075,0.498428440706366,333,325,105000,107584.615384615,8.34166816006756,TRUE,NA
"Beta right-high",1,301123,164,800,105000,106641,5075,0.607534095817121,800,819,105000,102564.102564103,5.7874155806747,TRUE,NA
"Beta right-high",1,301123,165,333,105000,103010,5151,0.491991683513377,333,318,105000,109952.830188679,8.38216784632455,TRUE,NA
"Beta right-high",1,301123,165,800,105000,103010,5151,0.600035500409328,800,761,105000,110381.077529566,5.86726268043536,TRUE,NA
"Beta right-high",1,301123,166,333,105000,104581,5368,0.493007827819482,333,317,105000,110299.684542587,8.38808310929113,TRUE,NA
"Beta right-high",1,301123,166,800,105000,104581,5368,0.596255577765493,800,743,105000,113055.181695828,5.89432923200836,TRUE,NA
"Beta right-high",1,301123,167,333,105000,107212,5272,0.503877015111861,333,361,105000,96855.9556786704,8.15567458573384,TRUE,NA
"Beta right-high",1,301123,167,800,105000,107212,5272,0.604918470589535,800,822,105000,102189.781021898,5.78356438669775,TRUE,NA
"Beta right-high",1,301123,168,333,105000,106166,5375,0.504228231673045,333,361,105000,96855.9556786704,8.15567458573384,TRUE,NA
"Beta right-high",1,301123,168,800,105000,106166,5375,0.610180377990571,800,872,105000,96330.2752293578,5.72294127190564,TRUE,NA
"Beta right-high",1,301123,169,333,105000,101709,5241,0.494784651140504,333,299,105000,116939.799331104,8.50053015858222,TRUE,NA
"Beta right-high",1,301123,169,800,105000,101709,5241,0.60536844719028,800,778,105000,107969.151670951,5.84274227828355,TRUE,NA
"Beta right-high",1,301123,170,333,105000,102264,5376,0.502266116317792,333,335,105000,104373.134328358,8.28643126998051,TRUE,NA
"Beta right-high",1,301123,170,800,105000,102264,5376,0.6034481475808,800,768,105000,109375,5.8570470569014,TRUE,NA
"Beta right-high",1,301123,171,333,105000,108224,5251,0.499701621598187,333,365,105000,95794.5205479452,8.13704228804463,TRUE,NA
"Beta right-high",1,301123,171,800,105000,108224,5251,0.604357353142765,800,843,105000,99644.128113879,5.75730519405192,TRUE,NA
"Beta right-high",1,301123,172,333,105000,107159,5165,0.498741258683684,333,323,105000,108250.773993808,8.35308022500895,TRUE,NA
"Beta right-high",1,301123,172,800,105000,107159,5165,0.599023825784553,800,782,105000,107416.879795396,5.83711321447428,TRUE,NA
"Beta right-high",1,301123,173,333,105000,103185,5129,0.491238191607397,333,293,105000,119334.470989761,8.54071951045218,TRUE,NA
"Beta right-high",1,301123,173,800,105000,103185,5129,0.605032736937892,800,773,105000,108667.529107374,5.8498527760487,TRUE,NA
"Beta right-high",1,301123,174,333,105000,106424,5369,0.498019900499621,333,351,105000,99615.3846153846,8.20391524904314,TRUE,NA
"Beta right-high",1,301123,174,800,105000,106424,5369,0.597645834706605,800,759,105000,110671.936758893,5.87021272697668,TRUE,NA
"Beta right-high",1,301123,175,333,105000,110082,5334,0.488880131407576,333,317,105000,110299.684542587,8.38808310929113,TRUE,NA
"Beta right-high",1,301123,175,800,105000,110082,5334,0.597556791111454,800,784,105000,107142.857142857,5.83431820646083,TRUE,NA
"Beta right-high",1,301123,176,333,105000,101274,5267,0.489618714294883,333,303,105000,115396.03960396,8.47452047336527,TRUE,NA
"Beta right-high",1,301123,176,800,105000,101274,5267,0.599591824574425,800,757,105000,110964.332892999,5.87317686806237,TRUE,NA
"Beta right-high",1,301123,177,333,105000,104373,5211,0.498830899313958,333,342,105000,102236.842105263,8.24948259015833,TRUE,NA
"Beta right-high",1,301123,177,800,105000,104373,5211,0.606393621698433,800,795,105000,105660.377358491,5.8191737597038,TRUE,NA
"Beta right-high",1,301123,178,333,105000,100739,5327,0.496549060974382,333,324,105000,107916.666666667,8.34735853155465,TRUE,NA
"Beta right-high",1,301123,178,800,105000,100739,5327,0.606490989745649,800,754,105000,111405.835543767,5.87764973122081,TRUE,NA
"Beta right-high",1,301123,179,333,105000,112167,5278,0.495719010668371,333,342,105000,102236.842105263,8.24948259015833,TRUE,NA
"Beta right-high",1,301123,179,800,105000,112167,5278,0.600597715584107,800,796,105000,105527.638190955,5.81781582415392,TRUE,NA
"Beta right-high",1,301123,180,333,105000,107845,5231,0.501090313907332,333,322,105000,108586.956521739,8.3588335038193,TRUE,NA
"Beta right-high",1,301123,180,800,105000,107845,5231,0.601411429506623,800,768,105000,109375,5.8570470569014,TRUE,NA
"Beta right-high",1,301123,181,333,105000,110411,5330,0.496525055309434,333,325,105000,107584.615384615,8.34166816006756,TRUE,NA
"Beta right-high",1,301123,181,800,105000,110411,5330,0.605254336122297,800,818,105000,102689.486552567,5.78870501655851,TRUE,NA
"Beta right-high",1,301123,182,333,105000,108249,5169,0.499436751881755,333,344,105000,101642.441860465,8.2391725534373,TRUE,NA
"Beta right-high",1,301123,182,800,105000,108249,5169,0.606214406404883,800,853,105000,98475.9671746776,5.74521508030647,TRUE,NA
"Beta right-high",1,301123,183,333,105000,104160,5288,0.511478973356398,333,381,105000,91771.6535433071,8.06603471871768,TRUE,NA
"Beta right-high",1,301123,183,800,105000,104160,5288,0.602965206241984,800,794,105000,105793.450881612,5.82053479774077,TRUE,NA
"Beta right-high",1,301123,184,333,105000,105805,5274,0.508282555816948,333,369,105000,94756.0975609756,8.11877256278091,TRUE,NA
"Beta right-high",1,301123,184,800,105000,105805,5274,0.610186549400138,800,842,105000,99762.4703087886,5.75852858410845,TRUE,NA
"Beta right-high",1,301123,185,333,105000,109365,5264,0.502905651114573,333,400,105000,87412.5,7.98837886704518,TRUE,NA
"Beta right-high",1,301123,185,800,105000,109365,5264,0.602342031903052,800,847,105000,99173.5537190083,5.75243794718058,TRUE,NA
"Beta right-high",1,301123,186,333,105000,105674,5270,0.495283542346008,333,353,105000,99050.9915014164,8.19407156555708,TRUE,NA
"Beta right-high",1,301123,186,800,105000,105674,5270,0.599824296902438,800,798,105000,105263.157894737,5.81510921773839,TRUE,NA
"Beta right-high",1,301123,187,333,105000,103550,5183,0.498197074913472,333,331,105000,105634.441087613,8.30816931014239,TRUE,NA
"Beta right-high",1,301123,187,800,105000,103550,5183,0.60659582079076,800,833,105000,100840.336134454,5.76965933259429,TRUE,NA
"Beta right-high",1,301123,188,333,105000,100490,5232,0.492040199349684,333,300,105000,116550,8.49397022933253,TRUE,NA
"Beta right-high",1,301123,188,800,105000,100490,5232,0.594513337143241,800,722,105000,116343.490304709,5.92744315922889,TRUE,NA
"Beta right-high",1,301123,189,333,105000,107242,5276,0.49759977064153,333,345,105000,101347.826086957,8.23405757630045,TRUE,NA
"Beta right-high",1,301123,189,800,105000,107242,5276,0.603705010795652,800,814,105000,103194.103194103,5.79389154009948,TRUE,NA
"Beta right-high",1,301123,190,333,105000,102406,5350,0.492141652712924,333,301,105000,116162.790697674,8.4874488679214,TRUE,NA
"Beta right-high",1,301123,190,800,105000,102406,5350,0.593185838831305,800,718,105000,116991.643454039,5.93394838999256,TRUE,NA
"Beta right-high",1,301123,191,333,105000,100269,5333,0.496067079541342,333,303,105000,115396.03960396,8.47452047336527,TRUE,NA
"Beta right-high",1,301123,191,800,105000,100269,5333,0.600243342762207,800,720,105000,116666.666666667,5.93068763149038,TRUE,NA
"Beta right-high",1,301123,192,333,105000,105073,5125,0.500016221977531,333,325,105000,107584.615384615,8.34166816006756,TRUE,NA
"Beta right-high",1,301123,192,800,105000,105073,5125,0.612215534465093,800,821,105000,102314.25091352,5.7848452753137,TRUE,NA
"Beta right-high",1,301123,193,333,105000,107600,5096,0.508751097166263,333,351,105000,99615.3846153846,8.20391524904314,TRUE,NA
"Beta right-high",1,301123,193,800,105000,107600,5096,0.612006120316434,800,840,105000,1e+05,5.76098331868666,TRUE,NA
"Beta right-high",1,301123,194,333,105000,106438,5330,0.497628520446458,333,341,105000,102536.656891496,8.25467807488184,TRUE,NA
"Beta right-high",1,301123,194,800,105000,106438,5330,0.598870524368345,800,786,105000,106870.229007634,5.83153609299099,TRUE,NA
"Beta right-high",1,301123,195,333,105000,106180,5336,0.497849387419807,333,365,105000,95794.5205479452,8.13704228804463,TRUE,NA
"Beta right-high",1,301123,195,800,105000,106180,5336,0.60243437193025,800,830,105000,101204.819277108,5.77341836908676,TRUE,NA
"Beta right-high",1,301123,196,333,105000,103745,5229,0.498956665896384,333,338,105000,103446.74556213,8.2704289937114,TRUE,NA
"Beta right-high",1,301123,196,800,105000,103745,5229,0.602874188646708,800,773,105000,108667.529107374,5.8498527760487,TRUE,NA
"Beta right-high",1,301123,197,333,105000,104503,5276,0.50087999376783,333,323,105000,108250.773993808,8.35308022500895,TRUE,NA
"Beta right-high",1,301123,197,800,105000,104503,5276,0.600832641859923,800,792,105000,106060.606060606,5.82326622435268,TRUE,NA
"Beta right-high",1,301123,198,333,105000,100982,5300,0.498022483805937,333,363,105000,96322.3140495868,8.14631243507424,TRUE,NA
"Beta right-high",1,301123,198,800,105000,100982,5300,0.607436053289086,800,821,105000,102314.25091352,5.7848452753137,TRUE,NA
"Beta right-high",1,301123,199,333,105000,106364,5321,0.494910657218204,333,339,105000,103141.592920354,8.2651510571314,TRUE,NA
"Beta right-high",1,301123,199,800,105000,106364,5321,0.599648267542711,800,818,105000,102689.486552567,5.78870501655851,TRUE,NA
"Beta right-high",1,301123,200,333,105000,102274,5151,0.49580271270631,333,306,105000,114264.705882353,8.45540865278229,TRUE,NA
"Beta right-high",1,301123,200,800,105000,102274,5151,0.60920919143307,800,781,105000,107554.417413572,5.83851558228319,TRUE,NA
"Beta right-high",1,301123,201,333,105000,103621,5144,0.493683124545169,333,279,105000,125322.580645161,8.64039876569734,TRUE,NA
"Beta right-high",1,301123,201,800,105000,103621,5144,0.598567180875693,800,688,105000,122093.023255814,5.98490188844849,TRUE,NA
"Beta right-high",1,301123,202,333,105000,106206,5341,0.491829748544598,333,308,105000,113522.727272727,8.4428507857824,TRUE,NA
"Beta right-high",1,301123,202,800,105000,106206,5341,0.593886218732273,800,755,105000,111258.278145695,5.87615520608559,TRUE,NA
"Beta right-high",1,301123,203,333,105000,105028,5237,0.504396759979483,333,354,105000,98771.186440678,8.18918704720289,TRUE,NA
"Beta right-high",1,301123,203,800,105000,105028,5237,0.608714071162212,800,801,105000,104868.913857678,5.81107231070914,TRUE,NA
"Beta right-high",1,301123,204,333,105000,100319,5346,0.497391283644486,333,335,105000,104373.134328358,8.28643126998051,TRUE,NA
"Beta right-high",1,301123,204,800,105000,100319,5346,0.606627899942163,800,808,105000,103960.396039604,5.80175874344896,TRUE,NA
"Beta right-high",1,301123,205,333,105000,102374,5166,0.508435040659518,333,358,105000,97667.5977653631,8.16989337857654,TRUE,NA
"Beta right-high",1,301123,205,800,105000,102374,5166,0.609513212332101,800,826,105000,101694.915254237,5.77846903804895,TRUE,NA
"Beta right-high",1,301123,206,333,105000,104978,5232,0.496680024823137,333,320,105000,109265.625,8.37043588610856,TRUE,NA
"Beta right-high",1,301123,206,800,105000,104978,5232,0.593575280145708,800,749,105000,112149.53271028,5.88517644084576,TRUE,NA
"Beta right-high",1,301123,207,333,105000,108417,5217,0.494558009720984,333,329,105000,106276.595744681,8.31921472866097,TRUE,NA
"Beta right-high",1,301123,207,800,105000,108417,5217,0.60405920898319,800,825,105000,101818.181818182,5.77973866317813,TRUE,NA
"Beta right-high",1,301123,208,333,105000,109188,5279,0.49487083397844,333,325,105000,107584.615384615,8.34166816006756,TRUE,NA
"Beta right-high",1,301123,208,800,105000,109188,5279,0.598605341376231,800,801,105000,104868.913857678,5.81107231070914,TRUE,NA
"Beta right-high",1,301123,209,333,105000,106842,5434,0.491169394693077,333,348,105000,100474.137931034,8.21887030603124,TRUE,NA
"Beta right-high",1,301123,209,800,105000,106842,5434,0.602342821908326,800,828,105000,101449.275362319,5.77593815578165,TRUE,NA
"Beta right-high",1,301123,210,333,105000,106607,5283,0.502947277283985,333,364,105000,96057.6923076923,8.14166594721139,TRUE,NA
"Beta right-high",1,301123,210,800,105000,106607,5283,0.60450222850638,800,826,105000,101694.915254237,5.77846903804895,TRUE,NA
"Beta right-high",1,301123,211,333,105000,102159,5232,0.498922674898689,333,302,105000,115778.145695364,8.4809657294975,TRUE,NA
"Beta right-high",1,301123,211,800,105000,102159,5232,0.607184274558134,800,775,105000,108387.096774194,5.846998606112,TRUE,NA
"Beta right-high",1,301123,212,333,105000,105846,5195,0.502305952614057,333,339,105000,103141.592920354,8.2651510571314,TRUE,NA
"Beta right-high",1,301123,212,800,105000,105846,5195,0.605122267357986,800,835,105000,100598.80239521,5.76716696460365,TRUE,NA
"Beta right-high",1,301123,213,333,105000,110446,5274,0.48865275060464,333,285,105000,122684.210526316,8.59662237286829,TRUE,NA
"Beta right-high",1,301123,213,800,105000,110446,5274,0.597051661735253,800,754,105000,111405.835543767,5.87764973122081,TRUE,NA
"Beta right-high",1,301123,214,333,105000,108126,5196,0.502675409556978,333,365,105000,95794.5205479452,8.13704228804463,TRUE,NA
"Beta right-high",1,301123,214,800,105000,108126,5196,0.601336355288405,800,849,105000,98939.9293286219,5.75001999202926,TRUE,NA
"Beta right-high",1,301123,215,333,105000,96821,5224,0.493942539196004,333,305,105000,114639.344262295,8.46174226559494,TRUE,NA
"Beta right-high",1,301123,215,800,105000,96821,5224,0.601116072496902,800,767,105000,109517.601043025,5.85849609894922,TRUE,NA
"Beta right-high",1,301123,216,333,105000,112025,5251,0.496274843974645,333,363,105000,96322.3140495868,8.14631243507424,TRUE,NA
"Beta right-high",1,301123,216,800,105000,112025,5251,0.604587590976715,800,860,105000,97674.4186046512,5.73690455473753,TRUE,NA
"Beta right-high",1,301123,217,333,105000,101870,5172,0.505224736868496,333,327,105000,106926.605504587,8.33038034418632,TRUE,NA
"Beta right-high",1,301123,217,800,105000,101870,5172,0.601502680419206,800,770,105000,109090.909090909,5.8541591950029,TRUE,NA
"Beta right-high",1,301123,218,333,105000,104829,5303,0.488937708669193,333,324,105000,107916.666666667,8.34735853155465,TRUE,NA
"Beta right-high",1,301123,218,800,105000,104829,5303,0.589732416215716,800,692,105000,121387.283236994,5.97787871618747,TRUE,NA
"Beta right-high",1,301123,219,333,105000,103731,5407,0.494930803053439,333,314,105000,111353.503184713,8.40602942425351,TRUE,NA
"Beta right-high",1,301123,219,800,105000,103731,5407,0.60202683087398,800,803,105000,104607.721046077,5.80839625180282,TRUE,NA
"Beta right-high",1,301123,220,333,105000,114897,5137,0.505224126442365,333,376,105000,92992.0212765957,8.08764128805829,TRUE,NA
"Beta right-high",1,301123,220,800,105000,114897,5137,0.608456427135334,800,862,105000,97447.7958236659,5.73455272603452,TRUE,NA
"Beta right-high",1,301123,221,333,105000,106448,5227,0.480204421255476,333,280,105000,124875,8.63298804804801,TRUE,NA
"Beta right-high",1,301123,221,800,105000,106448,5227,0.597869718654131,800,786,105000,106870.229007634,5.83153609299099,TRUE,NA
"Beta right-high",1,301123,222,333,105000,106768,5287,0.496242040246106,333,344,105000,101642.441860465,8.2391725534373,TRUE,NA
"Beta right-high",1,301123,222,800,105000,106768,5287,0.592965408455375,800,768,105000,109375,5.8570470569014,TRUE,NA
"Beta right-high",1,301123,223,333,105000,99730,5197,0.490768469797833,333,286,105000,122255.244755245,8.58948379639248,TRUE,NA
"Beta right-high",1,301123,223,800,105000,99730,5197,0.606377531901416,800,775,105000,108387.096774194,5.846998606112,TRUE,NA
"Beta right-high",1,301123,224,333,105000,101936,5258,0.501457577084679,333,358,105000,97667.5977653631,8.16989337857654,TRUE,NA
"Beta right-high",1,301123,224,800,105000,101936,5258,0.60614999172164,800,826,105000,101694.915254237,5.77846903804895,TRUE,NA
"Beta right-high",1,301123,225,333,105000,100676,5154,0.49795265578077,333,316,105000,110648.734177215,8.39403160249634,TRUE,NA
"Beta right-high",1,301123,225,800,105000,100676,5154,0.608472964776792,800,779,105000,107830.55198973,5.84133010267284,TRUE,NA
"Beta right-high",1,301123,226,333,105000,104401,5198,0.49899121332009,333,361,105000,96855.9556786704,8.15567458573384,TRUE,NA
"Beta right-high",1,301123,226,800,105000,104401,5198,0.608669278621961,800,856,105000,98130.8411214953,5.74163825785622,TRUE,NA
"Beta right-high",1,301123,227,333,105000,104560,5297,0.499690616329674,333,347,105000,100763.688760807,8.2239066584859,TRUE,NA
"Beta right-high",1,301123,227,800,105000,104560,5297,0.603751542523118,800,786,105000,106870.229007634,5.83153609299099,TRUE,NA
"Beta right-high",1,301123,228,333,105000,107275,5217,0.505505610352722,333,366,105000,95532.7868852459,8.13244128752484,TRUE,NA
"Beta right-high",1,301123,228,800,105000,107275,5217,0.599631409455244,800,773,105000,108667.529107374,5.8498527760487,TRUE,NA
"Beta right-high",1,301123,229,333,105000,105793,5269,0.506065602735424,333,377,105000,92745.3580901857,8.08327878168544,TRUE,NA
"Beta right-high",1,301123,229,800,105000,105793,5269,0.610063275377903,800,854,105000,98360.6557377049,5.7440202617122,TRUE,NA
"Beta right-high",1,301123,230,333,105000,105383,5236,0.488017213386232,333,313,105000,111709.265175719,8.4120793334699,TRUE,NA
"Beta right-high",1,301123,230,800,105000,105383,5236,0.60345071099311,800,844,105000,99526.0663507109,5.75608444392988,TRUE,NA
"Beta right-high",1,301123,231,333,105000,100532,5337,0.49280280595006,333,288,105000,121406.25,8.57533784440452,TRUE,NA
"Beta right-high",1,301123,231,800,105000,100532,5337,0.599011119779618,800,720,105000,116666.666666667,5.93068763149038,TRUE,NA
"Beta right-high",1,301123,232,333,105000,108027,5234,0.498849557449262,333,345,105000,101347.826086957,8.23405757630045,TRUE,NA
"Beta right-high",1,301123,232,800,105000,108027,5234,0.605494618537909,800,805,105000,104347.826086957,5.80573226577589,TRUE,NA
"Beta right-high",1,301123,233,333,105000,102670,5350,0.491922480866884,333,296,105000,118125,8.52044486557115,TRUE,NA
"Beta right-high",1,301123,233,800,105000,102670,5350,0.602154346058016,800,770,105000,109090.909090909,5.8541591950029,TRUE,NA
"Beta right-high",1,301123,234,333,105000,108808,5362,0.486534536449259,333,328,105000,106600.609756098,8.3247823876365,TRUE,NA
"Beta right-high",1,301123,234,800,105000,108808,5362,0.597375358917814,800,781,105000,107554.417413572,5.83851558228319,TRUE,NA
"Beta right-high",1,301123,235,333,105000,103334,5228,0.501000028200235,333,349,105000,100186.246418338,8.21385975363555,TRUE,NA
"Beta right-high",1,301123,235,800,105000,103334,5228,0.601611356687291,800,772,105000,108808.29015544,5.85128488189318,TRUE,NA
"Beta right-high",1,301123,236,333,105000,106357,5282,0.492314342484336,333,327,105000,106926.605504587,8.33038034418632,TRUE,NA
"Beta right-high",1,301123,236,800,105000,106357,5282,0.5993731775603,800,803,105000,104607.721046077,5.80839625180282,TRUE,NA
"Beta right-high",1,301123,237,333,105000,105278,5230,0.498046769214251,333,356,105000,98216.2921348315,8.17949170571763,TRUE,NA
"Beta right-high",1,301123,237,800,105000,105278,5230,0.60417825339021,800,797,105000,105395.232120452,5.81646098038446,TRUE,NA
"Beta right-high",1,301123,238,333,105000,107015,5347,0.498331408089017,333,328,105000,106600.609756098,8.3247823876365,TRUE,NA
"Beta right-high",1,301123,238,800,105000,107015,5347,0.600218783890188,800,759,105000,110671.936758893,5.87021272697668,TRUE,NA
"Beta right-high",1,301123,239,333,105000,100355,5321,0.488638332530088,333,305,105000,114639.344262295,8.46174226559494,TRUE,NA
"Beta right-high",1,301123,239,800,105000,100355,5321,0.59065198531415,800,677,105000,124076.809453471,6.00459954017626,TRUE,NA
"Beta right-high",1,301123,240,333,105000,102769,5369,0.488702567013586,333,302,105000,115778.145695364,8.4809657294975,TRUE,NA
"Beta right-high",1,301123,240,800,105000,102769,5369,0.602244531387861,800,768,105000,109375,5.8570470569014,TRUE,NA
"Beta right-high",1,301123,241,333,105000,98163,5174,0.491788941956447,333,301,105000,116162.790697674,8.4874488679214,TRUE,NA
"Beta right-high",1,301123,241,800,105000,98163,5174,0.597018971126254,800,757,105000,110964.332892999,5.87317686806237,TRUE,NA
"Beta right-high",1,301123,242,333,105000,104779,5171,0.50415396708755,333,329,105000,106276.595744681,8.31921472866097,TRUE,NA
"Beta right-high",1,301123,242,800,105000,104779,5171,0.605667824439577,800,802,105000,104738.154613466,5.80973276696946,TRUE,NA
"Beta right-high",1,301123,243,333,105000,99821,5160,0.494728907448931,333,310,105000,112790.322580645,8.43043661025828,TRUE,NA
"Beta right-high",1,301123,243,800,105000,99821,5160,0.604441329241068,800,747,105000,112449.799196787,5.888212610817,TRUE,NA
"Beta right-high",1,301123,244,333,105000,103706,5279,0.504103925301659,333,330,105000,105954.545454545,8.31367711824824,TRUE,NA
"Beta right-high",1,301123,244,800,105000,103706,5279,0.602133392447794,800,775,105000,108387.096774194,5.846998606112,TRUE,NA
"Beta right-high",1,301123,245,333,105000,103079,5191,0.487065476934357,333,293,105000,119334.470989761,8.54071951045218,TRUE,NA
"Beta right-high",1,301123,245,800,105000,103079,5191,0.599979023266548,800,779,105000,107830.55198973,5.84133010267284,TRUE,NA
"Beta right-high",1,301123,246,333,105000,102564,5238,0.504854615012029,333,375,105000,93240,8.09202469040479,TRUE,NA
"Beta right-high",1,301123,246,800,105000,102564,5238,0.613783737472216,800,916,105000,91703.056768559,5.67460989505971,TRUE,NA
"Beta right-high",1,301123,247,333,105000,100989,5262,0.496635616488651,333,286,105000,122255.244755245,8.58948379639248,TRUE,NA
"Beta right-high",1,301123,247,800,105000,100989,5262,0.59983718359132,800,752,105000,111702.127659574,5.88064955883698,TRUE,NA
"Beta right-high",1,301123,248,333,105000,100835,5338,0.496079209890295,333,317,105000,110299.684542587,8.38808310929113,TRUE,NA
"Beta right-high",1,301123,248,800,105000,100835,5338,0.599776356225804,800,736,105000,114130.434782609,5.90517767854306,TRUE,NA
"Beta right-high",1,301123,249,333,105000,102508,5354,0.49759811550377,333,300,105000,116550,8.49397022933253,TRUE,NA
"Beta right-high",1,301123,249,800,105000,102508,5354,0.598225952685647,800,739,105000,113667.117726658,5.90050562433323,TRUE,NA
"Beta right-high",1,301123,250,333,105000,108722,5325,0.494490286403123,333,298,105000,117332.214765101,8.50712900474184,TRUE,NA
"Beta right-high",1,301123,250,800,105000,108722,5325,0.597401509719196,800,787,105000,106734.434561626,5.83014984356145,TRUE,NA
"Beta right-high",1,301123,251,333,105000,103943,5158,0.495325161949012,333,317,105000,110299.684542587,8.38808310929113,TRUE,NA
"Beta right-high",1,301123,251,800,105000,103943,5158,0.606398194629993,800,771,105000,108949.416342412,5.85272035088095,TRUE,NA
"Beta right-high",1,301123,252,333,105000,105513,5182,0.508939941091419,333,394,105000,88743.654822335,8.01217246340545,TRUE,NA
"Beta right-high",1,301123,252,800,105000,105513,5182,0.614236656747363,800,898,105000,93541.2026726058,5.69385847685456,TRUE,NA
"Beta right-high",1,301123,253,333,105000,108366,5276,0.493432796318651,333,324,105000,107916.666666667,8.34735853155465,TRUE,NA
"Beta right-high",1,301123,253,800,105000,108366,5276,0.602894493252679,800,808,105000,103960.396039604,5.80175874344896,TRUE,NA
"Beta right-high",1,301123,254,333,105000,104910,5253,0.504071205107649,333,338,105000,103446.74556213,8.2704289937114,TRUE,NA
"Beta right-high",1,301123,254,800,105000,104910,5253,0.602017968998476,800,772,105000,108808.29015544,5.85128488189318,TRUE,NA
"Beta right-high",1,301123,255,333,105000,102247,5176,0.505140479670498,333,353,105000,99050.9915014164,8.19407156555708,TRUE,NA
"Beta right-high",1,301123,255,800,105000,102247,5176,0.617111206411551,800,859,105000,97788.1257275902,5.73808421273363,TRUE,NA
"Beta right-high",1,301123,256,333,105000,102635,5265,0.498783836331244,333,338,105000,103446.74556213,8.2704289937114,TRUE,NA
"Beta right-high",1,301123,256,800,105000,102635,5265,0.599252551235462,800,780,105000,107692.307692308,5.83992120785348,TRUE,NA
"Beta right-high",1,301123,257,333,105000,104654,5349,0.492914037747505,333,335,105000,104373.134328358,8.28643126998051,TRUE,NA
"Beta right-high",1,301123,257,800,105000,104654,5349,0.608598413302922,800,817,105000,102815.17747858,5.78999732074268,TRUE,NA
"Beta right-high",1,301123,258,333,105000,109420,5220,0.493444006968468,333,343,105000,101938.775510204,8.24431415424542,TRUE,NA
"Beta right-high",1,301123,258,800,105000,109420,5220,0.595867016228641,800,818,105000,102689.486552567,5.78870501655851,TRUE,NA
"Beta right-high",1,301123,259,333,105000,104298,5268,0.500061401938672,333,309,105000,113155.339805825,8.43662589370772,TRUE,NA
"Beta right-high",1,301123,259,800,105000,104298,5268,0.603990677076244,800,779,105000,107830.55198973,5.84133010267284,TRUE,NA
"Beta right-high",1,301123,260,333,105000,107048,5206,0.50127289975635,333,354,105000,98771.186440678,8.18918704720289,TRUE,NA
"Beta right-high",1,301123,260,800,105000,107048,5206,0.60534025083725,800,831,105000,101083.032490975,5.77216261357801,TRUE,NA
"Beta right-high",1,301123,261,333,105000,106150,5367,0.502366489450413,333,367,105000,95272.4795640327,8.12786277730646,TRUE,NA
"Beta right-high",1,301123,261,800,105000,106150,5367,0.605112990865124,800,878,105000,95671.9817767654,5.71609031887313,TRUE,NA
"Beta right-high",1,301123,262,333,105000,99585,5243,0.498445462440207,333,327,105000,106926.605504587,8.33038034418632,TRUE,NA
"Beta right-high",1,301123,262,800,105000,99585,5243,0.60247936259249,800,766,105000,109660.574412533,5.85994856467446,TRUE,NA
"Beta right-high",1,301123,263,333,105000,104464,5410,0.491197340576315,333,318,105000,109952.830188679,8.38216784632455,TRUE,NA
"Beta right-high",1,301123,263,800,105000,104464,5410,0.599183886617581,800,786,105000,106870.229007634,5.83153609299099,TRUE,NA
"Beta right-high",1,301123,264,333,105000,105231,5249,0.50001963734818,333,346,105000,101054.913294798,8.22896901364322,TRUE,NA
"Beta right-high",1,301123,264,800,105000,105231,5249,0.603545661910851,800,796,105000,105527.638190955,5.81781582415392,TRUE,NA
"Beta right-high",1,301123,265,333,105000,101568,5269,0.488066965085808,333,268,105000,130466.417910448,8.72511488516197,TRUE,NA
"Beta right-high",1,301123,265,800,105000,101568,5269,0.60066931718728,800,736,105000,114130.434782609,5.90517767854306,TRUE,NA
"Beta right-high",1,301123,266,333,105000,107545,5249,0.502082923408022,333,355,105000,98492.9577464789,8.18432715670391,TRUE,NA
"Beta right-high",1,301123,266,800,105000,107545,5249,0.606920066981541,800,833,105000,100840.336134454,5.76965933259429,TRUE,NA
"Beta right-high",1,301123,267,333,105000,103569,5334,0.491083669446054,333,333,105000,105000,8.29724212937552,TRUE,NA
"Beta right-high",1,301123,267,800,105000,103569,5334,0.596834657508828,800,757,105000,110964.332892999,5.87317686806237,TRUE,NA
"Beta right-high",1,301123,268,333,105000,107877,5281,0.504662417985953,333,362,105000,96588.3977900552,8.15098192340771,TRUE,NA
"Beta right-high",1,301123,268,800,105000,107877,5281,0.602317994831911,800,829,105000,101326.899879373,5.77467688009813,TRUE,NA
"Beta right-high",1,301123,269,333,105000,106903,5322,0.495221244664118,333,350,105000,99900,8.20887480078011,TRUE,NA
"Beta right-high",1,301123,269,800,105000,106903,5322,0.604026514566001,800,794,105000,105793.450881612,5.82053479774077,TRUE,NA
"Beta right-high",1,301123,270,333,105000,106651,5282,0.499953166695636,333,347,105000,100763.688760807,8.2239066584859,TRUE,NA
"Beta right-high",1,301123,270,800,105000,106651,5282,0.608167938795432,800,830,105000,101204.819277108,5.77341836908676,TRUE,NA
"Beta right-high",1,301123,271,333,105000,103383,5197,0.503636943023262,333,299,105000,116939.799331104,8.50053015858222,TRUE,NA
"Beta right-high",1,301123,271,800,105000,103383,5197,0.611640614155043,800,739,105000,113667.117726658,5.90050562433323,TRUE,NA
"Beta right-high",1,301123,272,333,105000,106003,5236,0.495470498128084,333,327,105000,106926.605504587,8.33038034418632,TRUE,NA
"Beta right-high",1,301123,272,800,105000,106003,5236,0.611389497968587,800,876,105000,95890.4109589041,5.71836445214707,TRUE,NA
"Beta right-high",1,301123,273,333,105000,103316,5244,0.496121521287325,333,310,105000,112790.322580645,8.43043661025828,TRUE,NA
"Beta right-high",1,301123,273,800,105000,103316,5244,0.600248144970707,800,770,105000,109090.909090909,5.8541591950029,TRUE,NA
"Beta right-high",1,301123,274,333,105000,107149,5229,0.494828321957967,333,317,105000,110299.684542587,8.38808310929113,TRUE,NA
"Beta right-high",1,301123,274,800,105000,107149,5229,0.602494622581402,800,778,105000,107969.151670951,5.84274227828355,TRUE,NA
"Beta right-high",1,301123,275,333,105000,105001,5188,0.502327525109239,333,319,105000,109608.150470219,8.37628553154077,TRUE,NA
"Beta right-high",1,301123,275,800,105000,105001,5188,0.606710179318262,800,796,105000,105527.638190955,5.81781582415392,TRUE,NA
"Beta right-high",1,301123,276,333,105000,100507,5326,0.504590271534937,333,319,105000,109608.150470219,8.37628553154077,TRUE,NA
"Beta right-high",1,301123,276,800,105000,100507,5326,0.598719266707255,800,700,105000,120000,5.96404905908212,TRUE,NA
"Beta right-high",1,301123,277,333,105000,111179,5210,0.50178074672886,333,378,105000,92500,8.07893702033136,TRUE,NA
"Beta right-high",1,301123,277,800,105000,111179,5210,0.603273225137153,800,851,105000,98707.4030552291,5.74761239207401,TRUE,NA
"Beta right-high",1,301123,278,333,105000,111097,5366,0.493158703364178,333,327,105000,106926.605504587,8.33038034418632,TRUE,NA
"Beta right-high",1,301123,278,800,105000,111097,5366,0.594477270834476,800,773,105000,108667.529107374,5.8498527760487,TRUE,NA
"Beta right-high",1,301123,279,333,105000,107508,5266,0.492054434124067,333,351,105000,99615.3846153846,8.20391524904314,TRUE,NA
"Beta right-high",1,301123,279,800,105000,107508,5266,0.600254761048554,800,822,105000,102189.781021898,5.78356438669775,TRUE,NA
"Beta right-high",1,301123,280,333,105000,102014,5191,0.496114348274796,333,353,105000,99050.9915014164,8.19407156555708,TRUE,NA
"Beta right-high",1,301123,280,800,105000,102014,5191,0.603285061502416,800,781,105000,107554.417413572,5.83851558228319,TRUE,NA
"Beta right-high",1,301123,281,333,105000,105337,5313,0.50662174853961,333,342,105000,102236.842105263,8.24948259015833,TRUE,NA
"Beta right-high",1,301123,281,800,105000,105337,5313,0.610842777676085,800,820,105000,102439.024390244,5.78612900345676,TRUE,NA
"Beta right-high",1,301123,282,333,105000,104992,5318,0.503039907101172,333,373,105000,93739.946380697,8.1008547942785,TRUE,NA
"Beta right-high",1,301123,282,800,105000,104992,5318,0.60494682809999,800,840,105000,1e+05,5.76098331868666,TRUE,NA
"Beta right-high",1,301123,283,333,105000,100872,5148,0.491255592049343,333,294,105000,118928.571428571,8.53392069131363,TRUE,NA
"Beta right-high",1,301123,283,800,105000,100872,5148,0.60437789598752,800,783,105000,107279.69348659,5.83571409299333,TRUE,NA
"Beta right-high",1,301123,284,333,105000,108636,5194,0.505796736060132,333,403,105000,86761.7866004963,7.97672192727638,TRUE,NA
"Beta right-high",1,301123,284,800,105000,108636,5194,0.610374885749222,800,923,105000,91007.5839653304,5.66731003914316,TRUE,NA
"Beta right-high",1,301123,285,333,105000,104265,5294,0.495343115206492,333,342,105000,102236.842105263,8.24948259015833,TRUE,NA
"Beta right-high",1,301123,285,800,105000,104265,5294,0.601818839360691,800,792,105000,106060.606060606,5.82326622435268,TRUE,NA
"Beta right-high",1,301123,286,333,105000,103712,5251,0.494719707564924,333,303,105000,115396.03960396,8.47452047336527,TRUE,NA
"Beta right-high",1,301123,286,800,105000,103712,5251,0.60838728038548,800,817,105000,102815.17747858,5.78999732074268,TRUE,NA
"Beta right-high",1,301123,287,333,105000,108912,5274,0.48877958111526,333,308,105000,113522.727272727,8.4428507857824,TRUE,NA
"Beta right-high",1,301123,287,800,105000,108912,5274,0.601840975360257,800,806,105000,104218.362282878,5.8044047743281,TRUE,NA
"Beta right-high",1,301123,288,333,105000,103590,5320,0.498418060367599,333,327,105000,106926.605504587,8.33038034418632,TRUE,NA
"Beta right-high",1,301123,288,800,105000,103590,5320,0.600881855466777,800,796,105000,105527.638190955,5.81781582415392,TRUE,NA
"Beta right-high",1,301123,289,333,105000,102464,5119,0.497005416124171,333,332,105000,105316.265060241,8.30269106080462,TRUE,NA
"Beta right-high",1,301123,289,800,105000,102464,5119,0.613269099895736,800,846,105000,99290.780141844,5.75365082905551,TRUE,NA
"Beta right-high",1,301123,290,333,105000,106822,5128,0.505158525583295,333,371,105000,94245.2830188679,8.10977033096673,TRUE,NA
"Beta right-high",1,301123,290,800,105000,106822,5128,0.607296345080222,800,834,105000,100719.424460432,5.7684117889836,TRUE,NA
"Beta right-high",1,301123,291,333,105000,105294,5244,0.492300541144798,333,309,105000,113155.339805825,8.43662589370772,TRUE,NA
"Beta right-high",1,301123,291,800,105000,105294,5244,0.604089034919817,800,786,105000,106870.229007634,5.83153609299099,TRUE,NA
"Beta right-high",1,301123,292,333,105000,108143,5374,0.490852657189469,333,345,105000,101347.826086957,8.23405757630045,TRUE,NA
"Beta right-high",1,301123,292,800,105000,108143,5374,0.594957459467879,800,805,105000,104347.826086957,5.80573226577589,TRUE,NA
"Beta right-high",1,301123,293,333,105000,102662,5191,0.503684715247051,333,383,105000,91292.4281984334,8.05753420705532,TRUE,NA
"Beta right-high",1,301123,293,800,105000,102662,5191,0.605017808141775,800,809,105000,103831.891223733,5.80044018371199,TRUE,NA
"Beta right-high",1,301123,294,333,105000,103826,5376,0.493526786881401,333,272,105000,128547.794117647,8.6936127591357,TRUE,NA
"Beta right-high",1,301123,294,800,105000,103826,5376,0.594030858888328,800,676,105000,124260.355029586,6.00641875843735,TRUE,NA
"Beta right-high",1,301123,295,333,105000,109268,5205,0.504755909569774,333,352,105000,99332.3863636364,8.19898090207222,TRUE,NA
"Beta right-high",1,301123,295,800,105000,109268,5205,0.608764303097674,800,871,105000,96440.8725602755,5.72409146944733,TRUE,NA
"Beta right-high",1,301123,296,333,105000,99232,5121,0.504131212552517,333,299,105000,116939.799331104,8.50053015858222,TRUE,NA
"Beta right-high",1,301123,296,800,105000,99232,5121,0.607551584252002,800,748,105000,112299.465240642,5.88669269205071,TRUE,NA
"Beta right-high",1,301123,297,333,105000,107547,5324,0.503155670324145,333,370,105000,94500,8.11426053010877,TRUE,NA
"Beta right-high",1,301123,297,800,105000,107547,5324,0.607757700299744,800,824,105000,101941.747572816,5.78101109007076,TRUE,NA
"Beta right-high",1,301123,298,333,105000,106672,5233,0.508551638759204,333,405,105000,86333.3333333333,7.96903726607835,TRUE,NA
"Beta right-high",1,301123,298,800,105000,106672,5233,0.605823652160052,800,845,105000,99408.2840236686,5.75486632512444,TRUE,NA
"Beta right-high",1,301123,299,333,105000,109231,5207,0.500179794942716,333,387,105000,90348.8372093023,8.0407704982239,TRUE,NA
"Beta right-high",1,301123,299,800,105000,109231,5207,0.609398346612295,800,889,105000,94488.188976378,5.70374971568558,TRUE,NA
"Beta right-high",1,301123,300,333,105000,105445,5323,0.488261092661318,333,294,105000,118928.571428571,8.53392069131363,TRUE,NA
"Beta right-high",1,301123,300,800,105000,105445,5323,0.596078784638311,800,755,105000,111258.278145695,5.87615520608559,TRUE,NA
"Beta right-high",1,301123,301,333,105000,103826,5148,0.504846645547569,333,346,105000,101054.913294798,8.22896901364322,TRUE,NA
"Beta right-high",1,301123,301,800,105000,103826,5148,0.613913362377699,800,845,105000,99408.2840236686,5.75486632512444,TRUE,NA
"Beta right-high",1,301123,302,333,105000,107339,5194,0.491770848363147,333,321,105000,108925.23364486,8.36461863437491,TRUE,NA
"Beta right-high",1,301123,302,800,105000,107339,5194,0.602714726525652,800,842,105000,99762.4703087886,5.75852858410845,TRUE,NA
"Beta right-high",1,301123,303,333,105000,107497,5251,0.492842055110428,333,291,105000,120154.639175258,8.55444084039623,TRUE,NA
"Beta right-high",1,301123,303,800,105000,107497,5251,0.59773902087668,800,756,105000,111111.111111111,5.87466425601815,TRUE,NA
"Beta right-high",1,301123,304,333,105000,111357,5149,0.50195012055984,333,379,105000,92255.9366754617,8.07461585450728,TRUE,NA
"Beta right-high",1,301123,304,800,105000,111357,5149,0.601776438493759,800,881,105000,95346.1975028377,5.71269679673102,TRUE,NA
"Beta right-high",1,301123,305,333,105000,107734,5266,0.496968348482589,333,367,105000,95272.4795640327,8.12786277730646,TRUE,NA
"Beta right-high",1,301123,305,800,105000,107734,5266,0.604058123154011,800,847,105000,99173.5537190083,5.75243794718058,TRUE,NA
"Beta right-high",1,301123,306,333,105000,107193,5294,0.504895479568366,333,362,105000,96588.3977900552,8.15098192340771,TRUE,NA
"Beta right-high",1,301123,306,800,105000,107193,5294,0.59999390186004,800,767,105000,109517.601043025,5.85849609894922,TRUE,NA
"Beta right-high",1,301123,307,333,105000,106581,5252,0.495213624733492,333,339,105000,103141.592920354,8.2651510571314,TRUE,NA
"Beta right-high",1,301123,307,800,105000,106581,5252,0.605559977643635,800,849,105000,98939.9293286219,5.75001999202926,TRUE,NA
"Beta right-high",1,301123,308,333,105000,110289,5396,0.492474618406502,333,326,105000,107254.601226994,8.33600885011652,TRUE,NA
"Beta right-high",1,301123,308,800,105000,110289,5396,0.596249820374768,800,796,105000,105527.638190955,5.81781582415392,TRUE,NA
"Beta right-high",1,301123,309,333,105000,105786,5412,0.498333697054129,333,319,105000,109608.150470219,8.37628553154077,TRUE,NA
"Beta right-high",1,301123,309,800,105000,105786,5412,0.605100258749356,800,801,105000,104868.913857678,5.81107231070914,TRUE,NA
"Beta right-high",1,301123,310,333,105000,106894,5246,0.500734777940049,333,351,105000,99615.3846153846,8.20391524904314,TRUE,NA
"Beta right-high",1,301123,310,800,105000,106894,5246,0.606551660067574,800,856,105000,98130.8411214953,5.74163825785622,TRUE,NA
"Beta right-high",1,301123,311,333,105000,106535,5224,0.502064483518175,333,376,105000,92992.0212765957,8.08764128805829,TRUE,NA
"Beta right-high",1,301123,311,800,105000,106535,5224,0.608587565442476,800,844,105000,99526.0663507109,5.75608444392988,TRUE,NA
"Beta right-high",1,301123,312,333,105000,101666,5093,0.495689838557497,333,318,105000,109952.830188679,8.38216784632455,TRUE,NA
"Beta right-high",1,301123,312,800,105000,101666,5093,0.603418659961939,800,745,105000,112751.677852349,5.89126350500216,TRUE,NA
"Beta right-high",1,301123,313,333,105000,104360,5288,0.50338068379994,333,322,105000,108586.956521739,8.3588335038193,TRUE,NA
"Beta right-high",1,301123,313,800,105000,104360,5288,0.609669603127804,800,811,105000,103575.832305795,5.797811925227,TRUE,NA
"Beta right-high",1,301123,314,333,105000,103990,4989,0.511413722454783,333,352,105000,99332.3863636364,8.19898090207222,TRUE,NA
"Beta right-high",1,301123,314,800,105000,103990,4989,0.616217968049255,800,864,105000,97222.2222222222,5.73221082720255,TRUE,NA
"Beta right-high",1,301123,315,333,105000,107304,5266,0.490093184610802,333,312,105000,112067.307692308,8.41816363435257,TRUE,NA
"Beta right-high",1,301123,315,800,105000,107304,5266,0.60134853105149,800,827,105000,101571.946795647,5.77720220534795,TRUE,NA
"Beta right-high",1,301123,316,333,105000,108349,5417,0.493890875318356,333,338,105000,103446.74556213,8.2704289937114,TRUE,NA
"Beta right-high",1,301123,316,800,105000,108349,5417,0.601444976087825,800,812,105000,103448.275862069,5.79650220645042,TRUE,NA
"Beta right-high",1,301123,317,333,105000,100514,5229,0.494086122215321,333,314,105000,111353.503184713,8.40602942425351,TRUE,NA
"Beta right-high",1,301123,317,800,105000,100514,5229,0.604294763698931,800,765,105000,109803.921568627,5.86140446635963,TRUE,NA
"Beta right-high",1,301123,318,333,105000,105942,5223,0.498263716611381,333,355,105000,98492.9577464789,8.18432715670391,TRUE,NA
"Beta right-high",1,301123,318,800,105000,105942,5223,0.604007965529019,800,801,105000,104868.913857678,5.81107231070914,TRUE,NA
"Beta right-high",1,301123,319,333,105000,106324,5377,0.502068817769095,333,349,105000,100186.246418338,8.21385975363555,TRUE,NA
"Beta right-high",1,301123,319,800,105000,106324,5377,0.605684619374747,800,844,105000,99526.0663507109,5.75608444392988,TRUE,NA
"Beta right-high",1,301123,320,333,105000,108185,5261,0.509646073441819,333,413,105000,84661.0169491525,7.93897172082045,TRUE,NA
"Beta right-high",1,301123,320,800,105000,108185,5261,0.610240405466856,800,952,105000,88235.2941176471,5.63811746721335,TRUE,NA
"Beta right-high",1,301123,321,333,105000,105282,5204,0.494282469084913,333,314,105000,111353.503184713,8.40602942425351,TRUE,NA
"Beta right-high",1,301123,321,800,105000,105282,5204,0.602532160763051,800,807,105000,104089.219330855,5.80308027027782,TRUE,NA
"Beta right-high",1,301123,322,333,105000,106423,5321,0.497311197440893,333,335,105000,104373.134328358,8.28643126998051,TRUE,NA
"Beta right-high",1,301123,322,800,105000,106423,5321,0.600181393585991,800,811,105000,103575.832305795,5.797811925227,TRUE,NA
"Beta right-high",1,301123,323,333,105000,98599,5235,0.499827422100447,333,314,105000,111353.503184713,8.40602942425351,TRUE,NA
"Beta right-high",1,301123,323,800,105000,98599,5235,0.599318581295204,800,702,105000,119658.11965812,5.96063596761606,TRUE,NA
"Beta right-high",1,301123,324,333,105000,97303,5202,0.503810748511156,333,342,105000,102236.842105263,8.24948259015833,TRUE,NA
"Beta right-high",1,301123,324,800,105000,97303,5202,0.610797192214457,800,800,105000,105000,5.81241489343492,TRUE,NA
"Beta right-high",1,301123,325,333,105000,101647,5256,0.494005612715526,333,314,105000,111353.503184713,8.40602942425351,TRUE,NA
"Beta right-high",1,301123,325,800,105000,101647,5256,0.598618516911327,800,719,105000,116828.92906815,5.9323159672147,TRUE,NA
"Beta right-high",1,301123,326,333,105000,100704,5228,0.496437617279313,333,287,105000,121829.268292683,8.58238909036213,TRUE,NA
"Beta right-high",1,301123,326,800,105000,100704,5228,0.601102892784764,800,746,105000,112600.536193029,5.88973621062009,TRUE,NA
"Beta right-high",1,301123,327,333,105000,109532,5209,0.491076755442703,333,294,105000,118928.571428571,8.53392069131363,TRUE,NA
"Beta right-high",1,301123,327,800,105000,109532,5209,0.599878141692464,800,769,105000,109232.769830949,5.85560142630756,TRUE,NA
"Beta right-high",1,301123,328,333,105000,103665,5274,0.50521025521273,333,333,105000,105000,8.29724212937552,TRUE,NA
"Beta right-high",1,301123,328,800,105000,103665,5274,0.610316746643991,800,767,105000,109517.601043025,5.85849609894922,TRUE,NA
"Beta right-high",1,301123,329,333,105000,107394,5211,0.498163414381818,333,335,105000,104373.134328358,8.28643126998051,TRUE,NA
"Beta right-high",1,301123,329,800,105000,107394,5211,0.610254162302474,800,878,105000,95671.9817767654,5.71609031887313,TRUE,NA
"Beta right-high",1,301123,330,333,105000,103467,5156,0.498562178152493,333,346,105000,101054.913294798,8.22896901364322,TRUE,NA
"Beta right-high",1,301123,330,800,105000,103467,5156,0.601139597546484,800,799,105000,105131.414267835,5.81376052560807,TRUE,NA
"Beta right-high",1,301123,331,333,105000,108845,5273,0.496603966787519,333,350,105000,99900,8.20887480078011,TRUE,NA
"Beta right-high",1,301123,331,800,105000,108845,5273,0.600539961231561,800,785,105000,107006.369426752,5.83292554355092,TRUE,NA
"Beta right-high",1,301123,332,333,105000,102935,5407,0.499308488992356,333,339,105000,103141.592920354,8.2651510571314,TRUE,NA
"Beta right-high",1,301123,332,800,105000,102935,5407,0.602709219905394,800,830,105000,101204.819277108,5.77341836908676,TRUE,NA
"Beta right-high",1,301123,333,333,105000,112942,5223,0.501108498511189,333,394,105000,88743.654822335,8.01217246340545,TRUE,NA
"Beta right-high",1,301123,333,800,105000,112942,5223,0.602628649102298,800,913,105000,92004.3811610077,5.67776975691967,TRUE,NA
"Beta right-high",1,301123,334,333,105000,102726,5292,0.486185750783206,333,257,105000,136050.583657588,8.81616145269754,TRUE,NA
"Beta right-high",1,301123,334,800,105000,102726,5292,0.597206295516236,800,702,105000,119658.11965812,5.96063596761606,TRUE,NA
"Beta right-high",1,301123,335,333,105000,103968,5264,0.483400747886541,333,300,105000,116550,8.49397022933253,TRUE,NA
"Beta right-high",1,301123,335,800,105000,103968,5264,0.596008710797458,800,781,105000,107554.417413572,5.83851558228319,TRUE,NA
"Beta right-high",1,301123,336,333,105000,106805,5247,0.490983167265504,333,293,105000,119334.470989761,8.54071951045218,TRUE,NA
"Beta right-high",1,301123,336,800,105000,106805,5247,0.603139664175339,800,806,105000,104218.362282878,5.8044047743281,TRUE,NA
"Beta right-high",1,301123,337,333,105000,102113,5253,0.504603095213833,333,340,105000,102838.235294118,8.25990082442498,TRUE,NA
"Beta right-high",1,301123,337,800,105000,102113,5253,0.603481896235323,800,760,105000,110526.315789474,5.86873594824866,TRUE,NA
"Beta right-high",1,301123,338,333,105000,113640,5295,0.501473926271223,333,351,105000,99615.3846153846,8.20391524904314,TRUE,NA
"Beta right-high",1,301123,338,800,105000,113640,5295,0.600972888952242,800,832,105000,100961.538461538,5.7709096044432,TRUE,NA
"Beta right-high",1,301123,339,333,105000,102025,5275,0.495749744962927,333,325,105000,107584.615384615,8.34166816006756,TRUE,NA
"Beta right-high",1,301123,339,800,105000,102025,5275,0.60505905838313,800,818,105000,102689.486552567,5.78870501655851,TRUE,NA
"Beta right-high",1,301123,340,333,105000,105968,5240,0.494378745352321,333,347,105000,100763.688760807,8.2239066584859,TRUE,NA
"Beta right-high",1,301123,340,800,105000,105968,5240,0.602307047635066,800,836,105000,100478.468899522,5.76592485048689,TRUE,NA
"Beta right-high",1,301123,341,333,105000,101599,5123,0.504540198984709,333,341,105000,102536.656891496,8.25467807488184,TRUE,NA
"Beta right-high",1,301123,341,800,105000,101599,5123,0.609515713394506,800,799,105000,105131.414267835,5.81376052560807,TRUE,NA
"Beta right-high",1,301123,342,333,105000,105741,5290,0.500197253606727,333,343,105000,101938.775510204,8.24431415424542,TRUE,NA
"Beta right-high",1,301123,342,800,105000,105741,5290,0.603848132845705,800,786,105000,106870.229007634,5.83153609299099,TRUE,NA
"Beta right-high",1,301123,343,333,105000,103370,5371,0.487074374477041,333,267,105000,130955.056179775,8.7331197429128,TRUE,NA
"Beta right-high",1,301123,343,800,105000,103370,5371,0.602444299841794,800,776,105000,108247.422680412,5.84557651832292,TRUE,NA
"Beta right-high",1,301123,344,333,105000,105538,5187,0.491807984681081,333,303,105000,115396.03960396,8.47452047336527,TRUE,NA
"Beta right-high",1,301123,344,800,105000,105538,5187,0.60484875921706,800,773,105000,108667.529107374,5.8498527760487,TRUE,NA
"Beta right-high",1,301123,345,333,105000,104391,5242,0.496834897727399,333,333,105000,105000,8.29724212937552,TRUE,NA
"Beta right-high",1,301123,345,800,105000,104391,5242,0.602774129972368,800,811,105000,103575.832305795,5.797811925227,TRUE,NA
"Beta right-high",1,301123,346,333,105000,104872,5183,0.500616747947877,333,322,105000,108586.956521739,8.3588335038193,TRUE,NA
"Beta right-high",1,301123,346,800,105000,104872,5183,0.606963943230586,800,789,105000,106463.878326996,5.82738690347812,TRUE,NA
"Beta right-high",1,301123,347,333,105000,102096,5197,0.503734287590532,333,331,105000,105634.441087613,8.30816931014239,TRUE,NA
"Beta right-high",1,301123,347,800,105000,102096,5197,0.604051372170732,800,768,105000,109375,5.8570470569014,TRUE,NA
"Beta right-high",1,301123,348,333,105000,108393,5263,0.496247207767013,333,326,105000,107254.601226994,8.33600885011652,TRUE,NA
"Beta right-high",1,301123,348,800,105000,108393,5263,0.60212635938589,800,808,105000,103960.396039604,5.80175874344896,TRUE,NA
"Beta right-high",1,301123,349,333,105000,103473,5131,0.496551203453657,333,319,105000,109608.150470219,8.37628553154077,TRUE,NA
"Beta right-high",1,301123,349,800,105000,103473,5131,0.61423852349073,800,851,105000,98707.4030552291,5.74761239207401,TRUE,NA
"Beta right-high",1,301123,350,333,105000,104268,5267,0.48885390965196,333,296,105000,118125,8.52044486557115,TRUE,NA
"Beta right-high",1,301123,350,800,105000,104268,5267,0.597920447487909,800,738,105000,113821.138211382,5.90205916564541,TRUE,NA
"Beta right-high",1,301123,351,333,105000,104834,5210,0.504496872363488,333,362,105000,96588.3977900552,8.15098192340771,TRUE,NA
"Beta right-high",1,301123,351,800,105000,104834,5210,0.606433193998901,800,826,105000,101694.915254237,5.77846903804895,TRUE,NA
"Beta right-high",1,301123,352,333,105000,106318,5162,0.494484717433474,333,327,105000,106926.605504587,8.33038034418632,TRUE,NA
"Beta right-high",1,301123,352,800,105000,106318,5162,0.602210987191706,800,781,105000,107554.417413572,5.83851558228319,TRUE,NA
"Beta right-high",1,301123,353,333,105000,103691,5236,0.491055642787971,333,320,105000,109265.625,8.37043588610856,TRUE,NA
"Beta right-high",1,301123,353,800,105000,103691,5236,0.594910909364149,800,776,105000,108247.422680412,5.84557651832292,TRUE,NA
"Beta right-high",1,301123,354,333,105000,102165,5164,0.498858276552251,333,335,105000,104373.134328358,8.28643126998051,TRUE,NA
"Beta right-high",1,301123,354,800,105000,102165,5164,0.608221278824389,800,801,105000,104868.913857678,5.81107231070914,TRUE,NA
"Beta right-high",1,301123,355,333,105000,106519,5233,0.509681358552082,333,395,105000,88518.9873417722,8.00816162547039,TRUE,NA
"Beta right-high",1,301123,355,800,105000,106519,5233,0.608179954064075,800,850,105000,98823.5294117647,5.74881490185386,TRUE,NA
"Beta right-high",1,301123,356,333,105000,103670,5221,0.4919968106155,333,309,105000,113155.339805825,8.43662589370772,TRUE,NA
"Beta right-high",1,301123,356,800,105000,103670,5221,0.598874511634824,800,793,105000,105926.860025221,5.82189894902144,TRUE,NA
"Beta right-high",1,301123,357,333,105000,105228,5184,0.492825106507772,333,296,105000,118125,8.52044486557115,TRUE,NA
"Beta right-high",1,301123,357,800,105000,105228,5184,0.600622658492158,800,772,105000,108808.29015544,5.85128488189318,TRUE,NA
"Beta right-high",1,301123,358,333,105000,106680,5207,0.490856847209307,333,327,105000,106926.605504587,8.33038034418632,TRUE,NA
"Beta right-high",1,301123,358,800,105000,106680,5207,0.596656836182304,800,786,105000,106870.229007634,5.83153609299099,TRUE,NA
"Beta right-high",1,301123,359,333,105000,104628,5244,0.496833082302629,333,303,105000,115396.03960396,8.47452047336527,TRUE,NA
"Beta right-high",1,301123,359,800,105000,104628,5244,0.600852045628099,800,774,105000,108527.131782946,5.84842402141388,TRUE,NA
"Beta right-high",1,301123,360,333,105000,109975,5292,0.494615945402846,333,331,105000,105634.441087613,8.30816931014239,TRUE,NA
"Beta right-high",1,301123,360,800,105000,109975,5292,0.601073740820349,800,787,105000,106734.434561626,5.83014984356145,TRUE,NA
"Beta right-high",1,301123,361,333,105000,102834,5389,0.48844764935751,333,278,105000,125773.381294964,8.64785637860833,TRUE,NA
"Beta right-high",1,301123,361,800,105000,102834,5389,0.597538455270384,800,697,105000,120516.49928264,5.9692017212502,TRUE,NA
"Beta right-high",1,301123,362,333,105000,104707,5275,0.511039999089849,333,395,105000,88518.9873417722,8.00816162547039,TRUE,NA
"Beta right-high",1,301123,362,800,105000,104707,5275,0.609972687652359,800,827,105000,101571.946795647,5.77720220534795,TRUE,NA
"Beta right-high",1,301123,363,333,105000,104652,5290,0.50022290816023,333,369,105000,94756.0975609756,8.11877256278091,TRUE,NA
"Beta right-high",1,301123,363,800,105000,104652,5290,0.60242511765071,800,830,105000,101204.819277108,5.77341836908676,TRUE,NA
"Beta right-high",1,301123,364,333,105000,109868,5201,0.494566252412697,333,306,105000,114264.705882353,8.45540865278229,TRUE,NA
"Beta right-high",1,301123,364,800,105000,109868,5201,0.602101820828582,800,839,105000,100119.189511323,5.7622146806349,TRUE,NA
"Beta right-high",1,301123,365,333,105000,106815,5210,0.49763480653754,333,334,105000,104685.628742515,8.29182227763796,TRUE,NA
"Beta right-high",1,301123,365,800,105000,106815,5210,0.60673067550012,800,840,105000,1e+05,5.76098331868666,TRUE,NA
"Beta right-high",1,301123,366,333,105000,101624,5142,0.501402533971782,333,316,105000,110648.734177215,8.39403160249634,TRUE,NA
"Beta right-high",1,301123,366,800,105000,101624,5142,0.606044475671757,800,773,105000,108667.529107374,5.8498527760487,TRUE,NA
"Beta right-high",1,301123,367,333,105000,105086,5305,0.484820229070302,333,314,105000,111353.503184713,8.40602942425351,TRUE,NA
"Beta right-high",1,301123,367,800,105000,105086,5305,0.600721795691867,800,802,105000,104738.154613466,5.80973276696946,TRUE,NA
"Beta right-high",1,301123,368,333,105000,104207,5280,0.49868457410054,333,322,105000,108586.956521739,8.3588335038193,TRUE,NA
"Beta right-high",1,301123,368,800,105000,104207,5280,0.60583535793663,800,792,105000,106060.606060606,5.82326622435268,TRUE,NA
"Beta right-high",1,301123,369,333,105000,104439,5299,0.493561907505513,333,306,105000,114264.705882353,8.45540865278229,TRUE,NA
"Beta right-high",1,301123,369,800,105000,104439,5299,0.601391257476576,800,775,105000,108387.096774194,5.846998606112,TRUE,NA
"Beta right-high",1,301123,370,333,105000,105126,5268,0.506028219006282,333,355,105000,98492.9577464789,8.18432715670391,TRUE,NA
"Beta right-high",1,301123,370,800,105000,105126,5268,0.60468823242318,800,792,105000,106060.606060606,5.82326622435268,TRUE,NA
"Beta right-high",1,301123,371,333,105000,106228,5323,0.502283468222382,333,344,105000,101642.441860465,8.2391725534373,TRUE,NA
"Beta right-high",1,301123,371,800,105000,106228,5323,0.597236779128142,800,759,105000,110671.936758893,5.87021272697668,TRUE,NA
"Beta right-high",1,301123,372,333,105000,106356,5196,0.501285183023007,333,334,105000,104685.628742515,8.29182227763796,TRUE,NA
"Beta right-high",1,301123,372,800,105000,106356,5196,0.604587583732081,800,809,105000,103831.891223733,5.80044018371199,TRUE,NA
"Beta right-high",1,301123,373,333,105000,107528,5248,0.4816942694324,333,278,105000,125773.381294964,8.64785637860833,TRUE,NA
"Beta right-high",1,301123,373,800,105000,107528,5248,0.592383494266606,800,767,105000,109517.601043025,5.85849609894922,TRUE,NA
"Beta right-high",1,301123,374,333,105000,105101,5481,0.48945373753568,333,306,105000,114264.705882353,8.45540865278229,TRUE,NA
"Beta right-high",1,301123,374,800,105000,105101,5481,0.595561230378688,800,705,105000,119148.936170213,5.95554901386468,TRUE,NA
"Beta right-high",1,301123,375,333,105000,105392,5377,0.504899753136486,333,350,105000,99900,8.20887480078011,TRUE,NA
"Beta right-high",1,301123,375,800,105000,105392,5377,0.607057383862067,800,869,105000,96662.830840046,5.72639910898064,TRUE,NA
"Beta right-high",1,301123,376,333,105000,105680,5211,0.496511760045731,333,343,105000,101938.775510204,8.24431415424542,TRUE,NA
"Beta right-high",1,301123,376,800,105000,105680,5211,0.599350857544141,800,814,105000,103194.103194103,5.79389154009948,TRUE,NA
"Beta right-high",1,301123,377,333,105000,105391,5204,0.502024551704759,333,351,105000,99615.3846153846,8.20391524904314,TRUE,NA
"Beta right-high",1,301123,377,800,105000,105391,5204,0.612589660345478,800,855,105000,98245.6140350877,5.74282799029995,TRUE,NA
"Beta right-high",1,301123,378,333,105000,103073,5286,0.494087240312775,333,303,105000,115396.03960396,8.47452047336527,TRUE,NA
"Beta right-high",1,301123,378,800,105000,103073,5286,0.601173070791445,800,739,105000,113667.117726658,5.90050562433323,TRUE,NA
"Beta right-high",1,301123,379,333,105000,102857,5258,0.490149206533689,333,288,105000,121406.25,8.57533784440452,TRUE,NA
"Beta right-high",1,301123,379,800,105000,102857,5258,0.604144916836693,800,795,105000,105660.377358491,5.8191737597038,TRUE,NA
"Beta right-high",1,301123,380,333,105000,108870,5299,0.492242333395244,333,307,105000,113892.508143322,8.44911159979167,TRUE,NA
"Beta right-high",1,301123,380,800,105000,108870,5299,0.599394793087647,800,793,105000,105926.860025221,5.82189894902144,TRUE,NA
"Beta right-high",1,301123,381,333,105000,107829,5235,0.497826785700223,333,370,105000,94500,8.11426053010877,TRUE,NA
"Beta right-high",1,301123,381,800,105000,107829,5235,0.606804896848479,800,858,105000,97902.0979020979,5.73926637719802,TRUE,NA
"Beta right-high",1,301123,382,333,105000,105193,5174,0.495221037287103,333,308,105000,113522.727272727,8.4428507857824,TRUE,NA
"Beta right-high",1,301123,382,800,105000,105193,5174,0.603144807527258,800,809,105000,103831.891223733,5.80044018371199,TRUE,NA
"Beta right-high",1,301123,383,333,105000,100974,5246,0.490437848757034,333,273,105000,128076.923076923,8.68586400731042,TRUE,NA
"Beta right-high",1,301123,383,800,105000,100974,5246,0.599025181242138,800,705,105000,119148.936170213,5.95554901386468,TRUE,NA
"Beta right-high",1,301123,384,333,105000,100296,5295,0.498318059198836,333,356,105000,98216.2921348315,8.17949170571763,TRUE,NA
"Beta right-high",1,301123,384,800,105000,100296,5295,0.603871286370037,800,816,105000,102941.176470588,5.7912925029054,TRUE,NA
"Beta right-high",1,301123,385,333,105000,107226,5276,0.48690388836653,333,282,105000,123989.361702128,8.61830550811791,TRUE,NA
"Beta right-high",1,301123,385,800,105000,107226,5276,0.604634808876445,800,799,105000,105131.414267835,5.81376052560807,TRUE,NA
"Beta right-high",1,301123,386,333,105000,104286,5284,0.503273985336287,333,378,105000,92500,8.07893702033136,TRUE,NA
"Beta right-high",1,301123,386,800,105000,104286,5284,0.59962638839154,800,813,105000,103321.033210332,5.79519541470812,TRUE,NA
"Beta right-high",1,301123,387,333,105000,107006,5347,0.497100511839829,333,318,105000,109952.830188679,8.38216784632455,TRUE,NA
"Beta right-high",1,301123,387,800,105000,107006,5347,0.594759950839,800,717,105000,117154.811715481,5.93558491541686,TRUE,NA
"Beta right-high",1,301123,388,333,105000,99238,5214,0.503379912082432,333,327,105000,106926.605504587,8.33038034418632,TRUE,NA
"Beta right-high",1,301123,388,800,105000,99238,5214,0.602228320160918,800,760,105000,110526.315789474,5.86873594824866,TRUE,NA
"Beta right-high",1,301123,389,333,105000,106002,5327,0.489749817215038,333,312,105000,112067.307692308,8.41816363435257,TRUE,NA
"Beta right-high",1,301123,389,800,105000,106002,5327,0.595031199358908,800,747,105000,112449.799196787,5.888212610817,TRUE,NA
"Beta right-high",1,301123,390,333,105000,102264,5273,0.496059756723677,333,307,105000,113892.508143322,8.44911159979167,TRUE,NA
"Beta right-high",1,301123,390,800,105000,102264,5273,0.597086525232165,800,701,105000,119828.815977175,5.96234032312833,TRUE,NA
"Beta right-high",1,301123,391,333,105000,100758,5203,0.5049243316977,333,350,105000,99900,8.20887480078011,TRUE,NA
"Beta right-high",1,301123,391,800,105000,100758,5203,0.609062615004151,800,809,105000,103831.891223733,5.80044018371199,TRUE,NA
"Beta right-high",1,301123,392,333,105000,104143,5298,0.502623268131973,333,331,105000,105634.441087613,8.30816931014239,TRUE,NA
"Beta right-high",1,301123,392,800,105000,104143,5298,0.614265439937114,800,834,105000,100719.424460432,5.7684117889836,TRUE,NA
"Beta right-high",1,301123,393,333,105000,105200,5331,0.496807386694453,333,329,105000,106276.595744681,8.31921472866097,TRUE,NA
"Beta right-high",1,301123,393,800,105000,105200,5331,0.603711929242778,800,804,105000,104477.611940299,5.80706275484411,TRUE,NA
"Beta right-high",1,301123,394,333,105000,104594,5272,0.492396333508669,333,267,105000,130955.056179775,8.7331197429128,TRUE,NA
"Beta right-high",1,301123,394,800,105000,104594,5272,0.599924454127954,800,725,105000,115862.068965517,5.92260671847286,TRUE,NA
"Beta right-high",1,301123,395,333,105000,107369,5271,0.495499014468506,333,325,105000,107584.615384615,8.34166816006756,TRUE,NA
"Beta right-high",1,301123,395,800,105000,107369,5271,0.603868630366793,800,864,105000,97222.2222222222,5.73221082720255,TRUE,NA
"Beta right-high",1,301123,396,333,105000,105065,5252,0.491943591706081,333,339,105000,103141.592920354,8.2651510571314,TRUE,NA
"Beta right-high",1,301123,396,800,105000,105065,5252,0.599250414354632,800,806,105000,104218.362282878,5.8044047743281,TRUE,NA
"Beta right-high",1,301123,397,333,105000,113305,5135,0.504614004344607,333,373,105000,93739.946380697,8.1008547942785,TRUE,NA
"Beta right-high",1,301123,397,800,105000,113305,5135,0.606999213055849,800,886,105000,94808.1264108352,5.70708757677676,TRUE,NA
"Beta right-high",1,301123,398,333,105000,99427,5227,0.505800346170209,333,346,105000,101054.913294798,8.22896901364322,TRUE,NA
"Beta right-high",1,301123,398,800,105000,99427,5227,0.610227092449853,800,788,105000,106598.984771574,5.82876678409535,TRUE,NA
"Beta right-high",1,301123,399,333,105000,101434,5227,0.497740467220039,333,312,105000,112067.307692308,8.41816363435257,TRUE,NA
"Beta right-high",1,301123,399,800,105000,101434,5227,0.604335515652916,800,813,105000,103321.033210332,5.79519541470812,TRUE,NA
"Beta right-high",1,301123,400,333,105000,112399,5246,0.493946506867621,333,348,105000,100474.137931034,8.21887030603124,TRUE,NA
"Beta right-high",1,301123,400,800,105000,112399,5246,0.598311414134241,800,847,105000,99173.5537190083,5.75243794718058,TRUE,NA
