"scenario","ratio_value","setting_seed","repetition","x_stop","n_target_total","n_marker_actual","n_target_band","x_end","x_count","n_count","c_true","c_hat","sigma_L","valid","invalid_reason"
"Beta centre-high",2,202123,1,333,210000,104860,2895,0.289474296726763,333,184,210000,190027.173913043,9.65204760713552,TRUE,NA
"Beta centre-high",2,202123,1,800,210000,104860,2895,0.39246240174479,800,416,210000,201923.076923077,6.73220828791605,TRUE,NA
"Beta centre-high",2,202123,2,333,210000,102220,2767,0.292108077687806,333,149,210000,234664.429530201,10.2921470492403,TRUE,NA
"Beta centre-high",2,202123,2,800,210000,102220,2767,0.396806926094204,800,418,210000,200956.937799043,6.72366060040962,TRUE,NA
"Beta centre-high",2,202123,3,333,210000,106601,2884,0.286462759574823,333,151,210000,231556.291390728,10.2488712786515,TRUE,NA
"Beta centre-high",2,202123,3,800,210000,106601,2884,0.396437810272491,800,407,210000,206388.206388206,6.77157230364179,TRUE,NA
"Beta centre-high",2,202123,4,333,210000,106367,2775,0.293738588190639,333,180,210000,194250,9.71440952806755,TRUE,NA
"Beta centre-high",2,202123,4,800,210000,106367,2775,0.393598488634318,800,426,210000,197183.098591549,6.69016780784906,TRUE,NA
"Beta centre-high",2,202123,5,333,210000,106063,2757,0.289781853584253,333,157,210000,222707.006369427,10.1246463858931,TRUE,NA
"Beta centre-high",2,202123,5,800,210000,106063,2757,0.393659007098085,800,362,210000,232044.198895028,6.9934595362874,TRUE,NA
"Beta centre-high",2,202123,6,333,210000,106262,2864,0.29288591940279,333,152,210000,230032.894736842,10.2275935883112,TRUE,NA
"Beta centre-high",2,202123,6,800,210000,106262,2864,0.390659850748625,800,390,210000,215384.615384615,6.85019653254194,TRUE,NA
"Beta centre-high",2,202123,7,333,210000,108134,2881,0.288704069581717,333,161,210000,217173.913043478,10.0461932176168,TRUE,NA
"Beta centre-high",2,202123,7,800,210000,108134,2881,0.392433830829206,800,401,210000,209476.309226933,6.79866330639878,TRUE,NA
"Beta centre-high",2,202123,8,333,210000,102988,2865,0.287307578976621,333,150,210000,233100,10.2703877039828,TRUE,NA
"Beta centre-high",2,202123,8,800,210000,102988,2865,0.396889693933497,800,392,210000,214285.714285714,6.84064112310072,TRUE,NA
"Beta centre-high",2,202123,9,333,210000,107161,2862,0.291747334962024,333,152,210000,230032.894736842,10.2275935883112,TRUE,NA
"Beta centre-high",2,202123,9,800,210000,107161,2862,0.39619901235919,800,384,210000,218750,6.87937741079022,TRUE,NA
"Beta centre-high",2,202123,10,333,210000,100390,2881,0.291038306621689,333,147,210000,237857.142857143,10.3364117472074,TRUE,NA
"Beta centre-high",2,202123,10,800,210000,100390,2881,0.392156100362523,800,354,210000,237288.13559322,7.03795101318882,TRUE,NA
"Beta centre-high",2,202123,11,333,210000,103847,2988,0.289733899045977,333,157,210000,222707.006369427,10.1246463858931,TRUE,NA
"Beta centre-high",2,202123,11,800,210000,103847,2988,0.387594449119375,800,385,210000,218181.818181818,6.87445946001938,TRUE,NA
"Beta centre-high",2,202123,12,333,210000,106519,2834,0.292430999614999,333,155,210000,225580.64516129,10.1651525298793,TRUE,NA
"Beta centre-high",2,202123,12,800,210000,106519,2834,0.391543323270505,800,394,210000,213197.969543147,6.83116955969639,TRUE,NA
"Beta centre-high",2,202123,13,333,210000,102209,2862,0.289105271630987,333,150,210000,233100,10.2703877039828,TRUE,NA
"Beta centre-high",2,202123,13,800,210000,102209,2862,0.391627576521592,800,386,210000,217616.580310881,6.86956349739337,TRUE,NA
"Beta centre-high",2,202123,14,333,210000,107200,2809,0.294733181904694,333,148,210000,236250,10.3141536003213,TRUE,NA
"Beta centre-high",2,202123,14,800,210000,107200,2809,0.392494860620629,800,374,210000,224598.930481283,6.92980048831585,TRUE,NA
"Beta centre-high",2,202123,15,333,210000,104280,2893,0.292304867382077,333,164,210000,213201.219512195,9.98948480551183,TRUE,NA
"Beta centre-high",2,202123,15,800,210000,104280,2893,0.391388529440941,800,405,210000,207407.407407407,6.78052541608063,TRUE,NA
"Beta centre-high",2,202123,16,333,210000,100411,2890,0.29669651593497,333,175,210000,199800,9.79576715047429,TRUE,NA
"Beta centre-high",2,202123,16,800,210000,100411,2890,0.398601722369147,800,395,210000,212658.227848101,6.82646486767687,TRUE,NA
"Beta centre-high",2,202123,17,333,210000,108204,2845,0.29148418689525,333,141,210000,247978.723404255,10.4755039372365,TRUE,NA
"Beta centre-high",2,202123,17,800,210000,108204,2845,0.395823452404124,800,391,210000,214833.759590793,6.84540827589973,TRUE,NA
"Beta centre-high",2,202123,18,333,210000,106803,2876,0.290978555626789,333,140,210000,249750,10.4996556301636,TRUE,NA
"Beta centre-high",2,202123,18,800,210000,106803,2876,0.383301925305466,800,368,210000,228260.869565217,6.96118380283859,TRUE,NA
"Beta centre-high",2,202123,19,333,210000,104967,2833,0.296466113006654,333,165,210000,211909.090909091,9.97097074158352,TRUE,NA
"Beta centre-high",2,202123,19,800,210000,104967,2833,0.390417031849125,800,363,210000,231404.958677686,6.98801661845586,TRUE,NA
"Beta centre-high",2,202123,20,333,210000,109700,2850,0.303907694991099,333,201,210000,173955.223880597,9.41092135258544,TRUE,NA
"Beta centre-high",2,202123,20,800,210000,109700,2850,0.400718880059035,800,406,210000,206896.551724138,6.77603931255901,TRUE,NA
"Beta centre-high",2,202123,21,333,210000,106088,2826,0.303279416816601,333,189,210000,185000,9.57727778826045,TRUE,NA
"Beta centre-high",2,202123,21,800,210000,106088,2826,0.40344106632985,800,444,210000,189189.189189189,6.61866220742127,TRUE,NA
"Beta centre-high",2,202123,22,333,210000,103974,2932,0.290948151290343,333,151,210000,231556.291390728,10.2488712786515,TRUE,NA
"Beta centre-high",2,202123,22,800,210000,103974,2932,0.394365271260375,800,379,210000,221635.883905013,6.90430236648355,TRUE,NA
"Beta centre-high",2,202123,23,333,210000,104679,2903,0.293355640816723,333,190,210000,184026.315789474,9.56272847417632,TRUE,NA
"Beta centre-high",2,202123,23,800,210000,104679,2903,0.391913815778965,800,388,210000,216494.845360825,6.85983693462991,TRUE,NA
"Beta centre-high",2,202123,24,333,210000,104820,2879,0.297329298128806,333,167,210000,209371.25748503,9.93450735791223,TRUE,NA
"Beta centre-high",2,202123,24,800,210000,104820,2879,0.397042836774196,800,407,210000,206388.206388206,6.77157230364179,TRUE,NA
"Beta centre-high",2,202123,25,333,210000,100941,2787,0.292141748072847,333,157,210000,222707.006369427,10.1246463858931,TRUE,NA
"Beta centre-high",2,202123,25,800,210000,100941,2787,0.401858867720428,800,383,210000,219321.148825065,6.88431750196318,TRUE,NA
"Beta centre-high",2,202123,26,333,210000,102917,2815,0.294003876707729,333,168,210000,208125,9.91655214513914,TRUE,NA
"Beta centre-high",2,202123,26,800,210000,102917,2815,0.393776791363013,800,382,210000,219895.287958115,6.88927988723264,TRUE,NA
"Beta centre-high",2,202123,27,333,210000,99200,2745,0.292640521877417,333,146,210000,239486.301369863,10.3589259872047,TRUE,NA
"Beta centre-high",2,202123,27,800,210000,99200,2745,0.402147352289265,800,384,210000,218750,6.87937741079022,TRUE,NA
"Beta centre-high",2,202123,28,333,210000,106081,2784,0.29507404745898,333,181,210000,193176.79558011,9.69859864660789,TRUE,NA
"Beta centre-high",2,202123,28,800,210000,106081,2784,0.403261830522604,800,424,210000,198113.20754717,6.69843806822168,TRUE,NA
"Beta centre-high",2,202123,29,333,210000,108325,2905,0.285929695046757,333,155,210000,225580.64516129,10.1651525298793,TRUE,NA
"Beta centre-high",2,202123,29,800,210000,108325,2905,0.386928645628862,800,382,210000,219895.287958115,6.88927988723264,TRUE,NA
"Beta centre-high",2,202123,30,333,210000,100925,2848,0.291164838952616,333,144,210000,242812.5,10.4047412926943,TRUE,NA
"Beta centre-high",2,202123,30,800,210000,100925,2848,0.392760256435566,800,358,210000,234636.87150838,7.01549198469208,TRUE,NA
"Beta centre-high",2,202123,31,333,210000,111688,2705,0.29631092313756,333,191,210000,183062.827225131,9.54830968631948,TRUE,NA
"Beta centre-high",2,202123,31,800,210000,111688,2705,0.406168399005553,800,461,210000,182212.581344902,6.55561902973741,TRUE,NA
"Beta centre-high",2,202123,32,333,210000,102829,2871,0.294039772059741,333,159,210000,219905.660377358,10.0850026615991,TRUE,NA
"Beta centre-high",2,202123,32,800,210000,102829,2871,0.399888940995328,800,397,210000,211586.901763224,6.81711696907119,TRUE,NA
"Beta centre-high",2,202123,33,333,210000,97169,2774,0.292048216306394,333,165,210000,211909.090909091,9.97097074158352,TRUE,NA
"Beta centre-high",2,202123,33,800,210000,97169,2774,0.397964190116613,800,386,210000,217616.580310881,6.86956349739337,TRUE,NA
"Beta centre-high",2,202123,34,333,210000,106113,2949,0.291689826056142,333,153,210000,228529.411764706,10.2065505459796,TRUE,NA
"Beta centre-high",2,202123,34,800,210000,106113,2949,0.388727525439784,800,344,210000,244186.046511628,7.09605061532713,TRUE,NA
"Beta centre-high",2,202123,35,333,210000,104702,2871,0.284780959833831,333,164,210000,213201.219512195,9.98948480551183,TRUE,NA
"Beta centre-high",2,202123,35,800,210000,104702,2871,0.387408493124841,800,412,210000,203883.495145631,6.74951935722968,TRUE,NA
"Beta centre-high",2,202123,36,333,210000,106692,2807,0.29313642654715,333,160,210000,218531.25,10.0654953640372,TRUE,NA
"Beta centre-high",2,202123,36,800,210000,106692,2807,0.395720562525359,800,402,210000,208955.223880597,6.79409955652486,TRUE,NA
"Beta centre-high",2,202123,37,333,210000,101770,2758,0.294722573367166,333,187,210000,186978.609625668,9.60677535660802,TRUE,NA
"Beta centre-high",2,202123,37,800,210000,101770,2758,0.403495618931296,800,434,210000,193548.387096774,6.65775048704906,TRUE,NA
"Beta centre-high",2,202123,38,333,210000,104604,2811,0.299882990377554,333,174,210000,200948.275862069,9.8125155434919,TRUE,NA
"Beta centre-high",2,202123,38,800,210000,104604,2811,0.396720803676915,800,380,210000,221052.631578947,6.89927216212756,TRUE,NA
"Beta centre-high",2,202123,39,333,210000,106040,2855,0.293180146981084,333,171,210000,204473.684210526,9.86375836520729,TRUE,NA
"Beta centre-high",2,202123,39,800,210000,106040,2855,0.392921728487724,800,414,210000,202898.550724638,6.74082756532198,TRUE,NA
"Beta centre-high",2,202123,40,333,210000,102967,2817,0.29119239438376,333,151,210000,231556.291390728,10.2488712786515,TRUE,NA
"Beta centre-high",2,202123,40,800,210000,102967,2817,0.397514828897902,800,416,210000,201923.076923077,6.73220828791605,TRUE,NA
"Beta centre-high",2,202123,41,333,210000,103572,2801,0.293325189164963,333,160,210000,218531.25,10.0654953640372,TRUE,NA
"Beta centre-high",2,202123,41,800,210000,103572,2801,0.401013185735918,800,384,210000,218750,6.87937741079022,TRUE,NA
"Beta centre-high",2,202123,42,333,210000,105390,2855,0.29840169097729,333,187,210000,186978.609625668,9.60677535660802,TRUE,NA
"Beta centre-high",2,202123,42,800,210000,105390,2855,0.394591908755337,800,394,210000,213197.969543147,6.83116955969639,TRUE,NA
"Beta centre-high",2,202123,43,333,210000,108197,2841,0.292164160393382,333,165,210000,211909.090909091,9.97097074158352,TRUE,NA
"Beta centre-high",2,202123,43,800,210000,108197,2841,0.396009314765486,800,416,210000,201923.076923077,6.73220828791605,TRUE,NA
"Beta centre-high",2,202123,44,333,210000,108588,2856,0.293426149968184,333,151,210000,231556.291390728,10.2488712786515,TRUE,NA
"Beta centre-high",2,202123,44,800,210000,108588,2856,0.396045997602176,800,394,210000,213197.969543147,6.83116955969639,TRUE,NA
"Beta centre-high",2,202123,45,333,210000,103906,2797,0.294083908724435,333,143,210000,244510.48951049,10.4280519203504,TRUE,NA
"Beta centre-high",2,202123,45,800,210000,103906,2797,0.397580076225537,800,384,210000,218750,6.87937741079022,TRUE,NA
"Beta centre-high",2,202123,46,333,210000,108646,2793,0.29386926827224,333,173,210000,202109.826589595,9.82942852517615,TRUE,NA
"Beta centre-high",2,202123,46,800,210000,108646,2793,0.396821709092522,800,447,210000,187919.463087248,6.60723327472762,TRUE,NA
"Beta centre-high",2,202123,47,333,210000,106677,2798,0.290634396334965,333,173,210000,202109.826589595,9.82942852517615,TRUE,NA
"Beta centre-high",2,202123,47,800,210000,106677,2798,0.395119017046862,800,374,210000,224598.930481283,6.92980048831585,TRUE,NA
"Beta centre-high",2,202123,48,333,210000,103054,2891,0.294207214230566,333,171,210000,204473.684210526,9.86375836520729,TRUE,NA
"Beta centre-high",2,202123,48,800,210000,103054,2891,0.400455706914767,800,396,210000,212121.212121212,6.82178071664205,TRUE,NA
"Beta centre-high",2,202123,49,333,210000,109262,2824,0.292034197942233,333,171,210000,204473.684210526,9.86375836520729,TRUE,NA
"Beta centre-high",2,202123,49,800,210000,109262,2824,0.391879142268913,800,401,210000,209476.309226933,6.79866330639878,TRUE,NA
"Beta centre-high",2,202123,50,333,210000,112341,2816,0.284370298860323,333,182,210000,192115.384615385,9.68293611816731,TRUE,NA
"Beta centre-high",2,202123,50,800,210000,112341,2816,0.391436519294021,800,414,210000,202898.550724638,6.74082756532198,TRUE,NA
"Beta centre-high",2,202123,51,333,210000,105000,2783,0.300055948559033,333,151,210000,231556.291390728,10.2488712786515,TRUE,NA
"Beta centre-high",2,202123,51,800,210000,105000,2783,0.405540050611284,800,376,210000,223404.255319149,6.91953116723056,TRUE,NA
"Beta centre-high",2,202123,52,333,210000,103034,2800,0.292792352972532,333,162,210000,215833.333333333,10.027092898003,TRUE,NA
"Beta centre-high",2,202123,52,800,210000,103034,2800,0.395931420343698,800,411,210000,204379.562043796,6.75389273950461,TRUE,NA
"Beta centre-high",2,202123,53,333,210000,103884,2795,0.287651417257018,333,138,210000,253369.565217391,10.5488371415714,TRUE,NA
"Beta centre-high",2,202123,53,800,210000,103884,2795,0.398746044070251,800,383,210000,219321.148825065,6.88431750196318,TRUE,NA
"Beta centre-high",2,202123,54,333,210000,108708,2929,0.29374275516286,333,161,210000,217173.913043478,10.0461932176168,TRUE,NA
"Beta centre-high",2,202123,54,800,210000,108708,2929,0.39598264557358,800,420,210000,2e+05,6.7151835941356,TRUE,NA
"Beta centre-high",2,202123,55,333,210000,102618,2828,0.290613428758027,333,180,210000,194250,9.71440952806755,TRUE,NA
"Beta centre-high",2,202123,55,800,210000,102618,2828,0.398738688802412,800,436,210000,192660.550458716,6.64980802053246,TRUE,NA
"Beta centre-high",2,202123,56,333,210000,107830,2872,0.29179790345074,333,171,210000,204473.684210526,9.86375836520729,TRUE,NA
"Beta centre-high",2,202123,56,800,210000,107830,2872,0.397050927555077,800,406,210000,206896.551724138,6.77603931255901,TRUE,NA
"Beta centre-high",2,202123,57,333,210000,104411,2891,0.298503810290227,333,185,210000,189000,9.6368174714222,TRUE,NA
"Beta centre-high",2,202123,57,800,210000,104411,2891,0.396605346579055,800,398,210000,211055.27638191,6.81247348869172,TRUE,NA
"Beta centre-high",2,202123,58,333,210000,101015,2764,0.292106712101035,333,155,210000,225580.64516129,10.1651525298793,TRUE,NA
"Beta centre-high",2,202123,58,800,210000,101015,2764,0.398730261066028,800,409,210000,205378.973105134,6.76269507253102,TRUE,NA
"Beta centre-high",2,202123,59,333,210000,105015,2881,0.293525274318273,333,169,210000,206893.49112426,9.898777427369,TRUE,NA
"Beta centre-high",2,202123,59,800,210000,105015,2881,0.396319039346155,800,422,210000,199052.132701422,6.70677637601546,TRUE,NA
"Beta centre-high",2,202123,60,333,210000,99575,2831,0.289121859652603,333,138,210000,253369.565217391,10.5488371415714,TRUE,NA
"Beta centre-high",2,202123,60,800,210000,99575,2831,0.398203104925333,800,383,210000,219321.148825065,6.88431750196318,TRUE,NA
"Beta centre-high",2,202123,61,333,210000,106714,2933,0.294977326932207,333,181,210000,193176.79558011,9.69859864660789,TRUE,NA
"Beta centre-high",2,202123,61,800,210000,106714,2933,0.387431209930313,800,405,210000,207407.407407407,6.78052541608063,TRUE,NA
"Beta centre-high",2,202123,62,333,210000,105766,2925,0.291563478692316,333,168,210000,208125,9.91655214513914,TRUE,NA
"Beta centre-high",2,202123,62,800,210000,105766,2925,0.38884352300908,800,387,210000,217054.263565891,6.86468937207488,TRUE,NA
"Beta centre-high",2,202123,63,333,210000,103278,2884,0.29228272878721,333,162,210000,215833.333333333,10.027092898003,TRUE,NA
"Beta centre-high",2,202123,63,800,210000,103278,2884,0.394680350177057,800,404,210000,207920.792079208,6.78503073986764,TRUE,NA
"Beta centre-high",2,202123,64,333,210000,99914,2797,0.29241161929836,333,152,210000,230032.894736842,10.2275935883112,TRUE,NA
"Beta centre-high",2,202123,64,800,210000,99914,2797,0.396034747610299,800,372,210000,225806.451612903,6.94016479080515,TRUE,NA
"Beta centre-high",2,202123,65,333,210000,107687,2811,0.298661084816925,333,164,210000,213201.219512195,9.98948480551183,TRUE,NA
"Beta centre-high",2,202123,65,800,210000,107687,2811,0.402633549879893,800,408,210000,205882.352941176,6.76712426478136,TRUE,NA
"Beta centre-high",2,202123,66,333,210000,101454,2772,0.294441562383623,333,148,210000,236250,10.3141536003213,TRUE,NA
"Beta centre-high",2,202123,66,800,210000,101454,2772,0.398471759205711,800,383,210000,219321.148825065,6.88431750196318,TRUE,NA
"Beta centre-high",2,202123,67,333,210000,107349,2888,0.294508155588937,333,173,210000,202109.826589595,9.82942852517615,TRUE,NA
"Beta centre-high",2,202123,67,800,210000,107349,2888,0.395342913550999,800,414,210000,202898.550724638,6.74082756532198,TRUE,NA
"Beta centre-high",2,202123,68,333,210000,99470,2799,0.295544859375648,333,168,210000,208125,9.91655214513914,TRUE,NA
"Beta centre-high",2,202123,68,800,210000,99470,2799,0.394909244865282,800,367,210000,228882.833787466,6.96650007512336,TRUE,NA
"Beta centre-high",2,202123,69,333,210000,105953,2804,0.291417057134296,333,151,210000,231556.291390728,10.2488712786515,TRUE,NA
"Beta centre-high",2,202123,69,800,210000,105953,2804,0.401653489960081,800,397,210000,211586.901763224,6.81711696907119,TRUE,NA
"Beta centre-high",2,202123,70,333,210000,109145,2877,0.285011251092618,333,161,210000,217173.913043478,10.0461932176168,TRUE,NA
"Beta centre-high",2,202123,70,800,210000,109145,2877,0.388775258344202,800,421,210000,199524.940617577,6.71097131677406,TRUE,NA
"Beta centre-high",2,202123,71,333,210000,108420,2934,0.290604583371646,333,195,210000,179307.692307692,9.49190435084053,TRUE,NA
"Beta centre-high",2,202123,71,800,210000,108420,2934,0.395320813878751,800,443,210000,189616.25282167,6.62250181763473,TRUE,NA
"Beta centre-high",2,202123,72,333,210000,106712,2854,0.293771141831998,333,157,210000,222707.006369427,10.1246463858931,TRUE,NA
"Beta centre-high",2,202123,72,800,210000,106712,2854,0.403439845477403,800,410,210000,204878.048780488,6.75828460453265,TRUE,NA
"Beta centre-high",2,202123,73,333,210000,105107,2865,0.285968371420919,333,174,210000,200948.275862069,9.8125155434919,TRUE,NA
"Beta centre-high",2,202123,73,800,210000,105107,2865,0.388329508439823,800,382,210000,219895.287958115,6.88927988723264,TRUE,NA
"Beta centre-high",2,202123,74,333,210000,107315,2840,0.298299781843904,333,154,210000,227045.454545455,10.185738159727,TRUE,NA
"Beta centre-high",2,202123,74,800,210000,107315,2840,0.394235405610649,800,361,210000,232686.980609418,6.99892834070722,TRUE,NA
"Beta centre-high",2,202123,75,333,210000,103336,2826,0.3014688057166,333,203,210000,172241.379310345,9.38484313493286,TRUE,NA
"Beta centre-high",2,202123,75,800,210000,103336,2826,0.396309329753045,800,442,210000,190045.248868778,6.62635656168337,TRUE,NA
"Beta centre-high",2,202123,76,333,210000,100433,2781,0.301501975323106,333,167,210000,209371.25748503,9.93450735791223,TRUE,NA
"Beta centre-high",2,202123,76,800,210000,100433,2781,0.399799464588018,800,409,210000,205378.973105134,6.76269507253102,TRUE,NA
"Beta centre-high",2,202123,77,333,210000,102866,2904,0.287249951529596,333,148,210000,236250,10.3141536003213,TRUE,NA
"Beta centre-high",2,202123,77,800,210000,102866,2904,0.38712286315352,800,379,210000,221635.883905013,6.90430236648355,TRUE,NA
"Beta centre-high",2,202123,78,333,210000,105444,2901,0.289650630241543,333,175,210000,199800,9.79576715047429,TRUE,NA
"Beta centre-high",2,202123,78,800,210000,105444,2901,0.387110255814556,800,395,210000,212658.227848101,6.82646486767687,TRUE,NA
"Beta centre-high",2,202123,79,333,210000,108622,2859,0.291142385850094,333,161,210000,217173.913043478,10.0461932176168,TRUE,NA
"Beta centre-high",2,202123,79,800,210000,108622,2859,0.392432043457737,800,385,210000,218181.818181818,6.87445946001938,TRUE,NA
"Beta centre-high",2,202123,80,333,210000,107930,2825,0.287328314570976,333,135,210000,259000,10.6248892228356,TRUE,NA
"Beta centre-high",2,202123,80,800,210000,107930,2825,0.395405206764548,800,372,210000,225806.451612903,6.94016479080515,TRUE,NA
"Beta centre-high",2,202123,81,333,210000,104702,2935,0.284667867835016,333,135,210000,259000,10.6248892228356,TRUE,NA
"Beta centre-high",2,202123,81,800,210000,104702,2935,0.393191691680758,800,351,210000,239316.239316239,7.05508294660329,TRUE,NA
"Beta centre-high",2,202123,82,333,210000,105098,2950,0.288164225488742,333,172,210000,203284.88372093,9.84650861001883,TRUE,NA
"Beta centre-high",2,202123,82,800,210000,105098,2950,0.390263891831969,800,382,210000,219895.287958115,6.88927988723264,TRUE,NA
"Beta centre-high",2,202123,83,333,210000,112336,2907,0.298430520094381,333,177,210000,197542.372881356,9.76275432778563,TRUE,NA
"Beta centre-high",2,202123,83,800,210000,112336,2907,0.393605137482516,800,420,210000,2e+05,6.7151835941356,TRUE,NA
"Beta centre-high",2,202123,84,333,210000,103569,2834,0.289058902828965,333,156,210000,224134.615384615,10.144789846321,TRUE,NA
"Beta centre-high",2,202123,84,800,210000,103569,2834,0.392099186083524,800,399,210000,210526.315789474,6.80785014046491,TRUE,NA
"Beta centre-high",2,202123,85,333,210000,103209,2816,0.29809005771099,333,190,210000,184026.315789474,9.56272847417632,TRUE,NA
"Beta centre-high",2,202123,85,800,210000,103209,2816,0.40477578663383,800,441,210000,190476.19047619,6.63022653118845,TRUE,NA
"Beta centre-high",2,202123,86,333,210000,106591,2824,0.289489363717301,333,165,210000,211909.090909091,9.97097074158352,TRUE,NA
"Beta centre-high",2,202123,86,800,210000,106591,2824,0.392723719952966,800,408,210000,205882.352941176,6.76712426478136,TRUE,NA
"Beta centre-high",2,202123,87,333,210000,109924,2830,0.286438115956898,333,163,210000,214509.202453988,10.0081911539992,TRUE,NA
"Beta centre-high",2,202123,87,800,210000,109924,2830,0.387046394908728,800,388,210000,216494.845360825,6.85983693462991,TRUE,NA
"Beta centre-high",2,202123,88,333,210000,104869,2886,0.286113805807653,333,151,210000,231556.291390728,10.2488712786515,TRUE,NA
"Beta centre-high",2,202123,88,800,210000,104869,2886,0.393199006721967,800,376,210000,223404.255319149,6.91953116723056,TRUE,NA
"Beta centre-high",2,202123,89,333,210000,106057,2766,0.295351965487597,333,157,210000,222707.006369427,10.1246463858931,TRUE,NA
"Beta centre-high",2,202123,89,800,210000,106057,2766,0.398648515629947,800,391,210000,214833.759590793,6.84540827589973,TRUE,NA
"Beta centre-high",2,202123,90,333,210000,101488,2850,0.290656391116224,333,180,210000,194250,9.71440952806755,TRUE,NA
"Beta centre-high",2,202123,90,800,210000,101488,2850,0.394112715679274,800,393,210000,213740.458015267,6.83589493148404,TRUE,NA
"Beta centre-high",2,202123,91,333,210000,102231,2858,0.286626191406435,333,132,210000,264886.363636364,10.703820471263,TRUE,NA
"Beta centre-high",2,202123,91,800,210000,102231,2858,0.394624210291731,800,363,210000,231404.958677686,6.98801661845586,TRUE,NA
"Beta centre-high",2,202123,92,333,210000,104806,2817,0.294819505401751,333,136,210000,257095.588235294,10.599226796713,TRUE,NA
"Beta centre-high",2,202123,92,800,210000,104806,2817,0.400999609645738,800,388,210000,216494.845360825,6.85983693462991,TRUE,NA
"Beta centre-high",2,202123,93,333,210000,106624,2800,0.286333398366198,333,179,210000,195335.195530726,9.73037094417081,TRUE,NA
"Beta centre-high",2,202123,93,800,210000,106624,2800,0.4019387358894,800,476,210000,176470.588235294,6.50327381053332,TRUE,NA
"Beta centre-high",2,202123,94,333,210000,101455,2925,0.286938627841601,333,136,210000,257095.588235294,10.599226796713,TRUE,NA
"Beta centre-high",2,202123,94,800,210000,101455,2925,0.38819376957326,800,340,210000,247058.823529412,7.1201075553187,TRUE,NA
"Beta centre-high",2,202123,95,333,210000,110207,2788,0.297822629206673,333,195,210000,179307.692307692,9.49190435084053,TRUE,NA
"Beta centre-high",2,202123,95,800,210000,110207,2788,0.403069648598624,800,437,210000,192219.679633867,6.6458605227564,TRUE,NA
"Beta centre-high",2,202123,96,333,210000,104468,2827,0.288325327481945,333,178,210000,196432.584269663,9.74648512051155,TRUE,NA
"Beta centre-high",2,202123,96,800,210000,104468,2827,0.394445959467467,800,415,210000,202409.638554217,6.73650892047155,TRUE,NA
"Beta centre-high",2,202123,97,333,210000,103470,2751,0.299257563904427,333,159,210000,219905.660377358,10.0850026615991,TRUE,NA
"Beta centre-high",2,202123,97,800,210000,103470,2751,0.411153870756496,800,433,210000,193995.381062356,6.66174565073848,TRUE,NA
"Beta centre-high",2,202123,98,333,210000,102096,2794,0.292044274433799,333,172,210000,203284.88372093,9.84650861001883,TRUE,NA
"Beta centre-high",2,202123,98,800,210000,102096,2794,0.39395269438985,800,404,210000,207920.792079208,6.78503073986764,TRUE,NA
"Beta centre-high",2,202123,99,333,210000,109297,2820,0.300552489442541,333,182,210000,192115.384615385,9.68293611816731,TRUE,NA
"Beta centre-high",2,202123,99,800,210000,109297,2820,0.401317556705909,800,425,210000,197647.058823529,6.69429448546521,TRUE,NA
"Beta centre-high",2,202123,100,333,210000,106464,2904,0.280404094939926,333,147,210000,237857.142857143,10.3364117472074,TRUE,NA
"Beta centre-high",2,202123,100,800,210000,106464,2904,0.380379854150876,800,344,210000,244186.046511628,7.09605061532713,TRUE,NA
"Beta centre-high",2,202123,101,333,210000,103785,2936,0.292381219734228,333,188,210000,185984.042553191,9.59195946014975,TRUE,NA
"Beta centre-high",2,202123,101,800,210000,103785,2936,0.387892873536022,800,395,210000,212658.227848101,6.82646486767687,TRUE,NA
"Beta centre-high",2,202123,102,333,210000,101823,2935,0.293334633259867,333,173,210000,202109.826589595,9.82942852517615,TRUE,NA
"Beta centre-high",2,202123,102,800,210000,101823,2935,0.389767467358528,800,364,210000,230769.230769231,6.982599398931,TRUE,NA
"Beta centre-high",2,202123,103,333,210000,105559,2823,0.295905170943903,333,171,210000,204473.684210526,9.86375836520729,TRUE,NA
"Beta centre-high",2,202123,103,800,210000,105559,2823,0.397713584931919,800,409,210000,205378.973105134,6.76269507253102,TRUE,NA
"Beta centre-high",2,202123,104,333,210000,104977,2858,0.293280676450332,333,147,210000,237857.142857143,10.3364117472074,TRUE,NA
"Beta centre-high",2,202123,104,800,210000,104977,2858,0.39775212908099,800,395,210000,212658.227848101,6.82646486767687,TRUE,NA
"Beta centre-high",2,202123,105,333,210000,106122,2791,0.29084922103328,333,169,210000,206893.49112426,9.898777427369,TRUE,NA
"Beta centre-high",2,202123,105,800,210000,106122,2791,0.395320683607876,800,415,210000,202409.638554217,6.73650892047155,TRUE,NA
"Beta centre-high",2,202123,106,333,210000,106504,2893,0.294009985836688,333,154,210000,227045.454545455,10.185738159727,TRUE,NA
"Beta centre-high",2,202123,106,800,210000,106504,2893,0.398790055879167,800,387,210000,217054.263565891,6.86468937207488,TRUE,NA
"Beta centre-high",2,202123,107,333,210000,103568,2817,0.286227147345003,333,166,210000,210632.530120482,9.95264591849202,TRUE,NA
"Beta centre-high",2,202123,107,800,210000,103568,2817,0.386658955405948,800,378,210000,222222.222222222,6.90935549443293,TRUE,NA
"Beta centre-high",2,202123,108,333,210000,100388,2815,0.294625428206948,333,169,210000,206893.49112426,9.898777427369,TRUE,NA
"Beta centre-high",2,202123,108,800,210000,100388,2815,0.394037006260554,800,396,210000,212121.212121212,6.82178071664205,TRUE,NA
"Beta centre-high",2,202123,109,333,210000,104736,2949,0.292088730935375,333,165,210000,211909.090909091,9.97097074158352,TRUE,NA
"Beta centre-high",2,202123,109,800,210000,104736,2949,0.387341054978337,800,364,210000,230769.230769231,6.982599398931,TRUE,NA
"Beta centre-high",2,202123,110,333,210000,101138,2892,0.30002331445998,333,170,210000,205676.470588235,9.88118041203675,TRUE,NA
"Beta centre-high",2,202123,110,800,210000,101138,2892,0.398809335183628,800,419,210000,200477.326968974,6.71941331829732,TRUE,NA
"Beta centre-high",2,202123,111,333,210000,102247,2856,0.290412724728508,333,142,210000,246232.394366197,10.4516377728431,TRUE,NA
"Beta centre-high",2,202123,111,800,210000,102247,2856,0.395195716669179,800,372,210000,225806.451612903,6.94016479080515,TRUE,NA
"Beta centre-high",2,202123,112,333,210000,105099,2870,0.290498612652385,333,145,210000,241137.931034483,10.3817009283081,TRUE,NA
"Beta centre-high",2,202123,112,800,210000,105099,2870,0.397867663204136,800,425,210000,197647.058823529,6.69429448546521,TRUE,NA
"Beta centre-high",2,202123,113,333,210000,109734,2856,0.300922385610944,333,168,210000,208125,9.91655214513914,TRUE,NA
"Beta centre-high",2,202123,113,800,210000,109734,2856,0.400572555432495,800,399,210000,210526.315789474,6.80785014046491,TRUE,NA
"Beta centre-high",2,202123,114,333,210000,105337,2809,0.292348433508252,333,161,210000,217173.913043478,10.0461932176168,TRUE,NA
"Beta centre-high",2,202123,114,800,210000,105337,2809,0.391696257096036,800,402,210000,208955.223880597,6.79409955652486,TRUE,NA
"Beta centre-high",2,202123,115,333,210000,103490,2772,0.288930221301309,333,145,210000,241137.931034483,10.3817009283081,TRUE,NA
"Beta centre-high",2,202123,115,800,210000,103490,2772,0.398248810406686,800,383,210000,219321.148825065,6.88431750196318,TRUE,NA
"Beta centre-high",2,202123,116,333,210000,101091,2808,0.302997938305671,333,175,210000,199800,9.79576715047429,TRUE,NA
"Beta centre-high",2,202123,116,800,210000,101091,2808,0.399337139049996,800,410,210000,204878.048780488,6.75828460453265,TRUE,NA
"Beta centre-high",2,202123,117,333,210000,113752,2886,0.281251375253614,333,164,210000,213201.219512195,9.98948480551183,TRUE,NA
"Beta centre-high",2,202123,117,800,210000,113752,2886,0.386595897069811,800,431,210000,194895.591647332,6.66978433248901,TRUE,NA
"Beta centre-high",2,202123,118,333,210000,102224,2896,0.296194442300233,333,155,210000,225580.64516129,10.1651525298793,TRUE,NA
"Beta centre-high",2,202123,118,800,210000,102224,2896,0.406155199134689,800,407,210000,206388.206388206,6.77157230364179,TRUE,NA
"Beta centre-high",2,202123,119,333,210000,111950,2871,0.295058491653627,333,182,210000,192115.384615385,9.68293611816731,TRUE,NA
"Beta centre-high",2,202123,119,800,210000,111950,2871,0.397999554365053,800,446,210000,188340.807174888,6.6110280257386,TRUE,NA
"Beta centre-high",2,202123,120,333,210000,100580,2870,0.290794414459617,333,169,210000,206893.49112426,9.898777427369,TRUE,NA
"Beta centre-high",2,202123,120,800,210000,100580,2870,0.391475499416026,800,411,210000,204379.562043796,6.75389273950461,TRUE,NA
"Beta centre-high",2,202123,121,333,210000,103139,2930,0.302129760728138,333,160,210000,218531.25,10.0654953640372,TRUE,NA
"Beta centre-high",2,202123,121,800,210000,103139,2930,0.400523961075367,800,389,210000,215938.303341902,6.8550060370112,TRUE,NA
"Beta centre-high",2,202123,122,333,210000,98729,2905,0.290978293972693,333,172,210000,203284.88372093,9.84650861001883,TRUE,NA
"Beta centre-high",2,202123,122,800,210000,98729,2905,0.388250341650627,800,370,210000,227027.027027027,6.95062543376141,TRUE,NA
"Beta centre-high",2,202123,123,333,210000,107190,2814,0.289591926062563,333,171,210000,204473.684210526,9.86375836520729,TRUE,NA
"Beta centre-high",2,202123,123,800,210000,107190,2814,0.395880408682959,800,415,210000,202409.638554217,6.73650892047155,TRUE,NA
"Beta centre-high",2,202123,124,333,210000,103617,2882,0.284062497664049,333,164,210000,213201.219512195,9.98948480551183,TRUE,NA
"Beta centre-high",2,202123,124,800,210000,103617,2882,0.388847849161289,800,396,210000,212121.212121212,6.82178071664205,TRUE,NA
"Beta centre-high",2,202123,125,333,210000,102569,2730,0.300039323272561,333,149,210000,234664.429530201,10.2921470492403,TRUE,NA
"Beta centre-high",2,202123,125,800,210000,102569,2730,0.407620447445583,800,393,210000,213740.458015267,6.83589493148404,TRUE,NA
"Beta centre-high",2,202123,126,333,210000,101972,2842,0.289462312233501,333,151,210000,231556.291390728,10.2488712786515,TRUE,NA
"Beta centre-high",2,202123,126,800,210000,101972,2842,0.396506417246691,800,385,210000,218181.818181818,6.87445946001938,TRUE,NA
"Beta centre-high",2,202123,127,333,210000,98818,2845,0.291030839647373,333,150,210000,233100,10.2703877039828,TRUE,NA
"Beta centre-high",2,202123,127,800,210000,98818,2845,0.398674806566689,800,374,210000,224598.930481283,6.92980048831585,TRUE,NA
"Beta centre-high",2,202123,128,333,210000,107672,2811,0.286578397733189,333,176,210000,198664.772727273,9.77918088295926,TRUE,NA
"Beta centre-high",2,202123,128,800,210000,107672,2811,0.397984241000905,800,424,210000,198113.20754717,6.69843806822168,TRUE,NA
"Beta centre-high",2,202123,129,333,210000,104141,2846,0.291996541059795,333,193,210000,181165.803108808,9.51985653390033,TRUE,NA
"Beta centre-high",2,202123,129,800,210000,104141,2846,0.395259974921483,800,406,210000,206896.551724138,6.77603931255901,TRUE,NA
"Beta centre-high",2,202123,130,333,210000,107549,2902,0.29006943069611,333,185,210000,189000,9.6368174714222,TRUE,NA
"Beta centre-high",2,202123,130,800,210000,107549,2902,0.390219443277818,800,422,210000,199052.132701422,6.70677637601546,TRUE,NA
"Beta centre-high",2,202123,131,333,210000,99688,2836,0.287978068381452,333,133,210000,262894.736842105,10.6771797235162,TRUE,NA
"Beta centre-high",2,202123,131,800,210000,99688,2836,0.3865532707974,800,333,210000,252252.252252252,7.16339283604174,TRUE,NA
"Beta centre-high",2,202123,132,333,210000,99310,2811,0.302064179435452,333,170,210000,205676.470588235,9.88118041203675,TRUE,NA
"Beta centre-high",2,202123,132,800,210000,99310,2811,0.401421253752296,800,375,210000,224000,6.92465403901817,TRUE,NA
"Beta centre-high",2,202123,133,333,210000,105379,2881,0.293849716841921,333,179,210000,195335.195530726,9.73037094417081,TRUE,NA
"Beta centre-high",2,202123,133,800,210000,105379,2881,0.396313015805055,800,410,210000,204878.048780488,6.75828460453265,TRUE,NA
"Beta centre-high",2,202123,134,333,210000,103494,2835,0.301250507069619,333,182,210000,192115.384615385,9.68293611816731,TRUE,NA
"Beta centre-high",2,202123,134,800,210000,103494,2835,0.401510120824004,800,391,210000,214833.759590793,6.84540827589973,TRUE,NA
"Beta centre-high",2,202123,135,333,210000,108178,2852,0.286491613555494,333,147,210000,237857.142857143,10.3364117472074,TRUE,NA
"Beta centre-high",2,202123,135,800,210000,108178,2852,0.394222626485248,800,414,210000,202898.550724638,6.74082756532198,TRUE,NA
"Beta centre-high",2,202123,136,333,210000,100668,2839,0.289377322447273,333,153,210000,228529.411764706,10.2065505459796,TRUE,NA
"Beta centre-high",2,202123,136,800,210000,100668,2839,0.396793655873413,800,389,210000,215938.303341902,6.8550060370112,TRUE,NA
"Beta centre-high",2,202123,137,333,210000,107685,2842,0.285995769620021,333,148,210000,236250,10.3141536003213,TRUE,NA
"Beta centre-high",2,202123,137,800,210000,107685,2842,0.392728153406762,800,381,210000,220472.440944882,6.89426472174727,TRUE,NA
"Beta centre-high",2,202123,138,333,210000,104943,2853,0.293866507795458,333,146,210000,239486.301369863,10.3589259872047,TRUE,NA
"Beta centre-high",2,202123,138,800,210000,104943,2853,0.394271136544452,800,393,210000,213740.458015267,6.83589493148404,TRUE,NA
"Beta centre-high",2,202123,139,333,210000,100251,2747,0.297887441840652,333,166,210000,210632.530120482,9.95264591849202,TRUE,NA
"Beta centre-high",2,202123,139,800,210000,100251,2747,0.40376274045942,800,409,210000,205378.973105134,6.76269507253102,TRUE,NA
"Beta centre-high",2,202123,140,333,210000,107399,2754,0.291618528043951,333,189,210000,185000,9.57727778826045,TRUE,NA
"Beta centre-high",2,202123,140,800,210000,107399,2754,0.392653791011836,800,404,210000,207920.792079208,6.78503073986764,TRUE,NA
"Beta centre-high",2,202123,141,333,210000,103008,2888,0.289259766976039,333,137,210000,255218.97810219,10.5738780801266,TRUE,NA
"Beta centre-high",2,202123,141,800,210000,103008,2888,0.389988364741558,800,362,210000,232044.198895028,6.9934595362874,TRUE,NA
"Beta centre-high",2,202123,142,333,210000,110716,2800,0.303354679995602,333,202,210000,173094.059405941,9.39782673911919,TRUE,NA
"Beta centre-high",2,202123,142,800,210000,110716,2800,0.402908915609669,800,436,210000,192660.550458716,6.64980802053246,TRUE,NA
"Beta centre-high",2,202123,143,333,210000,107094,2826,0.287225870565707,333,162,210000,215833.333333333,10.027092898003,TRUE,NA
"Beta centre-high",2,202123,143,800,210000,107094,2826,0.389771429602699,800,390,210000,215384.615384615,6.85019653254194,TRUE,NA
"Beta centre-high",2,202123,144,333,210000,107809,3018,0.289501669586878,333,173,210000,202109.826589595,9.82942852517615,TRUE,NA
"Beta centre-high",2,202123,144,800,210000,107809,3018,0.388840795198876,800,408,210000,205882.352941176,6.76712426478136,TRUE,NA
"Beta centre-high",2,202123,145,333,210000,111064,2801,0.29464193913641,333,178,210000,196432.584269663,9.74648512051155,TRUE,NA
"Beta centre-high",2,202123,145,800,210000,111064,2801,0.396281425094671,800,399,210000,210526.315789474,6.80785014046491,TRUE,NA
"Beta centre-high",2,202123,146,333,210000,102982,2781,0.30077119041791,333,182,210000,192115.384615385,9.68293611816731,TRUE,NA
"Beta centre-high",2,202123,146,800,210000,102982,2781,0.40246371617717,800,432,210000,194444.444444444,6.66575689937551,TRUE,NA
"Beta centre-high",2,202123,147,333,210000,108646,2910,0.297213163152861,333,160,210000,218531.25,10.0654953640372,TRUE,NA
"Beta centre-high",2,202123,147,800,210000,108646,2910,0.387320156933731,800,355,210000,236619.718309859,7.03229556957976,TRUE,NA
"Beta centre-high",2,202123,148,333,210000,96660,2826,0.287880653930137,333,120,210000,291375,11.052037380356,TRUE,NA
"Beta centre-high",2,202123,148,800,210000,96660,2826,0.399720515088276,800,367,210000,228882.833787466,6.96650007512336,TRUE,NA
"Beta centre-high",2,202123,149,333,210000,101412,2758,0.301997470432716,333,183,210000,191065.573770492,9.66741980399235,TRUE,NA
"Beta centre-high",2,202123,149,800,210000,101412,2758,0.398161877652663,800,408,210000,205882.352941176,6.76712426478136,TRUE,NA
"Beta centre-high",2,202123,150,333,210000,103377,2855,0.291445782292354,333,186,210000,187983.870967742,9.62172738044833,TRUE,NA
"Beta centre-high",2,202123,150,800,210000,103377,2855,0.398298008847329,800,443,210000,189616.25282167,6.62250181763473,TRUE,NA
"Beta centre-high",2,202123,151,333,210000,105943,2798,0.286687081286362,333,151,210000,231556.291390728,10.2488712786515,TRUE,NA
"Beta centre-high",2,202123,151,800,210000,105943,2798,0.395033686937231,800,401,210000,209476.309226933,6.79866330639878,TRUE,NA
"Beta centre-high",2,202123,152,333,210000,109474,3006,0.284684573592554,333,185,210000,189000,9.6368174714222,TRUE,NA
"Beta centre-high",2,202123,152,800,210000,109474,3006,0.386953047160709,800,423,210000,198581.560283688,6.7025986626053,TRUE,NA
"Beta centre-high",2,202123,153,333,210000,101195,2928,0.283785057671835,333,140,210000,249750,10.4996556301636,TRUE,NA
"Beta centre-high",2,202123,153,800,210000,101195,2928,0.382489326144848,800,355,210000,236619.718309859,7.03229556957976,TRUE,NA
"Beta centre-high",2,202123,154,333,210000,100295,2823,0.306862360569101,333,167,210000,209371.25748503,9.93450735791223,TRUE,NA
"Beta centre-high",2,202123,154,800,210000,100295,2823,0.401343876678084,800,360,210000,233333.333333333,7.00442322187929,TRUE,NA
"Beta centre-high",2,202123,155,333,210000,110423,2858,0.286563225613071,333,155,210000,225580.64516129,10.1651525298793,TRUE,NA
"Beta centre-high",2,202123,155,800,210000,110423,2858,0.396869276408509,800,435,210000,193103.448275862,6.65377130960709,TRUE,NA
"Beta centre-high",2,202123,156,333,210000,102100,2928,0.287644321558457,333,149,210000,234664.429530201,10.2921470492403,TRUE,NA
"Beta centre-high",2,202123,156,800,210000,102100,2928,0.392883035252887,800,371,210000,226415.094339623,6.94538298375246,TRUE,NA
"Beta centre-high",2,202123,157,333,210000,100830,2761,0.297499228602404,333,177,210000,197542.372881356,9.76275432778563,TRUE,NA
"Beta centre-high",2,202123,157,800,210000,100830,2761,0.408516791062868,800,433,210000,193995.381062356,6.66174565073848,TRUE,NA
"Beta centre-high",2,202123,158,333,210000,104743,2869,0.28800906830251,333,165,210000,211909.090909091,9.97097074158352,TRUE,NA
"Beta centre-high",2,202123,158,800,210000,104743,2869,0.395770605786601,800,406,210000,206896.551724138,6.77603931255901,TRUE,NA
"Beta centre-high",2,202123,159,333,210000,107828,2832,0.301453219624728,333,174,210000,200948.275862069,9.8125155434919,TRUE,NA
"Beta centre-high",2,202123,159,800,210000,107828,2832,0.403392987039128,800,426,210000,197183.098591549,6.69016780784906,TRUE,NA
"Beta centre-high",2,202123,160,333,210000,105108,2750,0.307255045570444,333,199,210000,175703.51758794,9.43744950740724,TRUE,NA
"Beta centre-high",2,202123,160,800,210000,105108,2750,0.402159329199065,800,416,210000,201923.076923077,6.73220828791605,TRUE,NA
"Beta centre-high",2,202123,161,333,210000,102684,2784,0.295762633542722,333,175,210000,199800,9.79576715047429,TRUE,NA
"Beta centre-high",2,202123,161,800,210000,102684,2784,0.396620102625451,800,400,210000,210000,6.80324679057169,TRUE,NA
"Beta centre-high",2,202123,162,333,210000,100091,2831,0.300350800029609,333,158,210000,221297.46835443,10.1047185098824,TRUE,NA
"Beta centre-high",2,202123,162,800,210000,100091,2831,0.399267266960351,800,380,210000,221052.631578947,6.89927216212756,TRUE,NA
"Beta centre-high",2,202123,163,333,210000,110464,2920,0.289729074687669,333,160,210000,218531.25,10.0654953640372,TRUE,NA
"Beta centre-high",2,202123,163,800,210000,110464,2920,0.388731529122984,800,387,210000,217054.263565891,6.86468937207488,TRUE,NA
"Beta centre-high",2,202123,164,333,210000,103066,2862,0.296549481610098,333,167,210000,209371.25748503,9.93450735791223,TRUE,NA
"Beta centre-high",2,202123,164,800,210000,103066,2862,0.396817641167941,800,397,210000,211586.901763224,6.81711696907119,TRUE,NA
"Beta centre-high",2,202123,165,333,210000,102787,2802,0.292343527290149,333,148,210000,236250,10.3141536003213,TRUE,NA
"Beta centre-high",2,202123,165,800,210000,102787,2802,0.395102172540501,800,361,210000,232686.980609418,6.99892834070722,TRUE,NA
"Beta centre-high",2,202123,166,333,210000,104034,2785,0.302313772738302,333,184,210000,190027.173913043,9.65204760713552,TRUE,NA
"Beta centre-high",2,202123,166,800,210000,104034,2785,0.402062832896969,800,414,210000,202898.550724638,6.74082756532198,TRUE,NA
"Beta centre-high",2,202123,167,333,210000,107130,2757,0.295464128480532,333,180,210000,194250,9.71440952806755,TRUE,NA
"Beta centre-high",2,202123,167,800,210000,107130,2757,0.405189304142331,800,417,210000,201438.848920863,6.72792555258646,TRUE,NA
"Beta centre-high",2,202123,168,333,210000,104014,2772,0.299274365091167,333,187,210000,186978.609625668,9.60677535660802,TRUE,NA
"Beta centre-high",2,202123,168,800,210000,104014,2772,0.404921882577075,800,440,210000,190909.090909091,6.63411181852528,TRUE,NA
"Beta centre-high",2,202123,169,333,210000,107872,2871,0.288508762984438,333,143,210000,244510.48951049,10.4280519203504,TRUE,NA
"Beta centre-high",2,202123,169,800,210000,107872,2871,0.393803590806239,800,407,210000,206388.206388206,6.77157230364179,TRUE,NA
"Beta centre-high",2,202123,170,333,210000,106629,2893,0.290782724409911,333,168,210000,208125,9.91655214513914,TRUE,NA
"Beta centre-high",2,202123,170,800,210000,106629,2893,0.390724422331867,800,388,210000,216494.845360825,6.85983693462991,TRUE,NA
"Beta centre-high",2,202123,171,333,210000,103885,2882,0.2952861127961,333,169,210000,206893.49112426,9.898777427369,TRUE,NA
"Beta centre-high",2,202123,171,800,210000,103885,2882,0.40001700251541,800,424,210000,198113.20754717,6.69843806822168,TRUE,NA
"Beta centre-high",2,202123,172,333,210000,112826,2805,0.299437731331077,333,172,210000,203284.88372093,9.84650861001883,TRUE,NA
"Beta centre-high",2,202123,172,800,210000,112826,2805,0.399626720981416,800,427,210000,196721.31147541,6.68605792978917,TRUE,NA
"Beta centre-high",2,202123,173,333,210000,109246,2877,0.294237618672008,333,162,210000,215833.333333333,10.027092898003,TRUE,NA
"Beta centre-high",2,202123,173,800,210000,109246,2877,0.396415380069863,800,380,210000,221052.631578947,6.89927216212756,TRUE,NA
"Beta centre-high",2,202123,174,333,210000,107315,2847,0.289188251831118,333,145,210000,241137.931034483,10.3817009283081,TRUE,NA
"Beta centre-high",2,202123,174,800,210000,107315,2847,0.401172362438427,800,395,210000,212658.227848101,6.82646486767687,TRUE,NA
"Beta centre-high",2,202123,175,333,210000,103856,2920,0.289559365268095,333,163,210000,214509.202453988,10.0081911539992,TRUE,NA
"Beta centre-high",2,202123,175,800,210000,103856,2920,0.391030193864015,800,391,210000,214833.759590793,6.84540827589973,TRUE,NA
"Beta centre-high",2,202123,176,333,210000,107747,2833,0.282141890185517,333,144,210000,242812.5,10.4047412926943,TRUE,NA
"Beta centre-high",2,202123,176,800,210000,107747,2833,0.390154454940404,800,382,210000,219895.287958115,6.88927988723264,TRUE,NA
"Beta centre-high",2,202123,177,333,210000,106132,2861,0.295599513025105,333,168,210000,208125,9.91655214513914,TRUE,NA
"Beta centre-high",2,202123,177,800,210000,106132,2861,0.394783106829393,800,394,210000,213197.969543147,6.83116955969639,TRUE,NA
"Beta centre-high",2,202123,178,333,210000,103170,2781,0.294947193307149,333,174,210000,200948.275862069,9.8125155434919,TRUE,NA
"Beta centre-high",2,202123,178,800,210000,103170,2781,0.39689912398526,800,394,210000,213197.969543147,6.83116955969639,TRUE,NA
"Beta centre-high",2,202123,179,333,210000,109351,2845,0.291706610385049,333,153,210000,228529.411764706,10.2065505459796,TRUE,NA
"Beta centre-high",2,202123,179,800,210000,109351,2845,0.39530085116703,800,421,210000,199524.940617577,6.71097131677406,TRUE,NA
"Beta centre-high",2,202123,180,333,210000,106568,2810,0.291263661392699,333,171,210000,204473.684210526,9.86375836520729,TRUE,NA
"Beta centre-high",2,202123,180,800,210000,106568,2810,0.394239840012137,800,425,210000,197647.058823529,6.69429448546521,TRUE,NA
"Beta centre-high",2,202123,181,333,210000,102759,2884,0.296743051860977,333,168,210000,208125,9.91655214513914,TRUE,NA
"Beta centre-high",2,202123,181,800,210000,102759,2884,0.397062905247506,800,378,210000,222222.222222222,6.90935549443293,TRUE,NA
"Beta centre-high",2,202123,182,333,210000,107633,2900,0.292382171262688,333,158,210000,221297.46835443,10.1047185098824,TRUE,NA
"Beta centre-high",2,202123,182,800,210000,107633,2900,0.392815526576681,800,382,210000,219895.287958115,6.88927988723264,TRUE,NA
"Beta centre-high",2,202123,183,333,210000,104023,2769,0.293219318754371,333,163,210000,214509.202453988,10.0081911539992,TRUE,NA
"Beta centre-high",2,202123,183,800,210000,104023,2769,0.396070547867281,800,390,210000,215384.615384615,6.85019653254194,TRUE,NA
"Beta centre-high",2,202123,184,333,210000,101164,2911,0.294618388094458,333,147,210000,237857.142857143,10.3364117472074,TRUE,NA
"Beta centre-high",2,202123,184,800,210000,101164,2911,0.391033355280706,800,347,210000,242074.92795389,7.07831976513202,TRUE,NA
"Beta centre-high",2,202123,185,333,210000,106380,2902,0.285807794545721,333,144,210000,242812.5,10.4047412926943,TRUE,NA
"Beta centre-high",2,202123,185,800,210000,106380,2902,0.385970900396774,800,376,210000,223404.255319149,6.91953116723056,TRUE,NA
"Beta centre-high",2,202123,186,333,210000,105578,2753,0.29513028857454,333,170,210000,205676.470588235,9.88118041203675,TRUE,NA
"Beta centre-high",2,202123,186,800,210000,105578,2753,0.397398445468918,800,426,210000,197183.098591549,6.69016780784906,TRUE,NA
"Beta centre-high",2,202123,187,333,210000,104536,2808,0.294567994741289,333,160,210000,218531.25,10.0654953640372,TRUE,NA
"Beta centre-high",2,202123,187,800,210000,104536,2808,0.39905376052543,800,395,210000,212658.227848101,6.82646486767687,TRUE,NA
"Beta centre-high",2,202123,188,333,210000,102053,2876,0.298508908913533,333,178,210000,196432.584269663,9.74648512051155,TRUE,NA
"Beta centre-high",2,202123,188,800,210000,102053,2876,0.398796807005915,800,391,210000,214833.759590793,6.84540827589973,TRUE,NA
"Beta centre-high",2,202123,189,333,210000,102478,2793,0.300495512582206,333,152,210000,230032.894736842,10.2275935883112,TRUE,NA
"Beta centre-high",2,202123,189,800,210000,102478,2793,0.403781067577302,800,377,210000,222811.671087533,6.91443170711925,TRUE,NA
"Beta centre-high",2,202123,190,333,210000,108692,2934,0.286716094336616,333,171,210000,204473.684210526,9.86375836520729,TRUE,NA
"Beta centre-high",2,202123,190,800,210000,108692,2934,0.391841038375537,800,408,210000,205882.352941176,6.76712426478136,TRUE,NA
"Beta centre-high",2,202123,191,333,210000,107375,2800,0.295783762132187,333,160,210000,218531.25,10.0654953640372,TRUE,NA
"Beta centre-high",2,202123,191,800,210000,107375,2800,0.396848970597281,800,400,210000,210000,6.80324679057169,TRUE,NA
"Beta centre-high",2,202123,192,333,210000,107406,2794,0.29528409500846,333,155,210000,225580.64516129,10.1651525298793,TRUE,NA
"Beta centre-high",2,202123,192,800,210000,107406,2794,0.398305037152208,800,404,210000,207920.792079208,6.78503073986764,TRUE,NA
"Beta centre-high",2,202123,193,333,210000,108871,2829,0.294973287863617,333,148,210000,236250,10.3141536003213,TRUE,NA
"Beta centre-high",2,202123,193,800,210000,108871,2829,0.394553320298576,800,378,210000,222222.222222222,6.90935549443293,TRUE,NA
"Beta centre-high",2,202123,194,333,210000,101639,2765,0.288181258315146,333,149,210000,234664.429530201,10.2921470492403,TRUE,NA
"Beta centre-high",2,202123,194,800,210000,101639,2765,0.394827932956609,800,382,210000,219895.287958115,6.88927988723264,TRUE,NA
"Beta centre-high",2,202123,195,333,210000,108095,2914,0.287806442834086,333,186,210000,187983.870967742,9.62172738044833,TRUE,NA
"Beta centre-high",2,202123,195,800,210000,108095,2914,0.392535959394841,800,422,210000,199052.132701422,6.70677637601546,TRUE,NA
"Beta centre-high",2,202123,196,333,210000,99607,2815,0.298653069221775,333,155,210000,225580.64516129,10.1651525298793,TRUE,NA
"Beta centre-high",2,202123,196,800,210000,99607,2815,0.394107219636462,800,379,210000,221635.883905013,6.90430236648355,TRUE,NA
"Beta centre-high",2,202123,197,333,210000,113262,2850,0.295367123446448,333,159,210000,219905.660377358,10.0850026615991,TRUE,NA
"Beta centre-high",2,202123,197,800,210000,113262,2850,0.399633980835227,800,424,210000,198113.20754717,6.69843806822168,TRUE,NA
"Beta centre-high",2,202123,198,333,210000,106625,2784,0.293510369469164,333,171,210000,204473.684210526,9.86375836520729,TRUE,NA
"Beta centre-high",2,202123,198,800,210000,106625,2784,0.395149753301575,800,419,210000,200477.326968974,6.71941331829732,TRUE,NA
"Beta centre-high",2,202123,199,333,210000,102121,2860,0.293867184143494,333,143,210000,244510.48951049,10.4280519203504,TRUE,NA
"Beta centre-high",2,202123,199,800,210000,102121,2860,0.397009744135672,800,389,210000,215938.303341902,6.8550060370112,TRUE,NA
"Beta centre-high",2,202123,200,333,210000,105531,2847,0.295900818896231,333,164,210000,213201.219512195,9.98948480551183,TRUE,NA
"Beta centre-high",2,202123,200,800,210000,105531,2847,0.394145224144539,800,384,210000,218750,6.87937741079022,TRUE,NA
"Beta centre-high",2,202123,201,333,210000,105129,2765,0.302573873386789,333,183,210000,191065.573770492,9.66741980399235,TRUE,NA
"Beta centre-high",2,202123,201,800,210000,105129,2765,0.405313842225209,800,433,210000,193995.381062356,6.66174565073848,TRUE,NA
"Beta centre-high",2,202123,202,333,210000,107882,2843,0.297767360386182,333,179,210000,195335.195530726,9.73037094417081,TRUE,NA
"Beta centre-high",2,202123,202,800,210000,107882,2843,0.401389295766513,800,430,210000,195348.837209302,6.67382805044544,TRUE,NA
"Beta centre-high",2,202123,203,333,210000,109923,2858,0.287440106932447,333,181,210000,193176.79558011,9.69859864660789,TRUE,NA
"Beta centre-high",2,202123,203,800,210000,109923,2858,0.39710140767827,800,475,210000,176842.105263158,6.5066733798748,TRUE,NA
"Beta centre-high",2,202123,204,333,210000,103330,2850,0.285787058228846,333,162,210000,215833.333333333,10.027092898003,TRUE,NA
"Beta centre-high",2,202123,204,800,210000,103330,2850,0.398947037721991,800,434,210000,193548.387096774,6.65775048704906,TRUE,NA
"Beta centre-high",2,202123,205,333,210000,107192,2900,0.293717058144265,333,158,210000,221297.46835443,10.1047185098824,TRUE,NA
"Beta centre-high",2,202123,205,800,210000,107192,2900,0.393882849441775,800,395,210000,212658.227848101,6.82646486767687,TRUE,NA
"Beta centre-high",2,202123,206,333,210000,103314,2891,0.291740556076529,333,161,210000,217173.913043478,10.0461932176168,TRUE,NA
"Beta centre-high",2,202123,206,800,210000,103314,2891,0.39598156723108,800,390,210000,215384.615384615,6.85019653254194,TRUE,NA
"Beta centre-high",2,202123,207,333,210000,110198,2776,0.295935347617879,333,196,210000,178392.857142857,9.47811189460851,TRUE,NA
"Beta centre-high",2,202123,207,800,210000,110198,2776,0.401325173750924,800,454,210000,185022.026431718,6.58107883340457,TRUE,NA
"Beta centre-high",2,202123,208,333,210000,103531,2864,0.286155631590797,333,147,210000,237857.142857143,10.3364117472074,TRUE,NA
"Beta centre-high",2,202123,208,800,210000,103531,2864,0.390457845759047,800,358,210000,234636.87150838,7.01549198469208,TRUE,NA
"Beta centre-high",2,202123,209,333,210000,106477,2927,0.291756572701188,333,172,210000,203284.88372093,9.84650861001883,TRUE,NA
"Beta centre-high",2,202123,209,800,210000,106477,2927,0.398828378029081,800,415,210000,202409.638554217,6.73650892047155,TRUE,NA
"Beta centre-high",2,202123,210,333,210000,101505,2894,0.288970340131486,333,149,210000,234664.429530201,10.2921470492403,TRUE,NA
"Beta centre-high",2,202123,210,800,210000,101505,2894,0.386032746411716,800,348,210000,241379.310344828,7.07246767948303,TRUE,NA
"Beta centre-high",2,202123,211,333,210000,109600,2824,0.287699407208316,333,158,210000,221297.46835443,10.1047185098824,TRUE,NA
"Beta centre-high",2,202123,211,800,210000,109600,2824,0.402666539662356,800,429,210000,195804.195804196,6.67788815445777,TRUE,NA
"Beta centre-high",2,202123,212,333,210000,103887,2849,0.289961728571536,333,164,210000,213201.219512195,9.98948480551183,TRUE,NA
"Beta centre-high",2,202123,212,800,210000,103887,2849,0.393014901209553,800,382,210000,219895.287958115,6.88927988723264,TRUE,NA
"Beta centre-high",2,202123,213,333,210000,105507,2882,0.293177066444635,333,181,210000,193176.79558011,9.69859864660789,TRUE,NA
"Beta centre-high",2,202123,213,800,210000,105507,2882,0.394854663693747,800,408,210000,205882.352941176,6.76712426478136,TRUE,NA
"Beta centre-high",2,202123,214,333,210000,104354,2835,0.292572907835327,333,161,210000,217173.913043478,10.0461932176168,TRUE,NA
"Beta centre-high",2,202123,214,800,210000,104354,2835,0.397313360265946,800,396,210000,212121.212121212,6.82178071664205,TRUE,NA
"Beta centre-high",2,202123,215,333,210000,108127,2762,0.28337133483099,333,136,210000,257095.588235294,10.599226796713,TRUE,NA
"Beta centre-high",2,202123,215,800,210000,108127,2762,0.400458505883438,800,407,210000,206388.206388206,6.77157230364179,TRUE,NA
"Beta centre-high",2,202123,216,333,210000,109589,2771,0.305994904727891,333,211,210000,165710.900473934,9.28480273631939,TRUE,NA
"Beta centre-high",2,202123,216,800,210000,109589,2771,0.407774184180545,800,453,210000,185430.463576159,6.58477198398411,TRUE,NA
"Beta centre-high",2,202123,217,333,210000,108374,2839,0.29542153644802,333,181,210000,193176.79558011,9.69859864660789,TRUE,NA
"Beta centre-high",2,202123,217,800,210000,108374,2839,0.395928518829429,800,423,210000,198581.560283688,6.7025986626053,TRUE,NA
"Beta centre-high",2,202123,218,333,210000,104122,2859,0.290400421319303,333,179,210000,195335.195530726,9.73037094417081,TRUE,NA
"Beta centre-high",2,202123,218,800,210000,104122,2859,0.397503813625188,800,421,210000,199524.940617577,6.71097131677406,TRUE,NA
"Beta centre-high",2,202123,219,333,210000,102872,2831,0.293686575077157,333,176,210000,198664.772727273,9.77918088295926,TRUE,NA
"Beta centre-high",2,202123,219,800,210000,102872,2831,0.39632765580068,800,405,210000,207407.407407407,6.78052541608063,TRUE,NA
"Beta centre-high",2,202123,220,333,210000,103286,2831,0.295122212635805,333,169,210000,206893.49112426,9.898777427369,TRUE,NA
"Beta centre-high",2,202123,220,800,210000,103286,2831,0.397336085160009,800,429,210000,195804.195804196,6.67788815445777,TRUE,NA
"Beta centre-high",2,202123,221,333,210000,104117,2879,0.294049035096048,333,181,210000,193176.79558011,9.69859864660789,TRUE,NA
"Beta centre-high",2,202123,221,800,210000,104117,2879,0.394041256818963,800,390,210000,215384.615384615,6.85019653254194,TRUE,NA
"Beta centre-high",2,202123,222,333,210000,106182,2828,0.295035961315902,333,172,210000,203284.88372093,9.84650861001883,TRUE,NA
"Beta centre-high",2,202123,222,800,210000,106182,2828,0.396947111324544,800,403,210000,208436.724565757,6.78955541070708,TRUE,NA
"Beta centre-high",2,202123,223,333,210000,103596,2812,0.289948367030746,333,167,210000,209371.25748503,9.93450735791223,TRUE,NA
"Beta centre-high",2,202123,223,800,210000,103596,2812,0.392272189381923,800,386,210000,217616.580310881,6.86956349739337,TRUE,NA
"Beta centre-high",2,202123,224,333,210000,105089,2858,0.294535150672064,333,174,210000,200948.275862069,9.8125155434919,TRUE,NA
"Beta centre-high",2,202123,224,800,210000,105089,2858,0.396926492382821,800,413,210000,203389.830508475,6.74516433854333,TRUE,NA
"Beta centre-high",2,202123,225,333,210000,109084,2803,0.292810211663583,333,162,210000,215833.333333333,10.027092898003,TRUE,NA
"Beta centre-high",2,202123,225,800,210000,109084,2803,0.395020635876545,800,407,210000,206388.206388206,6.77157230364179,TRUE,NA
"Beta centre-high",2,202123,226,333,210000,100024,2800,0.291712357009667,333,157,210000,222707.006369427,10.1246463858931,TRUE,NA
"Beta centre-high",2,202123,226,800,210000,100024,2800,0.396994009181134,800,387,210000,217054.263565891,6.86468937207488,TRUE,NA
"Beta centre-high",2,202123,227,333,210000,109687,2858,0.292925767418701,333,178,210000,196432.584269663,9.74648512051155,TRUE,NA
"Beta centre-high",2,202123,227,800,210000,109687,2858,0.394722770612373,800,424,210000,198113.20754717,6.69843806822168,TRUE,NA
"Beta centre-high",2,202123,228,333,210000,103029,2788,0.298151948927463,333,171,210000,204473.684210526,9.86375836520729,TRUE,NA
"Beta centre-high",2,202123,228,800,210000,103029,2788,0.399802070945528,800,402,210000,208955.223880597,6.79409955652486,TRUE,NA
"Beta centre-high",2,202123,229,333,210000,102346,2926,0.291729858366786,333,157,210000,222707.006369427,10.1246463858931,TRUE,NA
"Beta centre-high",2,202123,229,800,210000,102346,2926,0.38632674240791,800,362,210000,232044.198895028,6.9934595362874,TRUE,NA
"Beta centre-high",2,202123,230,333,210000,102162,2748,0.293378391809546,333,168,210000,208125,9.91655214513914,TRUE,NA
"Beta centre-high",2,202123,230,800,210000,102162,2748,0.398247895139969,800,403,210000,208436.724565757,6.78955541070708,TRUE,NA
"Beta centre-high",2,202123,231,333,210000,108153,2916,0.286056511913059,333,181,210000,193176.79558011,9.69859864660789,TRUE,NA
"Beta centre-high",2,202123,231,800,210000,108153,2916,0.391180324793969,800,414,210000,202898.550724638,6.74082756532198,TRUE,NA
"Beta centre-high",2,202123,232,333,210000,104082,2834,0.290403298057377,333,173,210000,202109.826589595,9.82942852517615,TRUE,NA
"Beta centre-high",2,202123,232,800,210000,104082,2834,0.391088352617924,800,394,210000,213197.969543147,6.83116955969639,TRUE,NA
"Beta centre-high",2,202123,233,333,210000,104884,2882,0.301628119921872,333,185,210000,189000,9.6368174714222,TRUE,NA
"Beta centre-high",2,202123,233,800,210000,104884,2882,0.398139567099816,800,401,210000,209476.309226933,6.79866330639878,TRUE,NA
"Beta centre-high",2,202123,234,333,210000,104961,2861,0.3050747928226,333,160,210000,218531.25,10.0654953640372,TRUE,NA
"Beta centre-high",2,202123,234,800,210000,104961,2861,0.405269324880664,800,379,210000,221635.883905013,6.90430236648355,TRUE,NA
"Beta centre-high",2,202123,235,333,210000,102821,2811,0.294392693914912,333,153,210000,228529.411764706,10.2065505459796,TRUE,NA
"Beta centre-high",2,202123,235,800,210000,102821,2811,0.399165456190245,800,379,210000,221635.883905013,6.90430236648355,TRUE,NA
"Beta centre-high",2,202123,236,333,210000,106051,2832,0.297650388043736,333,163,210000,214509.202453988,10.0081911539992,TRUE,NA
"Beta centre-high",2,202123,236,800,210000,106051,2832,0.400063654475856,800,385,210000,218181.818181818,6.87445946001938,TRUE,NA
"Beta centre-high",2,202123,237,333,210000,106514,2744,0.295641628835458,333,170,210000,205676.470588235,9.88118041203675,TRUE,NA
"Beta centre-high",2,202123,237,800,210000,106514,2744,0.398935450843501,800,388,210000,216494.845360825,6.85983693462991,TRUE,NA
"Beta centre-high",2,202123,238,333,210000,109150,2892,0.292351025524009,333,177,210000,197542.372881356,9.76275432778563,TRUE,NA
"Beta centre-high",2,202123,238,800,210000,109150,2892,0.393546251896664,800,433,210000,193995.381062356,6.66174565073848,TRUE,NA
"Beta centre-high",2,202123,239,333,210000,107296,2775,0.301369348967656,333,175,210000,199800,9.79576715047429,TRUE,NA
"Beta centre-high",2,202123,239,800,210000,107296,2775,0.407160454722279,800,431,210000,194895.591647332,6.66978433248901,TRUE,NA
"Beta centre-high",2,202123,240,333,210000,104659,2726,0.285799731554243,333,151,210000,231556.291390728,10.2488712786515,TRUE,NA
"Beta centre-high",2,202123,240,800,210000,104659,2726,0.398826348541807,800,398,210000,211055.27638191,6.81247348869172,TRUE,NA
"Beta centre-high",2,202123,241,333,210000,101628,2917,0.292893414973285,333,155,210000,225580.64516129,10.1651525298793,TRUE,NA
"Beta centre-high",2,202123,241,800,210000,101628,2917,0.392563924976736,800,384,210000,218750,6.87937741079022,TRUE,NA
"Beta centre-high",2,202123,242,333,210000,101805,2908,0.298276883504649,333,182,210000,192115.384615385,9.68293611816731,TRUE,NA
"Beta centre-high",2,202123,242,800,210000,101805,2908,0.404657773114027,800,408,210000,205882.352941176,6.76712426478136,TRUE,NA
"Beta centre-high",2,202123,243,333,210000,111193,2977,0.28457658344796,333,148,210000,236250,10.3141536003213,TRUE,NA
"Beta centre-high",2,202123,243,800,210000,111193,2977,0.391018275222684,800,389,210000,215938.303341902,6.8550060370112,TRUE,NA
"Beta centre-high",2,202123,244,333,210000,106509,2822,0.28976533058053,333,169,210000,206893.49112426,9.898777427369,TRUE,NA
"Beta centre-high",2,202123,244,800,210000,106509,2822,0.39517101913277,800,423,210000,198581.560283688,6.7025986626053,TRUE,NA
"Beta centre-high",2,202123,245,333,210000,105574,2868,0.289268257559822,333,145,210000,241137.931034483,10.3817009283081,TRUE,NA
"Beta centre-high",2,202123,245,800,210000,105574,2868,0.391265774343583,800,341,210000,246334.31085044,7.11404808037625,TRUE,NA
"Beta centre-high",2,202123,246,333,210000,99771,2880,0.280098106023801,333,133,210000,262894.736842105,10.6771797235162,TRUE,NA
"Beta centre-high",2,202123,246,800,210000,99771,2880,0.384465432161462,800,345,210000,243478.260869565,7.09011101040039,TRUE,NA
"Beta centre-high",2,202123,247,333,210000,103370,2862,0.292020809891702,333,145,210000,241137.931034483,10.3817009283081,TRUE,NA
"Beta centre-high",2,202123,247,800,210000,103370,2862,0.393220777267687,800,351,210000,239316.239316239,7.05508294660329,TRUE,NA
"Beta centre-high",2,202123,248,333,210000,108023,2884,0.294514211490588,333,157,210000,222707.006369427,10.1246463858931,TRUE,NA
"Beta centre-high",2,202123,248,800,210000,108023,2884,0.394291695854599,800,392,210000,214285.714285714,6.84064112310072,TRUE,NA
"Beta centre-high",2,202123,249,333,210000,106723,2904,0.289343726676069,333,167,210000,209371.25748503,9.93450735791223,TRUE,NA
"Beta centre-high",2,202123,249,800,210000,106723,2904,0.389354783742591,800,394,210000,213197.969543147,6.83116955969639,TRUE,NA
"Beta centre-high",2,202123,250,333,210000,105778,2886,0.295410718436274,333,141,210000,247978.723404255,10.4755039372365,TRUE,NA
"Beta centre-high",2,202123,250,800,210000,105778,2886,0.388675129234194,800,360,210000,233333.333333333,7.00442322187929,TRUE,NA
"Beta centre-high",2,202123,251,333,210000,103416,2794,0.299865997314549,333,157,210000,222707.006369427,10.1246463858931,TRUE,NA
"Beta centre-high",2,202123,251,800,210000,103416,2794,0.401847022958183,800,378,210000,222222.222222222,6.90935549443293,TRUE,NA
"Beta centre-high",2,202123,252,333,210000,108219,2816,0.294196784207432,333,179,210000,195335.195530726,9.73037094417081,TRUE,NA
"Beta centre-high",2,202123,252,800,210000,108219,2816,0.396014119541844,800,438,210000,191780.821917808,6.64192872001307,TRUE,NA
"Beta centre-high",2,202123,253,333,210000,109332,2803,0.28626974970811,333,155,210000,225580.64516129,10.1651525298793,TRUE,NA
"Beta centre-high",2,202123,253,800,210000,109332,2803,0.391551799718569,800,409,210000,205378.973105134,6.76269507253102,TRUE,NA
"Beta centre-high",2,202123,254,333,210000,99865,2871,0.288381421972166,333,166,210000,210632.530120482,9.95264591849202,TRUE,NA
"Beta centre-high",2,202123,254,800,210000,99865,2871,0.391345661790416,800,386,210000,217616.580310881,6.86956349739337,TRUE,NA
"Beta centre-high",2,202123,255,333,210000,104453,2810,0.298982276763728,333,174,210000,200948.275862069,9.8125155434919,TRUE,NA
"Beta centre-high",2,202123,255,800,210000,104453,2810,0.397017154167248,800,404,210000,207920.792079208,6.78503073986764,TRUE,NA
"Beta centre-high",2,202123,256,333,210000,102230,2935,0.293349144446608,333,157,210000,222707.006369427,10.1246463858931,TRUE,NA
"Beta centre-high",2,202123,256,800,210000,102230,2935,0.38353166371147,800,348,210000,241379.310344828,7.07246767948303,TRUE,NA
"Beta centre-high",2,202123,257,333,210000,102224,2728,0.297297069171026,333,184,210000,190027.173913043,9.65204760713552,TRUE,NA
"Beta centre-high",2,202123,257,800,210000,102224,2728,0.396407732610387,800,391,210000,214833.759590793,6.84540827589973,TRUE,NA
"Beta centre-high",2,202123,258,333,210000,105522,2786,0.29821195155009,333,182,210000,192115.384615385,9.68293611816731,TRUE,NA
"Beta centre-high",2,202123,258,800,210000,105522,2786,0.403093644453958,800,471,210000,178343.949044586,6.52039794788109,TRUE,NA
"Beta centre-high",2,202123,259,333,210000,105022,2878,0.288000605862797,333,189,210000,185000,9.57727778826045,TRUE,NA
"Beta centre-high",2,202123,259,800,210000,105022,2878,0.394990403166066,800,415,210000,202409.638554217,6.73650892047155,TRUE,NA
"Beta centre-high",2,202123,260,333,210000,110377,2834,0.294385180786258,333,150,210000,233100,10.2703877039828,TRUE,NA
"Beta centre-high",2,202123,260,800,210000,110377,2834,0.395878726112086,800,410,210000,204878.048780488,6.75828460453265,TRUE,NA
"Beta centre-high",2,202123,261,333,210000,104299,2802,0.288085289967537,333,182,210000,192115.384615385,9.68293611816731,TRUE,NA
"Beta centre-high",2,202123,261,800,210000,104299,2802,0.392014606366761,800,411,210000,204379.562043796,6.75389273950461,TRUE,NA
"Beta centre-high",2,202123,262,333,210000,104452,2816,0.290625406760131,333,131,210000,266908.396946565,10.7308002863742,TRUE,NA
"Beta centre-high",2,202123,262,800,210000,104452,2816,0.397221196505283,800,388,210000,216494.845360825,6.85983693462991,TRUE,NA
"Beta centre-high",2,202123,263,333,210000,105287,2780,0.297127269005808,333,173,210000,202109.826589595,9.82942852517615,TRUE,NA
"Beta centre-high",2,202123,263,800,210000,105287,2780,0.401944399249591,800,434,210000,193548.387096774,6.65775048704906,TRUE,NA
"Beta centre-high",2,202123,264,333,210000,99026,2846,0.292163507692501,333,153,210000,228529.411764706,10.2065505459796,TRUE,NA
"Beta centre-high",2,202123,264,800,210000,99026,2846,0.397382908348045,800,376,210000,223404.255319149,6.91953116723056,TRUE,NA
"Beta centre-high",2,202123,265,333,210000,110601,2876,0.283742776264788,333,151,210000,231556.291390728,10.2488712786515,TRUE,NA
"Beta centre-high",2,202123,265,800,210000,110601,2876,0.388231116029141,800,383,210000,219321.148825065,6.88431750196318,TRUE,NA
"Beta centre-high",2,202123,266,333,210000,104468,2870,0.291926605265157,333,155,210000,225580.64516129,10.1651525298793,TRUE,NA
"Beta centre-high",2,202123,266,800,210000,104468,2870,0.392243151267065,800,375,210000,224000,6.92465403901817,TRUE,NA
"Beta centre-high",2,202123,267,333,210000,102428,2782,0.29187597977276,333,171,210000,204473.684210526,9.86375836520729,TRUE,NA
"Beta centre-high",2,202123,267,800,210000,102428,2782,0.394993972608273,800,385,210000,218181.818181818,6.87445946001938,TRUE,NA
"Beta centre-high",2,202123,268,333,210000,107356,2867,0.2892585611305,333,167,210000,209371.25748503,9.93450735791223,TRUE,NA
"Beta centre-high",2,202123,268,800,210000,107356,2867,0.398380357042609,800,427,210000,196721.31147541,6.68605792978917,TRUE,NA
"Beta centre-high",2,202123,269,333,210000,105828,2822,0.293275425895367,333,160,210000,218531.25,10.0654953640372,TRUE,NA
"Beta centre-high",2,202123,269,800,210000,105828,2822,0.395319871602828,800,403,210000,208436.724565757,6.78955541070708,TRUE,NA
"Beta centre-high",2,202123,270,333,210000,100973,2926,0.290435045110818,333,145,210000,241137.931034483,10.3817009283081,TRUE,NA
"Beta centre-high",2,202123,270,800,210000,100973,2926,0.393853927679468,800,358,210000,234636.87150838,7.01549198469208,TRUE,NA
"Beta centre-high",2,202123,271,333,210000,99198,2844,0.294664249197065,333,160,210000,218531.25,10.0654953640372,TRUE,NA
"Beta centre-high",2,202123,271,800,210000,99198,2844,0.3967935395565,800,394,210000,213197.969543147,6.83116955969639,TRUE,NA
"Beta centre-high",2,202123,272,333,210000,104734,2807,0.287841079597975,333,161,210000,217173.913043478,10.0461932176168,TRUE,NA
"Beta centre-high",2,202123,272,800,210000,104734,2807,0.394016083121037,800,390,210000,215384.615384615,6.85019653254194,TRUE,NA
"Beta centre-high",2,202123,273,333,210000,105651,2889,0.289617833256756,333,167,210000,209371.25748503,9.93450735791223,TRUE,NA
"Beta centre-high",2,202123,273,800,210000,105651,2889,0.39472228542128,800,403,210000,208436.724565757,6.78955541070708,TRUE,NA
"Beta centre-high",2,202123,274,333,210000,99590,2861,0.298844381226933,333,140,210000,249750,10.4996556301636,TRUE,NA
"Beta centre-high",2,202123,274,800,210000,99590,2861,0.396091239933815,800,355,210000,236619.718309859,7.03229556957976,TRUE,NA
"Beta centre-high",2,202123,275,333,210000,102939,2877,0.291066469647322,333,183,210000,191065.573770492,9.66741980399235,TRUE,NA
"Beta centre-high",2,202123,275,800,210000,102939,2877,0.386672088301029,800,388,210000,216494.845360825,6.85983693462991,TRUE,NA
"Beta centre-high",2,202123,276,333,210000,107738,2858,0.286087471771453,333,142,210000,246232.394366197,10.4516377728431,TRUE,NA
"Beta centre-high",2,202123,276,800,210000,107738,2858,0.392943388880716,800,416,210000,201923.076923077,6.73220828791605,TRUE,NA
"Beta centre-high",2,202123,277,333,210000,98308,2822,0.293577987794257,333,157,210000,222707.006369427,10.1246463858931,TRUE,NA
"Beta centre-high",2,202123,277,800,210000,98308,2822,0.397315023994349,800,392,210000,214285.714285714,6.84064112310072,TRUE,NA
"Beta centre-high",2,202123,278,333,210000,110423,2932,0.287889185826531,333,153,210000,228529.411764706,10.2065505459796,TRUE,NA
"Beta centre-high",2,202123,278,800,210000,110423,2932,0.38620132772354,800,389,210000,215938.303341902,6.8550060370112,TRUE,NA
"Beta centre-high",2,202123,279,333,210000,104973,2815,0.289654957967802,333,158,210000,221297.46835443,10.1047185098824,TRUE,NA
"Beta centre-high",2,202123,279,800,210000,104973,2815,0.396989554683066,800,404,210000,207920.792079208,6.78503073986764,TRUE,NA
"Beta centre-high",2,202123,280,333,210000,105501,2824,0.292827254396337,333,169,210000,206893.49112426,9.898777427369,TRUE,NA
"Beta centre-high",2,202123,280,800,210000,105501,2824,0.396176230629564,800,414,210000,202898.550724638,6.74082756532198,TRUE,NA
"Beta centre-high",2,202123,281,333,210000,107212,2799,0.305401080343242,333,170,210000,205676.470588235,9.88118041203675,TRUE,NA
"Beta centre-high",2,202123,281,800,210000,107212,2799,0.405170016132687,800,393,210000,213740.458015267,6.83589493148404,TRUE,NA
"Beta centre-high",2,202123,282,333,210000,101745,2806,0.298514061497609,333,169,210000,206893.49112426,9.898777427369,TRUE,NA
"Beta centre-high",2,202123,282,800,210000,101745,2806,0.400512570316036,800,404,210000,207920.792079208,6.78503073986764,TRUE,NA
"Beta centre-high",2,202123,283,333,210000,103211,2832,0.302693993791799,333,172,210000,203284.88372093,9.84650861001883,TRUE,NA
"Beta centre-high",2,202123,283,800,210000,103211,2832,0.400764509973094,800,398,210000,211055.27638191,6.81247348869172,TRUE,NA
"Beta centre-high",2,202123,284,333,210000,108220,2863,0.292838416523695,333,167,210000,209371.25748503,9.93450735791223,TRUE,NA
"Beta centre-high",2,202123,284,800,210000,108220,2863,0.396738755633809,800,390,210000,215384.615384615,6.85019653254194,TRUE,NA
"Beta centre-high",2,202123,285,333,210000,103656,2873,0.292190554530138,333,156,210000,224134.615384615,10.144789846321,TRUE,NA
"Beta centre-high",2,202123,285,800,210000,103656,2873,0.391394861555889,800,372,210000,225806.451612903,6.94016479080515,TRUE,NA
"Beta centre-high",2,202123,286,333,210000,103524,2869,0.294124257767499,333,156,210000,224134.615384615,10.144789846321,TRUE,NA
"Beta centre-high",2,202123,286,800,210000,103524,2869,0.391359273037138,800,377,210000,222811.671087533,6.91443170711925,TRUE,NA
"Beta centre-high",2,202123,287,333,210000,106612,2827,0.294843123024972,333,166,210000,210632.530120482,9.95264591849202,TRUE,NA
"Beta centre-high",2,202123,287,800,210000,106612,2827,0.401630881857413,800,389,210000,215938.303341902,6.8550060370112,TRUE,NA
"Beta centre-high",2,202123,288,333,210000,108896,2856,0.290271634195526,333,172,210000,203284.88372093,9.84650861001883,TRUE,NA
"Beta centre-high",2,202123,288,800,210000,108896,2856,0.391518356245725,800,403,210000,208436.724565757,6.78955541070708,TRUE,NA
"Beta centre-high",2,202123,289,333,210000,100704,2801,0.302162268842237,333,165,210000,211909.090909091,9.97097074158352,TRUE,NA
"Beta centre-high",2,202123,289,800,210000,100704,2801,0.397880255460144,800,360,210000,233333.333333333,7.00442322187929,TRUE,NA
"Beta centre-high",2,202123,290,333,210000,99649,2935,0.286673967354771,333,130,210000,268961.538461538,10.7581259449093,TRUE,NA
"Beta centre-high",2,202123,290,800,210000,99649,2935,0.387062015061188,800,338,210000,248520.710059172,7.13231839656588,TRUE,NA
"Beta centre-high",2,202123,291,333,210000,107527,2839,0.291005916885354,333,156,210000,224134.615384615,10.144789846321,TRUE,NA
"Beta centre-high",2,202123,291,800,210000,107527,2839,0.391659212618558,800,378,210000,222222.222222222,6.90935549443293,TRUE,NA
"Beta centre-high",2,202123,292,333,210000,104211,2863,0.296203230985185,333,189,210000,185000,9.57727778826045,TRUE,NA
"Beta centre-high",2,202123,292,800,210000,104211,2863,0.392830747820066,800,415,210000,202409.638554217,6.73650892047155,TRUE,NA
"Beta centre-high",2,202123,293,333,210000,101287,2833,0.289015958412818,333,150,210000,233100,10.2703877039828,TRUE,NA
"Beta centre-high",2,202123,293,800,210000,101287,2833,0.388714723515784,800,349,210000,240687.679083095,7.0666443254464,TRUE,NA
"Beta centre-high",2,202123,294,333,210000,104743,2848,0.28701850937302,333,165,210000,211909.090909091,9.97097074158352,TRUE,NA
"Beta centre-high",2,202123,294,800,210000,104743,2848,0.393217419024091,800,409,210000,205378.973105134,6.76269507253102,TRUE,NA
"Beta centre-high",2,202123,295,333,210000,111124,2745,0.304317380461417,333,195,210000,179307.692307692,9.49190435084053,TRUE,NA
"Beta centre-high",2,202123,295,800,210000,111124,2745,0.400708147278794,800,450,210000,186666.666666667,6.59593731895977,TRUE,NA
"Beta centre-high",2,202123,296,333,210000,108523,2815,0.290915622294851,333,166,210000,210632.530120482,9.95264591849202,TRUE,NA
"Beta centre-high",2,202123,296,800,210000,108523,2815,0.404557663964373,800,438,210000,191780.821917808,6.64192872001307,TRUE,NA
"Beta centre-high",2,202123,297,333,210000,105252,2807,0.290720861139274,333,134,210000,260932.835820896,10.6508714476843,TRUE,NA
"Beta centre-high",2,202123,297,800,210000,105252,2807,0.394758705405324,800,356,210000,235955.056179775,7.02666738460513,TRUE,NA
"Beta centre-high",2,202123,298,333,210000,100138,2811,0.294441029380749,333,179,210000,195335.195530726,9.73037094417081,TRUE,NA
"Beta centre-high",2,202123,298,800,210000,100138,2811,0.394704504994659,800,396,210000,212121.212121212,6.82178071664205,TRUE,NA
"Beta centre-high",2,202123,299,333,210000,101271,2871,0.290098221148712,333,183,210000,191065.573770492,9.66741980399235,TRUE,NA
"Beta centre-high",2,202123,299,800,210000,101271,2871,0.388427659380924,800,399,210000,210526.315789474,6.80785014046491,TRUE,NA
"Beta centre-high",2,202123,300,333,210000,108675,2851,0.290053532702987,333,158,210000,221297.46835443,10.1047185098824,TRUE,NA
"Beta centre-high",2,202123,300,800,210000,108675,2851,0.393874691589337,800,424,210000,198113.20754717,6.69843806822168,TRUE,NA
"Beta centre-high",2,202123,301,333,210000,103417,2790,0.294271123525861,333,151,210000,231556.291390728,10.2488712786515,TRUE,NA
"Beta centre-high",2,202123,301,800,210000,103417,2790,0.396377783849312,800,433,210000,193995.381062356,6.66174565073848,TRUE,NA
"Beta centre-high",2,202123,302,333,210000,105324,2847,0.29542777538327,333,161,210000,217173.913043478,10.0461932176168,TRUE,NA
"Beta centre-high",2,202123,302,800,210000,105324,2847,0.393168533626108,800,399,210000,210526.315789474,6.80785014046491,TRUE,NA
"Beta centre-high",2,202123,303,333,210000,107802,2842,0.293739386937219,333,169,210000,206893.49112426,9.898777427369,TRUE,NA
"Beta centre-high",2,202123,303,800,210000,107802,2842,0.394903449274684,800,404,210000,207920.792079208,6.78503073986764,TRUE,NA
"Beta centre-high",2,202123,304,333,210000,105912,2860,0.286064012876546,333,155,210000,225580.64516129,10.1651525298793,TRUE,NA
"Beta centre-high",2,202123,304,800,210000,105912,2860,0.3917538398048,800,399,210000,210526.315789474,6.80785014046491,TRUE,NA
"Beta centre-high",2,202123,305,333,210000,101470,2778,0.291769555340824,333,165,210000,211909.090909091,9.97097074158352,TRUE,NA
"Beta centre-high",2,202123,305,800,210000,101470,2778,0.402168762035531,800,417,210000,201438.848920863,6.72792555258646,TRUE,NA
"Beta centre-high",2,202123,306,333,210000,107162,2892,0.287090226439602,333,160,210000,218531.25,10.0654953640372,TRUE,NA
"Beta centre-high",2,202123,306,800,210000,107162,2892,0.397435482315362,800,413,210000,203389.830508475,6.74516433854333,TRUE,NA
"Beta centre-high",2,202123,307,333,210000,102692,2876,0.297326482709837,333,176,210000,198664.772727273,9.77918088295926,TRUE,NA
"Beta centre-high",2,202123,307,800,210000,102692,2876,0.401896046641562,800,429,210000,195804.195804196,6.67788815445777,TRUE,NA
"Beta centre-high",2,202123,308,333,210000,104522,2767,0.304932545053599,333,164,210000,213201.219512195,9.98948480551183,TRUE,NA
"Beta centre-high",2,202123,308,800,210000,104522,2767,0.402697564209078,800,375,210000,224000,6.92465403901817,TRUE,NA
"Beta centre-high",2,202123,309,333,210000,105416,2871,0.292218100574162,333,186,210000,187983.870967742,9.62172738044833,TRUE,NA
"Beta centre-high",2,202123,309,800,210000,105416,2871,0.397011943340182,800,452,210000,185840.707964602,6.58847939199431,TRUE,NA
"Beta centre-high",2,202123,310,333,210000,105977,2782,0.295183256957262,333,169,210000,206893.49112426,9.898777427369,TRUE,NA
"Beta centre-high",2,202123,310,800,210000,105977,2782,0.399101091814299,800,392,210000,214285.714285714,6.84064112310072,TRUE,NA
"Beta centre-high",2,202123,311,333,210000,105984,2803,0.290226697195645,333,164,210000,213201.219512195,9.98948480551183,TRUE,NA
"Beta centre-high",2,202123,311,800,210000,105984,2803,0.401152927857906,800,414,210000,202898.550724638,6.74082756532198,TRUE,NA
"Beta centre-high",2,202123,312,333,210000,108496,2764,0.294768597408001,333,181,210000,193176.79558011,9.69859864660789,TRUE,NA
"Beta centre-high",2,202123,312,800,210000,108496,2764,0.397411145643831,800,429,210000,195804.195804196,6.67788815445777,TRUE,NA
"Beta centre-high",2,202123,313,333,210000,103967,2814,0.300884563472771,333,187,210000,186978.609625668,9.60677535660802,TRUE,NA
"Beta centre-high",2,202123,313,800,210000,103967,2814,0.401033570321511,800,397,210000,211586.901763224,6.81711696907119,TRUE,NA
"Beta centre-high",2,202123,314,333,210000,105254,2817,0.291077041582919,333,152,210000,230032.894736842,10.2275935883112,TRUE,NA
"Beta centre-high",2,202123,314,800,210000,105254,2817,0.393636083370677,800,377,210000,222811.671087533,6.91443170711925,TRUE,NA
"Beta centre-high",2,202123,315,333,210000,107178,2769,0.296151102936986,333,175,210000,199800,9.79576715047429,TRUE,NA
"Beta centre-high",2,202123,315,800,210000,107178,2769,0.403037711798001,800,434,210000,193548.387096774,6.65775048704906,TRUE,NA
"Beta centre-high",2,202123,316,333,210000,101184,2812,0.295931842306813,333,180,210000,194250,9.71440952806755,TRUE,NA
"Beta centre-high",2,202123,316,800,210000,101184,2812,0.392381290523906,800,372,210000,225806.451612903,6.94016479080515,TRUE,NA
"Beta centre-high",2,202123,317,333,210000,106478,2805,0.294297839887276,333,163,210000,214509.202453988,10.0081911539992,TRUE,NA
"Beta centre-high",2,202123,317,800,210000,106478,2805,0.397886524815092,800,376,210000,223404.255319149,6.91953116723056,TRUE,NA
"Beta centre-high",2,202123,318,333,210000,105062,2804,0.294405880732734,333,181,210000,193176.79558011,9.69859864660789,TRUE,NA
"Beta centre-high",2,202123,318,800,210000,105062,2804,0.392222528117024,800,411,210000,204379.562043796,6.75389273950461,TRUE,NA
"Beta centre-high",2,202123,319,333,210000,105774,2784,0.287381644472465,333,162,210000,215833.333333333,10.027092898003,TRUE,NA
"Beta centre-high",2,202123,319,800,210000,105774,2784,0.398029737528973,800,454,210000,185022.026431718,6.58107883340457,TRUE,NA
"Beta centre-high",2,202123,320,333,210000,105049,2870,0.291908819247326,333,163,210000,214509.202453988,10.0081911539992,TRUE,NA
"Beta centre-high",2,202123,320,800,210000,105049,2870,0.387612913616719,800,365,210000,230136.98630137,6.97720769129002,TRUE,NA
"Beta centre-high",2,202123,321,333,210000,109960,2905,0.282994546646401,333,166,210000,210632.530120482,9.95264591849202,TRUE,NA
"Beta centre-high",2,202123,321,800,210000,109960,2905,0.385175972499655,800,403,210000,208436.724565757,6.78955541070708,TRUE,NA
"Beta centre-high",2,202123,322,333,210000,105455,2847,0.288196108316301,333,154,210000,227045.454545455,10.185738159727,TRUE,NA
"Beta centre-high",2,202123,322,800,210000,105455,2847,0.398164656292791,800,401,210000,209476.309226933,6.79866330639878,TRUE,NA
"Beta centre-high",2,202123,323,333,210000,104955,2780,0.294305296390737,333,184,210000,190027.173913043,9.65204760713552,TRUE,NA
"Beta centre-high",2,202123,323,800,210000,104955,2780,0.39658054633806,800,446,210000,188340.807174888,6.6110280257386,TRUE,NA
"Beta centre-high",2,202123,324,333,210000,102681,2875,0.288864931931886,333,156,210000,224134.615384615,10.144789846321,TRUE,NA
"Beta centre-high",2,202123,324,800,210000,102681,2875,0.387552318308972,800,380,210000,221052.631578947,6.89927216212756,TRUE,NA
"Beta centre-high",2,202123,325,333,210000,103708,2801,0.295330137183604,333,178,210000,196432.584269663,9.74648512051155,TRUE,NA
"Beta centre-high",2,202123,325,800,210000,103708,2801,0.397504747959551,800,405,210000,207407.407407407,6.78052541608063,TRUE,NA
"Beta centre-high",2,202123,326,333,210000,105696,2784,0.290886703690971,333,146,210000,239486.301369863,10.3589259872047,TRUE,NA
"Beta centre-high",2,202123,326,800,210000,105696,2784,0.394572647952546,800,376,210000,223404.255319149,6.91953116723056,TRUE,NA
"Beta centre-high",2,202123,327,333,210000,102727,2858,0.294267137074057,333,157,210000,222707.006369427,10.1246463858931,TRUE,NA
"Beta centre-high",2,202123,327,800,210000,102727,2858,0.396240800607676,800,397,210000,211586.901763224,6.81711696907119,TRUE,NA
"Beta centre-high",2,202123,328,333,210000,102683,2901,0.286389264116437,333,148,210000,236250,10.3141536003213,TRUE,NA
"Beta centre-high",2,202123,328,800,210000,102683,2901,0.3956003073669,800,378,210000,222222.222222222,6.90935549443293,TRUE,NA
"Beta centre-high",2,202123,329,333,210000,101126,2831,0.288202461386581,333,160,210000,218531.25,10.0654953640372,TRUE,NA
"Beta centre-high",2,202123,329,800,210000,101126,2831,0.387733185024857,800,382,210000,219895.287958115,6.88927988723264,TRUE,NA
"Beta centre-high",2,202123,330,333,210000,102167,2848,0.293164107966403,333,172,210000,203284.88372093,9.84650861001883,TRUE,NA
"Beta centre-high",2,202123,330,800,210000,102167,2848,0.395378527165662,800,385,210000,218181.818181818,6.87445946001938,TRUE,NA
"Beta centre-high",2,202123,331,333,210000,106825,2842,0.291379244082835,333,178,210000,196432.584269663,9.74648512051155,TRUE,NA
"Beta centre-high",2,202123,331,800,210000,106825,2842,0.389014921889789,800,406,210000,206896.551724138,6.77603931255901,TRUE,NA
"Beta centre-high",2,202123,332,333,210000,104268,2815,0.293660239639145,333,175,210000,199800,9.79576715047429,TRUE,NA
"Beta centre-high",2,202123,332,800,210000,104268,2815,0.397445205073119,800,420,210000,2e+05,6.7151835941356,TRUE,NA
"Beta centre-high",2,202123,333,333,210000,107185,2881,0.284709305486868,333,147,210000,237857.142857143,10.3364117472074,TRUE,NA
"Beta centre-high",2,202123,333,800,210000,107185,2881,0.387080710659197,800,399,210000,210526.315789474,6.80785014046491,TRUE,NA
"Beta centre-high",2,202123,334,333,210000,107248,2821,0.295685159016886,333,167,210000,209371.25748503,9.93450735791223,TRUE,NA
"Beta centre-high",2,202123,334,800,210000,107248,2821,0.401269750386749,800,407,210000,206388.206388206,6.77157230364179,TRUE,NA
"Beta centre-high",2,202123,335,333,210000,104862,2827,0.300357389271176,333,193,210000,181165.803108808,9.51985653390033,TRUE,NA
"Beta centre-high",2,202123,335,800,210000,104862,2827,0.400493309657405,800,399,210000,210526.315789474,6.80785014046491,TRUE,NA
"Beta centre-high",2,202123,336,333,210000,104186,2843,0.296283039109575,333,151,210000,231556.291390728,10.2488712786515,TRUE,NA
"Beta centre-high",2,202123,336,800,210000,104186,2843,0.394979677388987,800,407,210000,206388.206388206,6.77157230364179,TRUE,NA
"Beta centre-high",2,202123,337,333,210000,104645,2872,0.295097088236139,333,144,210000,242812.5,10.4047412926943,TRUE,NA
"Beta centre-high",2,202123,337,800,210000,104645,2872,0.39311383983314,800,385,210000,218181.818181818,6.87445946001938,TRUE,NA
"Beta centre-high",2,202123,338,333,210000,109313,2775,0.300932213091322,333,211,210000,165710.900473934,9.28480273631939,TRUE,NA
"Beta centre-high",2,202123,338,800,210000,109313,2775,0.401172566092655,800,433,210000,193995.381062356,6.66174565073848,TRUE,NA
"Beta centre-high",2,202123,339,333,210000,100471,2891,0.29117441389113,333,168,210000,208125,9.91655214513914,TRUE,NA
"Beta centre-high",2,202123,339,800,210000,100471,2891,0.389974828562226,800,359,210000,233983.286908078,7.00994437187391,TRUE,NA
"Beta centre-high",2,202123,340,333,210000,109872,2860,0.292306474028044,333,185,210000,189000,9.6368174714222,TRUE,NA
"Beta centre-high",2,202123,340,800,210000,109872,2860,0.392650681417092,800,407,210000,206388.206388206,6.77157230364179,TRUE,NA
"Beta centre-high",2,202123,341,333,210000,106309,2909,0.29475663322207,333,177,210000,197542.372881356,9.76275432778563,TRUE,NA
"Beta centre-high",2,202123,341,800,210000,106309,2909,0.386549455011081,800,390,210000,215384.615384615,6.85019653254194,TRUE,NA
"Beta centre-high",2,202123,342,333,210000,105288,2855,0.288913635334245,333,165,210000,211909.090909091,9.97097074158352,TRUE,NA
"Beta centre-high",2,202123,342,800,210000,105288,2855,0.384557892298382,800,371,210000,226415.094339623,6.94538298375246,TRUE,NA
"Beta centre-high",2,202123,343,333,210000,111932,2984,0.289986847818912,333,201,210000,173955.223880597,9.41092135258544,TRUE,NA
"Beta centre-high",2,202123,343,800,210000,111932,2984,0.394979552982367,800,464,210000,181034.482758621,6.54491337080599,TRUE,NA
"Beta centre-high",2,202123,344,333,210000,106531,2851,0.298359488313415,333,182,210000,192115.384615385,9.68293611816731,TRUE,NA
"Beta centre-high",2,202123,344,800,210000,106531,2851,0.399911905937782,800,418,210000,200956.937799043,6.72366060040962,TRUE,NA
"Beta centre-high",2,202123,345,333,210000,104317,2790,0.294478545323125,333,175,210000,199800,9.79576715047429,TRUE,NA
"Beta centre-high",2,202123,345,800,210000,104317,2790,0.394448056584753,800,392,210000,214285.714285714,6.84064112310072,TRUE,NA
"Beta centre-high",2,202123,346,333,210000,106831,2913,0.286734473411895,333,158,210000,221297.46835443,10.1047185098824,TRUE,NA
"Beta centre-high",2,202123,346,800,210000,106831,2913,0.391226810046936,800,393,210000,213740.458015267,6.83589493148404,TRUE,NA
"Beta centre-high",2,202123,347,333,210000,110191,2829,0.298642616198357,333,176,210000,198664.772727273,9.77918088295926,TRUE,NA
"Beta centre-high",2,202123,347,800,210000,110191,2829,0.399988156395388,800,420,210000,2e+05,6.7151835941356,TRUE,NA
"Beta centre-high",2,202123,348,333,210000,109358,2917,0.294274394256357,333,186,210000,187983.870967742,9.62172738044833,TRUE,NA
"Beta centre-high",2,202123,348,800,210000,109358,2917,0.396268917031106,800,443,210000,189616.25282167,6.62250181763473,TRUE,NA
"Beta centre-high",2,202123,349,333,210000,102139,2835,0.289799427329346,333,181,210000,193176.79558011,9.69859864660789,TRUE,NA
"Beta centre-high",2,202123,349,800,210000,102139,2835,0.389283610643092,800,403,210000,208436.724565757,6.78955541070708,TRUE,NA
"Beta centre-high",2,202123,350,333,210000,103831,2897,0.287187170093419,333,162,210000,215833.333333333,10.027092898003,TRUE,NA
"Beta centre-high",2,202123,350,800,210000,103831,2897,0.390996462836731,800,401,210000,209476.309226933,6.79866330639878,TRUE,NA
"Beta centre-high",2,202123,351,333,210000,107074,2757,0.287598240352546,333,139,210000,251546.762589928,10.5240982020608,TRUE,NA
"Beta centre-high",2,202123,351,800,210000,107074,2757,0.393612861224519,800,370,210000,227027.027027027,6.95062543376141,TRUE,NA
"Beta centre-high",2,202123,352,333,210000,104431,2879,0.29432980340195,333,204,210000,171397.058823529,9.37196909761184,TRUE,NA
"Beta centre-high",2,202123,352,800,210000,104431,2879,0.391319707448026,800,422,210000,199052.132701422,6.70677637601546,TRUE,NA
"Beta centre-high",2,202123,353,333,210000,104432,2866,0.288238565365826,333,179,210000,195335.195530726,9.73037094417081,TRUE,NA
"Beta centre-high",2,202123,353,800,210000,104432,2866,0.390556559466703,800,405,210000,207407.407407407,6.78052541608063,TRUE,NA
"Beta centre-high",2,202123,354,333,210000,105189,2977,0.28520467026142,333,158,210000,221297.46835443,10.1047185098824,TRUE,NA
"Beta centre-high",2,202123,354,800,210000,105189,2977,0.394850215379484,800,396,210000,212121.212121212,6.82178071664205,TRUE,NA
"Beta centre-high",2,202123,355,333,210000,105399,2801,0.298490576774094,333,180,210000,194250,9.71440952806755,TRUE,NA
"Beta centre-high",2,202123,355,800,210000,105399,2801,0.400094278962625,800,407,210000,206388.206388206,6.77157230364179,TRUE,NA
"Beta centre-high",2,202123,356,333,210000,104353,2808,0.286831481984313,333,158,210000,221297.46835443,10.1047185098824,TRUE,NA
"Beta centre-high",2,202123,356,800,210000,104353,2808,0.394693609345591,800,404,210000,207920.792079208,6.78503073986764,TRUE,NA
"Beta centre-high",2,202123,357,333,210000,103923,2851,0.289785753399964,333,146,210000,239486.301369863,10.3589259872047,TRUE,NA
"Beta centre-high",2,202123,357,800,210000,103923,2851,0.397785030690408,800,389,210000,215938.303341902,6.8550060370112,TRUE,NA
"Beta centre-high",2,202123,358,333,210000,103909,2816,0.287892628409228,333,160,210000,218531.25,10.0654953640372,TRUE,NA
"Beta centre-high",2,202123,358,800,210000,103909,2816,0.396003420125999,800,378,210000,222222.222222222,6.90935549443293,TRUE,NA
"Beta centre-high",2,202123,359,333,210000,105656,2797,0.292785512589503,333,180,210000,194250,9.71440952806755,TRUE,NA
"Beta centre-high",2,202123,359,800,210000,105656,2797,0.396721097958145,800,405,210000,207407.407407407,6.78052541608063,TRUE,NA
"Beta centre-high",2,202123,360,333,210000,102880,2778,0.29223224654546,333,166,210000,210632.530120482,9.95264591849202,TRUE,NA
"Beta centre-high",2,202123,360,800,210000,102880,2778,0.398374684129554,800,393,210000,213740.458015267,6.83589493148404,TRUE,NA
"Beta centre-high",2,202123,361,333,210000,107293,2867,0.290432169990178,333,165,210000,211909.090909091,9.97097074158352,TRUE,NA
"Beta centre-high",2,202123,361,800,210000,107293,2867,0.401046958362248,800,428,210000,196261.682242991,6.68196474659456,TRUE,NA
"Beta centre-high",2,202123,362,333,210000,102149,2888,0.287893441954687,333,177,210000,197542.372881356,9.76275432778563,TRUE,NA
"Beta centre-high",2,202123,362,800,210000,102149,2888,0.387226499346921,800,368,210000,228260.869565217,6.96118380283859,TRUE,NA
"Beta centre-high",2,202123,363,333,210000,105876,2821,0.295828707152253,333,178,210000,196432.584269663,9.74648512051155,TRUE,NA
"Beta centre-high",2,202123,363,800,210000,105876,2821,0.40378218125763,800,425,210000,197647.058823529,6.69429448546521,TRUE,NA
"Beta centre-high",2,202123,364,333,210000,107537,2817,0.297904293284516,333,167,210000,209371.25748503,9.93450735791223,TRUE,NA
"Beta centre-high",2,202123,364,800,210000,107537,2817,0.404373818219829,800,426,210000,197183.098591549,6.69016780784906,TRUE,NA
"Beta centre-high",2,202123,365,333,210000,106928,2929,0.288985967414226,333,159,210000,219905.660377358,10.0850026615991,TRUE,NA
"Beta centre-high",2,202123,365,800,210000,106928,2929,0.387257602766677,800,374,210000,224598.930481283,6.92980048831585,TRUE,NA
"Beta centre-high",2,202123,366,333,210000,106171,2841,0.283917900041723,333,145,210000,241137.931034483,10.3817009283081,TRUE,NA
"Beta centre-high",2,202123,366,800,210000,106171,2841,0.388558728597618,800,361,210000,232686.980609418,6.99892834070722,TRUE,NA
"Beta centre-high",2,202123,367,333,210000,105335,2888,0.28912469062678,333,159,210000,219905.660377358,10.0850026615991,TRUE,NA
"Beta centre-high",2,202123,367,800,210000,105335,2888,0.391313750807486,800,388,210000,216494.845360825,6.85983693462991,TRUE,NA
"Beta centre-high",2,202123,368,333,210000,106540,2799,0.285348777997496,333,166,210000,210632.530120482,9.95264591849202,TRUE,NA
"Beta centre-high",2,202123,368,800,210000,106540,2799,0.39269506186325,800,398,210000,211055.27638191,6.81247348869172,TRUE,NA
"Beta centre-high",2,202123,369,333,210000,101089,2964,0.291449476329173,333,168,210000,208125,9.91655214513914,TRUE,NA
"Beta centre-high",2,202123,369,800,210000,101089,2964,0.389497186170139,800,406,210000,206896.551724138,6.77603931255901,TRUE,NA
"Beta centre-high",2,202123,370,333,210000,111389,2850,0.301625436780341,333,190,210000,184026.315789474,9.56272847417632,TRUE,NA
"Beta centre-high",2,202123,370,800,210000,111389,2850,0.400714566526677,800,428,210000,196261.682242991,6.68196474659456,TRUE,NA
"Beta centre-high",2,202123,371,333,210000,97427,2816,0.302881768006455,333,172,210000,203284.88372093,9.84650861001883,TRUE,NA
"Beta centre-high",2,202123,371,800,210000,97427,2816,0.406128009603853,800,401,210000,209476.309226933,6.79866330639878,TRUE,NA
"Beta centre-high",2,202123,372,333,210000,100976,2901,0.290333056212141,333,157,210000,222707.006369427,10.1246463858931,TRUE,NA
"Beta centre-high",2,202123,372,800,210000,100976,2901,0.391362041188572,800,377,210000,222811.671087533,6.91443170711925,TRUE,NA
"Beta centre-high",2,202123,373,333,210000,106952,2873,0.286706456524185,333,150,210000,233100,10.2703877039828,TRUE,NA
"Beta centre-high",2,202123,373,800,210000,106952,2873,0.389105827686371,800,424,210000,198113.20754717,6.69843806822168,TRUE,NA
"Beta centre-high",2,202123,374,333,210000,103664,2758,0.297151795121374,333,175,210000,199800,9.79576715047429,TRUE,NA
"Beta centre-high",2,202123,374,800,210000,103664,2758,0.402536682883892,800,421,210000,199524.940617577,6.71097131677406,TRUE,NA
"Beta centre-high",2,202123,375,333,210000,104084,2804,0.296123719250402,333,152,210000,230032.894736842,10.2275935883112,TRUE,NA
"Beta centre-high",2,202123,375,800,210000,104084,2804,0.393094694736363,800,369,210000,227642.276422764,6.95589231487478,TRUE,NA
"Beta centre-high",2,202123,376,333,210000,111072,2886,0.298933671785135,333,187,210000,186978.609625668,9.60677535660802,TRUE,NA
"Beta centre-high",2,202123,376,800,210000,111072,2886,0.397172933559767,800,413,210000,203389.830508475,6.74516433854333,TRUE,NA
"Beta centre-high",2,202123,377,333,210000,107137,2837,0.289858190259607,333,177,210000,197542.372881356,9.76275432778563,TRUE,NA
"Beta centre-high",2,202123,377,800,210000,107137,2837,0.393803379211079,800,407,210000,206388.206388206,6.77157230364179,TRUE,NA
"Beta centre-high",2,202123,378,333,210000,108478,2904,0.281780118200478,333,135,210000,259000,10.6248892228356,TRUE,NA
"Beta centre-high",2,202123,378,800,210000,108478,2904,0.389051353079094,800,383,210000,219321.148825065,6.88431750196318,TRUE,NA
"Beta centre-high",2,202123,379,333,210000,102159,2878,0.284648845594717,333,121,210000,288966.94214876,11.0208359493565,TRUE,NA
"Beta centre-high",2,202123,379,800,210000,102159,2878,0.392189392329593,800,343,210000,244897.959183673,7.10201984254207,TRUE,NA
"Beta centre-high",2,202123,380,333,210000,105288,2777,0.289952417651975,333,146,210000,239486.301369863,10.3589259872047,TRUE,NA
"Beta centre-high",2,202123,380,800,210000,105288,2777,0.394240846548039,800,392,210000,214285.714285714,6.84064112310072,TRUE,NA
"Beta centre-high",2,202123,381,333,210000,102743,2909,0.288643879503734,333,164,210000,213201.219512195,9.98948480551183,TRUE,NA
"Beta centre-high",2,202123,381,800,210000,102743,2909,0.396462949910121,800,372,210000,225806.451612903,6.94016479080515,TRUE,NA
"Beta centre-high",2,202123,382,333,210000,110518,2752,0.301358720084653,333,188,210000,185984.042553191,9.59195946014975,TRUE,NA
"Beta centre-high",2,202123,382,800,210000,110518,2752,0.396693639654538,800,419,210000,200477.326968974,6.71941331829732,TRUE,NA
"Beta centre-high",2,202123,383,333,210000,102069,2774,0.297606644158925,333,147,210000,237857.142857143,10.3364117472074,TRUE,NA
"Beta centre-high",2,202123,383,800,210000,102069,2774,0.394543006695469,800,364,210000,230769.230769231,6.982599398931,TRUE,NA
"Beta centre-high",2,202123,384,333,210000,107795,2834,0.299376398148533,333,167,210000,209371.25748503,9.93450735791223,TRUE,NA
"Beta centre-high",2,202123,384,800,210000,107795,2834,0.401041558135396,800,413,210000,203389.830508475,6.74516433854333,TRUE,NA
"Beta centre-high",2,202123,385,333,210000,109208,2770,0.292099118824542,333,177,210000,197542.372881356,9.76275432778563,TRUE,NA
"Beta centre-high",2,202123,385,800,210000,109208,2770,0.396023322898271,800,402,210000,208955.223880597,6.79409955652486,TRUE,NA
"Beta centre-high",2,202123,386,333,210000,106002,2739,0.291017689015517,333,167,210000,209371.25748503,9.93450735791223,TRUE,NA
"Beta centre-high",2,202123,386,800,210000,106002,2739,0.394633102584481,800,408,210000,205882.352941176,6.76712426478136,TRUE,NA
"Beta centre-high",2,202123,387,333,210000,108869,2780,0.295692441399101,333,164,210000,213201.219512195,9.98948480551183,TRUE,NA
"Beta centre-high",2,202123,387,800,210000,108869,2780,0.398204245805988,800,404,210000,207920.792079208,6.78503073986764,TRUE,NA
"Beta centre-high",2,202123,388,333,210000,108648,2719,0.296471482193059,333,184,210000,190027.173913043,9.65204760713552,TRUE,NA
"Beta centre-high",2,202123,388,800,210000,108648,2719,0.397975323978768,800,429,210000,195804.195804196,6.67788815445777,TRUE,NA
"Beta centre-high",2,202123,389,333,210000,103596,2838,0.293819827365845,333,166,210000,210632.530120482,9.95264591849202,TRUE,NA
"Beta centre-high",2,202123,389,800,210000,103596,2838,0.402413550539309,800,406,210000,206896.551724138,6.77603931255901,TRUE,NA
"Beta centre-high",2,202123,390,333,210000,106518,2812,0.296241096428995,333,167,210000,209371.25748503,9.93450735791223,TRUE,NA
"Beta centre-high",2,202123,390,800,210000,106518,2812,0.399022603057582,800,440,210000,190909.090909091,6.63411181852528,TRUE,NA
"Beta centre-high",2,202123,391,333,210000,102833,2869,0.28763154704994,333,138,210000,253369.565217391,10.5488371415714,TRUE,NA
"Beta centre-high",2,202123,391,800,210000,102833,2869,0.391322437421591,800,358,210000,234636.87150838,7.01549198469208,TRUE,NA
"Beta centre-high",2,202123,392,333,210000,107774,2720,0.298373936755754,333,197,210000,177487.30964467,9.46443966874167,TRUE,NA
"Beta centre-high",2,202123,392,800,210000,107774,2720,0.401778465373933,800,451,210000,186252.771618625,6.59220114192834,TRUE,NA
"Beta centre-high",2,202123,393,333,210000,108967,2908,0.28254188321555,333,156,210000,224134.615384615,10.144789846321,TRUE,NA
"Beta centre-high",2,202123,393,800,210000,108967,2908,0.38387542916863,800,359,210000,233983.286908078,7.00994437187391,TRUE,NA
"Beta centre-high",2,202123,394,333,210000,102889,2835,0.297970642490801,333,162,210000,215833.333333333,10.027092898003,TRUE,NA
"Beta centre-high",2,202123,394,800,210000,102889,2835,0.405117477793226,800,395,210000,212658.227848101,6.82646486767687,TRUE,NA
"Beta centre-high",2,202123,395,333,210000,105601,2825,0.288832061782027,333,172,210000,203284.88372093,9.84650861001883,TRUE,NA
"Beta centre-high",2,202123,395,800,210000,105601,2825,0.391820748808325,800,402,210000,208955.223880597,6.79409955652486,TRUE,NA
"Beta centre-high",2,202123,396,333,210000,101873,2850,0.295888872593518,333,184,210000,190027.173913043,9.65204760713552,TRUE,NA
"Beta centre-high",2,202123,396,800,210000,101873,2850,0.39697154159232,800,409,210000,205378.973105134,6.76269507253102,TRUE,NA
"Beta centre-high",2,202123,397,333,210000,106133,2815,0.288101624933509,333,136,210000,257095.588235294,10.599226796713,TRUE,NA
"Beta centre-high",2,202123,397,800,210000,106133,2815,0.392420075235327,800,364,210000,230769.230769231,6.982599398931,TRUE,NA
"Beta centre-high",2,202123,398,333,210000,103357,2887,0.294383131112282,333,162,210000,215833.333333333,10.027092898003,TRUE,NA
"Beta centre-high",2,202123,398,800,210000,103357,2887,0.392835942422199,800,377,210000,222811.671087533,6.91443170711925,TRUE,NA
"Beta centre-high",2,202123,399,333,210000,105533,2901,0.290986706062708,333,174,210000,200948.275862069,9.8125155434919,TRUE,NA
"Beta centre-high",2,202123,399,800,210000,105533,2901,0.402866535974654,800,421,210000,199524.940617577,6.71097131677406,TRUE,NA
"Beta centre-high",2,202123,400,333,210000,104562,2779,0.292606962051135,333,171,210000,204473.684210526,9.86375836520729,TRUE,NA
"Beta centre-high",2,202123,400,800,210000,104562,2779,0.401006140035587,800,399,210000,210526.315789474,6.80785014046491,TRUE,NA
